Plot,time,NDVI,DFI,NDTI,SATVI,NDII7,SAVI,RDVI,MTVI1,NCI,NDCI,PSRI,NDWI,EVI,TCBI,TCGI,TCWI,BAI_126,BAI_136,BAI_146,BAI_236,BAI_246,BAI_346,BLUE,GREEN,RED,NIR1,SWIR1,SWIR2,NA_pct
E Weiss-NE,2018-11-02,,,,,,,,,,,,,,,,,,,,,,,,,,,,,1.0
E Weiss-NE,2018-11-03,,,,,,,,,,,,,,,,,,,,,,,,,,,,,1.0
E Weiss-NE,2018-11-08,,,,,,,,,,,,,,,,,,,,,,,,,,,,,1.0
E Weiss-NE,2018-11-13,0.2196390058057492,17.070629581540206,0.1546771870645564,0.20180817145057658,-0.12988573220155267,0.11321825947902116,11.248087143443568,0.05136819527896996,0.5502800101534171,0.46936265682700457,0.1260631550387505,-0.2789242371576106,0.11082194428697688,0.336210923623927,0.01296420845761803,-0.24589649508315453,160.27573651398552,160.36967568231853,152.89367535942435,161.52591480951224,152.5360452555208,150.7353268938221,644.2626072961374,836.4007510729614,1041.3937768240344,1620.1931330472103,2862.2736051502147,2097.776287553648,0.0
E Weiss-NE,2018-11-18,,,,,,,,,,,,,,,,,,,,,,,,,,,,,1.0
E Weiss-NE,2018-11-23,0.27943634706224807,11.411921141550902,0.11325171159885764,0.08152543601216525,0.007389434455464561,0.07886371169486413,9.510433417768708,0.02399815384615385,0.5419791237792768,0.3744174780975457,0.19595515712866693,-0.10585771495025435,0.06722338124728991,0.12648304153846157,0.01739741384615385,-0.07649515538461539,164.42007474134897,162.57968208006176,159.14103501930214,161.9738964467078,158.85512381487413,158.8401731832385,161.69230769230768,275.6923076923077,421.0769230769231,745.2307692307693,920.7692307692307,734.1538461538462,0.9930257510729614
E Weiss-NE,2018-11-28,,,,,,,,,,,,,,,,,,,,,,,,,,,,,1.0
E Weiss-NE,2018-12-04,,,,,,,,,,,,,,,,,,,,,,,,,,,,,1.0
E Weiss-NE,2018-12-08,,,,,,,,,,,,,,,,,,,,,,,,,,,,,1.0
E Weiss-NE,2018-12-13,,,,,,,,,,,,,,,,,,,,,,,,,,,,,1.0
E Weiss-NE,2018-12-18,0.2083650941534805,18.46583669348283,0.16469406592400074,0.20392465344240157,-0.13461680990350247,0.10419934956677201,10.425156171099228,0.04558667990832696,0.5502789291289725,0.47215965702208723,0.12507907172593155,-0.2928258139406503,0.10187243393738778,0.3216077236287242,0.009885117417876248,-0.23717264097784568,160.82676510566034,161.23056303482446,154.9488363740113,162.57943140729458,154.8066585857555,153.25842128240433,626.4102368220015,808.0679908326968,998.90756302521,1522.2245989304813,2776.6974789915967,1992.8831168831168,0.2977467811158798
E Weiss-NE,2018-12-20,0.20672267220787333,17.276057727415683,0.15203410106276688,0.1908623961124086,-0.12495811187874033,0.1067462181299811,10.600297093782883,0.05004919957081545,0.5251673804581768,0.45287309489321675,0.11383162360685885,-0.27182387486539966,0.10564663730782087,0.33417372225053654,0.010020028599785416,-0.23701316497049357,158.70208605027514,160.74180564507677,153.91067471011092,163.58491633423532,154.13728555246706,152.01881644998844,670.9069206008584,870.2325643776824,1053.4831008583692,1599.5684012875536,2785.2502682403433,2051.497049356223,0.0
E Weiss-NE,2018-12-23,,,,,,,,,,,,,,,,,,,,,,,,,,,,,1.0
E Weiss-NE,2018-12-28,,,,,,,,,,,,,,,,,,,,,,,,,,,,,1.0
E Weiss-NE,2019-01-05,,,,,,,,,,,,,,,,,,,,,,,,,,,,,1.0
E Weiss-NE,2019-01-07,,,,,,,,,,,,,,,,,,,,,,,,,,,,,1.0
E Weiss-NE,2019-01-12,0.26051603671558543,18.675516698852093,0.1873495460953459,0.08178432829177824,0.17459687043017547,0.14940271447407313,14.531737808656068,0.057664999999999994,0.4244308438447937,0.266422683021143,0.1803782898899721,-0.012320904805827879,0.13013852830904196,0.34857311166666677,0.047497209166666686,-0.14317201916666666,136.93928219446934,135.08524318289597,127.90889817813037,136.48143629487774,128.92545002754167,129.954808668631,578.5833333333334,934.5,1320.0833333333333,2138.25,2176.6666666666665,1485.8333333333333,0.9967811158798283
E Weiss-NE,2019-01-17,,,,,,,,,,,,,,,,,,,,,,,,,,,,,1.0
E Weiss-NE,2019-01-21,,,,,,,,,,,,,,,,,,,,,,,,,,,,,1.0
E Weiss-NE,2019-01-27,,,,,,,,,,,,,,,,,,,,,,,,,,,,,1.0
E Weiss-NE,2019-02-01,0.16644608370594313,19.212783872366174,0.15527836231194442,0.04269782142775237,0.12480401388342213,0.10950055505699688,10.404850206434968,0.04186079999999999,0.3016269546839381,0.19546584988922378,0.14518463279777588,-0.030468924443679,0.10792643816901286,0.4118765000000001,0.023175656000000006,-0.15871218800000003,135.65877715760604,136.74753628405952,133.6372035537348,140.52563428001096,135.98392081903566,137.11548489091655,936.6,1301.0,1633.4,2284.2,2435.8,1788.4,0.9973175965665236
E Weiss-NE,2019-02-11,,,,,,,,,,,,,,,,,,,,,,,,,,,,,1.0
E Weiss-NE,2019-02-22,,,,,,,,,,,,,,,,,,,,,,,,,,,,,1.0
E Weiss-NE,2019-02-26,,,,,,,,,,,,,,,,,,,,,,,,,,,,,1.0
E Weiss-NE,2019-03-03,,,,,,,,,,,,,,,,,,,,,,,,,,,,,1.0
E Weiss-NE,2019-03-10,,,,,,,,,,,,,,,,,,,,,,,,,,,,,1.0
E Weiss-NE,2019-03-18,,,,,,,,,,,,,,,,,,,,,,,,,,,,,1.0
E Weiss-NE,2019-03-26,,,,,,,,,,,,,,,,,,,,,,,,,,,,,1.0
E Weiss-NE,2019-03-28,,,,,,,,,,,,,,,,,,,,,,,,,,,,,1.0
E Weiss-NE,2019-04-02,,,,,,,,,,,,,,,,,,,,,,,,,,,,,1.0
E Weiss-NE,2019-04-07,0.22659756176331072,15.74916595926744,0.14337534776226193,0.20469510734457538,-0.139237015007813,0.12001980057687632,11.846715000648816,0.06317469032258063,0.5366835914088433,0.473460908714561,0.0987982593156862,-0.27705176881085536,0.11960228343539396,0.35434497899462364,0.012516810134408609,-0.2600343703602151,157.36749116363674,161.86507691370883,152.66093695068852,166.88241076891734,152.98443896675326,149.45404293190418,689.2811827956989,909.4064516129032,1078.139247311828,1699.6462365591399,2995.0,2247.196774193548,0.002145922746781116
E Weiss-NE,2019-04-12,,,,,,,,,,,,,,,,,,,,,,,,,,,,,1.0
E Weiss-NE,2019-04-17,,,,,,,,,,,,,,,,,,,,,,,,,,,,,1.0
E Weiss-NE,2019-04-22,,,,,,,,,,,,,,,,,,,,,,,,,,,,,1.0
E Weiss-NE,2019-04-27,0.2987054076041197,16.142429159610693,0.17703355538027793,0.23238787725778218,-0.04846013065574452,0.18244596695023096,17.52290837847757,0.12513089460154242,0.5369575028093092,0.48943418585852505,0.06598288661504763,-0.22357533941026267,0.18711066632916956,0.42619070089117395,0.03987736219794345,-0.2953875436546701,149.5379837678312,159.18973651792933,138.79884837041973,170.21488041505668,138.5955956862157,131.96375217786402,778.0235646958012,1076.4353041988004,1226.1923736075407,2257.3937446443874,3550.3924592973435,2487.6855184233077,0.3739270386266094
E Weiss-NE,2019-05-02,,,,,,,,,,,,,,,,,,,,,,,,,,,,,1.0
E Weiss-NE,2019-05-12,0.32181072882822603,14.301661692948528,0.16319544564056396,0.21578953274967305,-0.035163521578213924,0.17951529089139154,17.522129717100515,0.12006556866952789,0.5308110948783019,0.48800587340527646,0.05674110082553245,-0.1971892419074459,0.1822179418245974,0.36298717711641637,0.039597018232296145,-0.24700357784334764,153.37022391944825,163.20264634539336,141.18737537928024,173.63184411231612,140.46097528935817,133.12321077913558,664.9562768240344,910.8020386266095,1024.37339055794,1981.1976931330473,2951.077789699571,2128.196083690987,0.0
E Weiss-NE,2019-05-13,0.3199932308023684,14.230949916429994,0.16197222024498129,0.20749582885109283,-0.02015819765934336,0.1818799232657743,17.688409840753973,0.12526065193965516,0.5117194958461305,0.47407765152330855,0.04946776813746841,-0.18148565459322158,0.18801511594005385,0.3706420165948276,0.040524416150323275,-0.243253971640625,153.30013799693558,163.7642403094275,140.343642873831,174.88495109465745,139.521687767117,131.81688626811578,710.707974137931,955.7227909482758,1058.1616379310344,2039.0026939655172,2940.646551724138,2127.8987068965516,0.004291845493562232
E Weiss-NE,2019-05-17,,,,,,,,,,,,,,,,,,,,,,,,,,,,,1.0
E Weiss-NE,2019-05-27,,,,,,,,,,,,,,,,,,,,,,,,,,,,,1.0
E Weiss-NE,2019-05-29,,,,,,,,,,,,,,,,,,,,,,,,,,,,,1.0
E Weiss-NE,2019-06-01,0.4070589186437078,13.501579303301078,0.19245802099103537,0.22989519609196035,0.06429360757299764,0.23210538782235987,22.55540720466274,0.1725907232979388,0.5292190357954515,0.5103355921910464,0.022401603381341707,-0.12954676283362232,0.23712431091429867,0.3585373464772018,0.06500428990630858,-0.22751984405371642,148.6896776563706,164.48935726556644,131.68959756705758,181.75760811847445,130.52923032793217,121.34452811961755,604.400687070581,879.2501561524048,929.4219237976265,2182.3213616489693,2835.8975640224858,1928.2866958151155,0.14109442060085836
E Weiss-NE,2019-06-06,0.42122184333056417,13.071355393260626,0.19389106699315425,0.23389522778625071,0.06332921159537262,0.23294584540688185,22.77841897022622,0.17339815557939917,0.5348506481263442,0.5249120149602762,0.012906477718661043,-0.13185868881230112,0.2369037959404966,0.3454037265101932,0.0642524189002146,-0.22248860686158797,148.7072017533027,166.08881504908385,132.61650526768773,184.92068311239012,131.58862967279057,121.9483228490995,571.18589055794,844.6649678111588,873.6137339055794,2109.1287553648067,2757.0667918454938,1873.163626609442,0.0
E Weiss-NE,2019-06-11,,,,,,,,,,,,,,,,,,,,,,,,,,,,,1.0
E Weiss-NE,2019-06-14,,,,,,,,,,,,,,,,,,,,,,,,,,,,,1.0
E Weiss-NE,2019-06-16,,,,,,,,,,,,,,,,,,,,,,,,,,,,,1.0
E Weiss-NE,2019-06-21,,,,,,,,,,,,,,,,,,,,,,,,,,,,,1.0
E Weiss-NE,2019-06-26,,,,,,,,,,,,,,,,,,,,,,,,,,,,,1.0
E Weiss-NE,2019-06-30,,,,,,,,,,,,,,,,,,,,,,,,,,,,,1.0
E Weiss-NE,2019-07-01,0.4666314134644945,14.228397009752168,0.24340206986294347,0.25177403772106643,0.16135958860820265,0.27545838872045125,26.587357577715576,0.20316232835820897,0.572803080599059,0.5309831421169552,0.04147311537824649,-0.08515382064253221,0.2741763607113023,0.3552178126865672,0.09175073764925375,-0.21550401694029853,148.44320845515824,160.31339303803458,122.28474531535588,173.70908996310604,120.09763567545734,112.0361017567589,502.57089552238807,771.2164179104477,868.5746268656717,2384.89552238806,2827.365671641791,1722.0708955223881,0.9281115879828327
E Weiss-NE,2019-07-06,0.40811417414899775,14.46345786464503,0.20953814780631552,0.23241644744153406,0.07910833865118526,0.22828329228442615,22.267835908228328,0.16434975542168673,0.5426708311806613,0.513352624305493,0.033939068969986975,-0.13233359029461142,0.22976512100558563,0.3448506519849398,0.0650621030180723,-0.21881940234638556,149.6384515397609,163.19310332926352,131.6907401614679,178.0500857888659,130.33042804713054,121.61078344676778,563.6253012048193,825.8295180722891,896.6406626506024,2114.6704819277106,2762.001204819277,1814.1213855421686,0.10944206008583691
E Weiss-NE,2019-07-11,0.38303501358165937,14.140328854848102,0.18992316566038978,0.2324834592635543,0.03390542336261417,0.21844126394830812,21.228625000363163,0.1528140615199035,0.5526160232085042,0.5095146187212626,0.051375724647199986,-0.15683662670833617,0.2181263632221621,0.36272853675814243,0.05997170889927624,-0.23998423625452353,150.3082698290529,161.38985341551108,133.3190402981697,173.72581590463773,132.08520190223044,124.22152002903742,588.4972858866104,857.7285886610374,967.1860675512665,2146.973763570567,2944.979191797346,2012.8054885404101,0.11051502145922747
E Weiss-NE,2019-07-16,0.4028720969831163,15.791821817860846,0.22845418993241512,0.2153525784178717,0.13796532415260512,0.23182021905748412,22.48006967793175,0.164236982832618,0.5230776166064773,0.47841578609331503,0.048608439636799984,-0.0930703981849765,0.22888880913115373,0.3438460027387339,0.07164441541845495,-0.19903979351394852,145.8006460849159,157.63862762186997,127.52380817879458,171.24774122826847,126.33778912872295,118.35013977377996,543.5665236051502,828.7875536480686,935.1137339055794,2190.835032188841,2642.8057939914165,1662.491416309013,0.0
E Weiss-NE,2019-07-21,,,,,,,,,,,,,,,,,,,,,,,,,,,,,1.0
E Weiss-NE,2019-07-26,0.3517410962009953,16.055001993999756,0.20263584963714418,0.228395212733737,0.039954286332097445,0.20914246699699418,20.17006225593802,0.14204155877616748,0.5458808826490696,0.4875774500410068,0.07112434422565453,-0.1639437171287262,0.2067218862659794,0.38544586609769194,0.05839826758454107,-0.24941172630434782,147.56591587839713,156.28642867007446,131.9488416048993,166.5373733402582,131.08697021363207,124.32134710702731,628.7045088566828,924.7984433709072,1084.507514761138,2243.925389157273,3122.8553408480943,2078.0877616747184,0.000536480686695279
E Weiss-NE,2019-07-31,,,,,,,,,,,,,,,,,,,,,,,,,,,,,1.0
E Weiss-NE,2019-08-05,0.361384970867239,16.714896324761742,0.21793670201128792,0.23490850854830653,0.04615408858999102,0.20320729516455469,19.798978138161527,0.13478707403433476,0.5583459521192113,0.5032867634860374,0.06740284878902586,-0.1734426429273063,0.19936006479338755,0.3530945860783262,0.05566983127682404,-0.23244354785407728,149.58543756569787,158.45823637823716,134.0654564031212,168.4091428582263,133.030913548234,125.94609060944096,567.4627145922747,834.1048819742489,973.4839055793991,2060.49919527897,2924.9790772532187,1883.3862660944205,0.0
E Weiss-NE,2019-08-10,0.3414761047378619,16.043568244195612,0.19659510965325397,0.23482575099937475,0.002328850382065313,0.1955895815866702,18.992840015798823,0.12903884549356223,0.5583281135574076,0.5022293768390291,0.07156183570325832,-0.19432765996917803,0.19387501183807082,0.37292785576716736,0.050015860549892724,-0.25385173459227467,150.92749854407515,159.06981460154643,136.21760029463996,168.21154246126324,135.2544053508221,128.49934567476436,621.5203862660944,888.8441523605151,1039.6349248927038,2099.094688841202,3108.6912553648067,2093.7073497854076,0.0
E Weiss-NE,2019-08-15,0.3754014006800376,15.148829881789704,0.19968174834747665,0.13932008711719907,0.12492751623017231,0.14156089549265788,15.405305010277248,0.08639506038291604,0.5051853280627072,0.4384273690349898,0.06981004271361212,-0.07556239404983162,0.1347973951785176,0.21932905235272457,0.0368765326988218,-0.13206175058910163,157.30141104080417,164.3834724480058,147.8204017967938,171.74065694813248,147.3054988054989,141.45494314925324,358.1476435935199,537.6244477172312,626.7503681885125,1323.2691458026509,1698.0953608247423,1129.769882179676,0.27145922746781115
E Weiss-NE,2019-08-17,0.32762651055940195,15.16094244532664,0.17762268604095968,0.22076244018651467,-0.011587224003527706,0.18862393278267905,18.297871395514274,0.12517693454935622,0.5389978519687507,0.486146709473486,0.06815682634183329,-0.18880539359134038,0.19047390128165279,0.37655174864538626,0.04552639895922748,-0.2525142245761803,152.69895119790846,160.63373985313956,137.97335484859823,169.37181033290412,136.91155806562784,130.07111939441586,671.4940987124463,924.737660944206,1068.2266630901288,2092.9573497854076,3065.224517167382,2147.607296137339,0.0
E Weiss-NE,2019-08-20,0.32723747234651995,16.417670039363262,0.19436575587478366,0.23115356766007963,-0.0033494547857770935,0.19066644112493336,18.45321551626318,0.12380005714285713,0.5539619885071383,0.4927210878100916,0.07917801127997692,-0.1975816971410495,0.18913572190985498,0.3822995175283019,0.048139941277628044,-0.2589993191644205,150.73649338228242,157.80714000355624,136.35257115421402,165.8880721352399,135.45144281956857,129.17799499508598,647.0067385444744,917.5614555256064,1086.7390835579515,2129.737466307278,3175.164150943396,2146.640970350404,0.004828326180257511
E Weiss-NE,2019-08-25,0.3093795279952704,16.620329424106338,0.18836468607049894,0.23178988532298475,-0.03455870969064077,0.1760091132392248,17.111512877693443,0.1094216169527897,0.5601123035953853,0.4964718607361397,0.08586301626408052,-0.22149573103493736,0.17367517587079287,0.3752763761158799,0.04051627056062233,-0.2626895397746781,152.18958759717094,158.4347822530435,139.72996244751835,165.5514176768903,139.02776851291972,133.24457704878404,641.0879828326181,901.0297746781116,1075.3964592274679,2024.1660407725321,3171.8406652360513,2171.669796137339,0.0
E Weiss-NE,2019-08-30,0.29873339622088113,16.95054703272441,0.1872280924431587,0.22263486648640216,-0.02384046465558502,0.1751744041467555,16.93438081408816,0.10563929001074114,0.5531975508748165,0.47856297104222406,0.0998490938905363,-0.21013455567015285,0.1719331333644372,0.3881086445891515,0.04182268475832439,-0.2644348065574651,151.15286825245096,155.48926897751474,138.06214926219505,160.91315651620627,137.33681659431335,132.39919006647466,662.9718045112782,933.2677228786251,1144.2588614393126,2106.438775510204,3223.4812030075186,2210.9334049409235,0.001072961373390558
E Weiss-NE,2019-09-02,0.2853803500300317,15.785373359436708,0.16677750204080652,0.2162782900695899,-0.055636094371129055,0.1666792468172287,16.127102882751267,0.10017416201716738,0.5457097735576113,0.4754560494930509,0.09665600914629065,-0.22037401382887348,0.16616793694716672,0.3924657115477468,0.035489461939377694,-0.27187151822693134,153.57133817608457,157.7467189876104,141.0646219737738,162.85733673159464,140.29810334013945,135.37170853332657,704.8945815450644,960.1325107296137,1161.6547746781116,2075.6244635193134,3244.1523605150214,2321.4796137339054,0.0
E Weiss-NE,2019-09-04,0.27816053130105445,17.57702833119358,0.18540294834397822,0.22353944845792317,-0.04764075607747095,0.1625744915331078,15.725815392699065,0.09428958798283261,0.5536383949233779,0.47813371267580623,0.10544127453682813,-0.23102417532930777,0.1602453319184297,0.39189913095493567,0.035167141113197437,-0.27231872362124465,152.33879009004843,155.82526564632792,140.62545733125637,160.38171514842398,140.03862546584725,135.67450104036956,690.019313304721,952.1633583690987,1170.3693669527897,2061.5480150214594,3295.7218347639487,2268.6955472103004,0.0
E Weiss-NE,2019-09-09,0.28657928500757784,16.80166360133999,0.17944708402126242,0.2246153209499336,-0.0498071437699767,0.16781205764360044,16.226521956321573,0.0995678035426731,0.555581268574107,0.4821988208580762,0.10131145425439124,-0.22723906759443957,0.16634274862250617,0.39293026066290937,0.03685159577831455,-0.2746599648201825,153.31869681670912,156.93944157594564,140.41299910685632,161.5222620883796,139.57030361763046,134.8437092043271,691.3773483628556,946.8864734299517,1158.6612989801395,2079.527106816962,3299.703435319377,2299.654589371981,0.000536480686695279
E Weiss-NE,2019-09-14,,,,,,,,,,,,,,,,,,,,,,,,,,,,,1.0
E Weiss-NE,2019-09-18,0.28509422038271065,15.297804447222955,0.1612009570078581,0.2138145102738206,-0.05944610866400337,0.166961645635394,16.14783173265779,0.10028668454935624,0.5445924656078603,0.4737761502231973,0.09723422248856124,-0.21859522645259208,0.16617436404244226,0.3949297286158799,0.03534791245171675,-0.27376759224248925,153.3213683497622,157.57657492777108,141.08323894011204,162.77547904054845,140.39289195824557,135.53173291742934,706.5777896995709,966.3953862660944,1170.431330472103,2087.9055793991415,3251.0319206008585,2354.672210300429,0.0
E Weiss-NE,2019-09-19,0.28825255112547854,16.863860979500803,0.18152494780065107,0.22507232307801545,-0.04662528869071479,0.16864882375778667,16.311953869203197,0.10007746673819741,0.5565097666923996,0.4826640613643555,0.10166137844437552,-0.2262663336200596,0.16652746285830444,0.39307339641362665,0.03747169388412018,-0.27401762782725325,152.6835249837233,156.4812309291506,140.04399851418955,161.2703623976339,139.30442164772228,134.6286235187137,686.1019313304721,947.1893776824035,1160.0625,2085.657457081545,3300.0359442060085,2290.9087982832616,0.0
E Weiss-NE,2019-09-24,,,,,,,,,,,,,,,,,,,,,,,,,,,,,1.0
E Weiss-NE,2019-09-29,0.3240670344463746,17.98274368660253,0.21454944181212113,0.22968896154470722,0.010889637166659123,0.177450581628852,17.3824891847288,0.10649566684578182,0.5675240887062881,0.4953045866590325,0.0937787492292387,-0.20405655729768327,0.17161896050570255,0.34208990249596993,0.04500070443310049,-0.23222476724073082,152.4052950267547,157.30714794942796,138.3254663629121,163.0420714821295,137.32776781526715,131.8270601501716,558.5271359484149,800.2224610424503,979.8060182697475,1913.9081139172488,2891.203385276733,1870.725147770016,0.001609442060085837
E Weiss-NE,2019-10-04,0.3036154566751037,17.50598168872568,0.1978944024163265,0.22614404369228552,-0.022976553250436366,0.16759938006627703,16.39176281151546,0.10112141523605149,0.5560894516985927,0.4907335588057085,0.08881657286749595,-0.21988046616554924,0.16482605517146273,0.35496920297746787,0.03815175479613735,-0.24465660075107298,153.2173613822348,158.7390834332023,140.99367490742554,164.99053488931384,140.25403172837827,134.7884046915643,617.7196888412017,858.7073497854077,1029.3047210300429,1916.3505901287554,2992.8894849785406,2009.109442060086,0.0
E Weiss-NE,2019-10-14,0.29161247417244796,17.250799760287606,0.1889346971708891,0.22119181227891327,-0.03436913397208835,0.16346492447357838,15.936491748099284,0.09628143025751072,0.5530589306452044,0.48248645861942774,0.09720249990281844,-0.22187879053706572,0.16123880492263942,0.36328438947156655,0.036135967671673826,-0.2504601728353005,154.04394276628432,158.17272317346251,141.54831992985027,163.10463996011217,140.73177565175223,135.91017369921673,643.0142167381974,880.2840665236051,1068.719957081545,1941.4798819742489,3044.3141094420603,2081.8312768240344,0.0
E Weiss-NE,2019-10-19,0.2951784450220633,17.06046630383568,0.1881582250374645,0.2181799055341634,-0.024863044870272643,0.16728248258544048,16.273938016947767,0.09624819527896995,0.5575644755768377,0.4777073023617393,0.10772997550375613,-0.2119577556656578,0.16360938744302408,0.36583162158261806,0.03906235386802576,-0.24991542429184552,154.17977225289582,156.6472574071243,140.09615967593737,160.13446237753863,139.04448056221833,134.7335207527812,632.3927038626609,869.6609442060086,1082.729077253219,1981.9431330472103,3044.4965128755366,2086.320278969957,0.0
E Weiss-NE,2019-10-20,,,,,,,,,,,,,,,,,,,,,,,,,,,,,1.0
E Weiss-NE,2019-10-24,,,,,,,,,,,,,,,,,,,,,,,,,,,,,1.0
E Weiss-NE,2019-11-03,,,,,,,,,,,,,,,,,,,,,,,,,,,,,1.0
E Weiss-NE,2019-11-05,,,,,,,,,,,,,,,,,,,,,,,,,,,,,1.0
E Weiss-NE,2019-11-08,,,,,,,,,,,,,,,,,,,,,,,,,,,,,1.0
E Weiss-NE,2019-11-13,0.30129643164335,18.34681104274259,0.20740209095762577,0.23436882751625476,-0.017971193537589452,0.17212548276633444,16.71794950125365,0.09537989573459715,0.5843202357543795,0.49270337975200706,0.12274780633749142,-0.2244778143731193,0.16719324017480894,0.3696391781042654,0.042661921445497644,-0.2588322247867299,156.62003583475214,155.74581930803024,138.83804932627658,156.36556304027252,137.12413171197204,133.38084323945282,616.6777251184834,835.1161137440758,1081.654028436019,2011.0971563981043,3171.3909952606637,2085.7322274881517,0.7736051502145923
E Weiss-NE,2019-11-18,0.28532120466102595,18.708512796215583,0.20353455472189386,0.21629921813129813,-0.017642875566296474,0.15519405596492236,15.226835800292978,0.07927990879828326,0.5745172436456873,0.4759287266351913,0.13295967761569094,-0.22029740120844724,0.14778983150072078,0.33877498147532187,0.036973453248390575,-0.23253967118025753,156.05231345308505,155.00472382899085,141.32885425857754,155.53197125409716,140.04049357543101,137.06245128746357,562.2263948497854,776.8693669527897,1020.8068669527897,1835.6274141630902,2865.315450643777,1897.580203862661,0.0
E Weiss-NE,2019-11-21,,,,,,,,,,,,,,,,,,,,,,,,,,,,,1.0
E Weiss-NE,2019-11-23,0.3153519274788172,18.832459713905443,0.22160796934995752,0.214901618651093,0.050213018887464954,0.1831721018047103,17.73758192212746,0.09503542857142858,0.5810817169643404,0.45933182854668136,0.1505229922627069,-0.17224692383145548,0.16864931762557855,0.3634523221428572,0.05415206928571429,-0.23373317619047618,150.8777153578861,148.1623935193735,132.60545684338908,147.82745637159246,131.18352446936234,128.67409987834623,537.952380952381,794.7857142857143,1108.595238095238,2108.5238095238096,2988.5238095238096,1900.3095238095239,0.9774678111587983
E Weiss-NE,2019-11-28,,,,,,,,,,,,,,,,,,,,,,,,,,,,,1.0
E Weiss-NE,2019-12-03,,,,,,,,,,,,,,,,,,,,,,,,,,,,,1.0
E Weiss-NE,2019-12-07,,,,,,,,,,,,,,,,,,,,,,,,,,,,,1.0
E Weiss-NE,2019-12-08,,,,,,,,,,,,,,,,,,,,,,,,,,,,,1.0
E Weiss-NE,2019-12-13,,,,,,,,,,,,,,,,,,,,,,,,,,,,,1.0
E Weiss-NE,2019-12-18,,,,,,,,,,,,,,,,,,,,,,,,,,,,,1.0
E Weiss-NE,2019-12-23,,,,,,,,,,,,,,,,,,,,,,,,,,,,,1.0
E Weiss-NE,2020-01-02,,,,,,,,,,,,,,,,,,,,,,,,,,,,,1.0
E Weiss-NE,2020-01-07,,,,,,,,,,,,,,,,,,,,,,,,,,,,,1.0
E Weiss-NE,2020-01-08,,,,,,,,,,,,,,,,,,,,,,,,,,,,,1.0
E Weiss-NE,2020-01-12,,,,,,,,,,,,,,,,,,,,,,,,,,,,,1.0
E Weiss-NE,2020-01-17,,,,,,,,,,,,,,,,,,,,,,,,,,,,,1.0
E Weiss-NE,2020-01-24,,,,,,,,,,,,,,,,,,,,,,,,,,,,,1.0
E Weiss-NE,2020-02-16,,,,,,,,,,,,,,,,,,,,,,,,,,,,,1.0
E Weiss-NE,2020-02-21,,,,,,,,,,,,,,,,,,,,,,,,,,,,,1.0
E Weiss-NE,2020-02-25,,,,,,,,,,,,,,,,,,,,,,,,,,,,,1.0
E Weiss-NE,2020-03-02,,,,,,,,,,,,,,,,,,,,,,,,,,,,,1.0
E Weiss-NE,2020-03-07,0.22489694852820682,17.898657034132107,0.1652924355256725,0.19910147279485663,-0.08958859395035937,0.12615300459727896,12.29719008026707,0.05562369205658324,0.5469680778508699,0.4504990851458221,0.14345770472109967,-0.25119215602275774,0.12135401745746388,0.36853246426006536,0.02055649441512514,-0.2582173275897715,154.66799952284043,153.90798432552037,146.55840110141483,154.79661169169063,146.4135036140431,145.27869878027545,664.7276931447225,903.9249183895539,1169.370239390642,1843.2116430903156,3077.7056583242656,2206.016594124048,0.013948497854077254
E Weiss-NE,2020-03-12,,,,,,,,,,,,,,,,,,,,,,,,,,,,,1.0
E Weiss-NE,2020-03-17,0.24636481252449124,18.207941112834657,0.1761343703636813,0.14473587506945734,-0.04403167755312815,0.09093733919215494,9.941021450119472,0.0334263781512605,0.5516272108309938,0.439508576394235,0.1560494913544694,-0.21821658755560436,0.0813295590741995,0.1989728736764706,0.016724211344537818,-0.13297095016806723,160.7166385992524,160.58290010493533,155.988684148575,161.52514950126508,156.05138557717234,155.2863044994445,324.0451680672269,475.40861344537814,639.53256302521,1049.4611344537816,1627.9338235294117,1135.5252100840337,0.4892703862660944
E Weiss-NE,2020-03-22,0.22669694885104477,18.03079108586363,0.16758401087671254,0.20834180111080833,-0.09996688590673149,0.12761764510568363,12.430029734267286,0.061112985524728575,0.5468191708451331,0.4621807610589678,0.12818527788138506,-0.26318841104572444,0.12463648557520557,0.3756727194119421,0.01917531242460797,-0.26780274815138727,154.75329019606883,155.7990144153993,147.46866694731918,158.0825265301094,147.47090323867607,145.455313338941,693.0512665862485,933.4420989143547,1171.9502412545235,1854.729794933655,3177.84861278649,2266.895355850422,0.11051502145922747
E Weiss-NE,2020-03-27,,,,,,,,,,,,,,,,,,,,,,,,,,,,,1.0
E Weiss-NE,2020-03-28,,,,,,,,,,,,,,,,,,,,,,,,,,,,,1.0
E Weiss-NE,2020-04-01,,,,,,,,,,,,,,,,,,,,,,,,,,,,,1.0
E Weiss-NE,2020-04-06,,,,,,,,,,,,,,,,,,,,,,,,,,,,,1.0
E Weiss-NE,2020-04-13,,,,,,,,,,,,,,,,,,,,,,,,,,,,,1.0
E Weiss-NE,2020-04-16,,,,,,,,,,,,,,,,,,,,,,,,,,,,,1.0
E Weiss-NE,2020-04-21,0.26805821395925955,16.50313966499665,0.1682922812698277,0.21326784569275667,-0.06387357896732083,0.156046809053431,15.100798143828477,0.09266443414358394,0.5359297178029391,0.4689935506403246,0.09499592033187652,-0.2297525555059095,0.15549197262930398,0.38964401286885253,0.03050025307235727,-0.2694805771226682,151.98608798566764,157.3488938833175,142.73403168612822,163.60910137182637,142.59580337313886,137.90760367011765,712.9106840022612,977.6933295647258,1169.996325607688,2021.8275862068965,3225.487846240814,2299.557094403618,0.050965665236051505
E Weiss-NE,2020-04-26,,,,,,,,,,,,,,,,,,,,,,,,,,,,,1.0
E Weiss-NE,2020-04-29,0.2939824630715413,15.123743432507517,0.1630332643140243,0.20378006939287968,-0.0277678402334431,0.1744287882524682,16.824674373417974,0.1155148873390558,0.5107658146343664,0.4586274960145207,0.0701751576607331,-0.1899164575478958,0.17760374144246155,0.3944508962741417,0.03836564794796138,-0.2579960074597639,150.14111773003526,158.82053043241376,139.4148751153612,168.60142620370164,139.17917254842797,132.8577305483521,741.6598712446352,1019.0528433476395,1168.898068669528,2133.4171137339054,3131.740611587983,2259.7301502145924,0.0
E Weiss-NE,2020-05-01,,,,,,,,,,,,,,,,,,,,,,,,,,,,,1.0
E Weiss-NE,2020-05-06,,,,,,,,,,,,,,,,,,,,,,,,,,,,,1.0
E Weiss-NE,2020-05-11,,,,,,,,,,,,,,,,,,,,,,,,,,,,,1.0
E Weiss-NE,2020-05-15,,,,,,,,,,,,,,,,,,,,,,,,,,,,,1.0
E Weiss-NE,2020-05-16,,,,,,,,,,,,,,,,,,,,,,,,,,,,,1.0
E Weiss-NE,2020-05-21,0.3805389244192121,14.232882779198098,0.19153256252100279,0.23476601846633194,0.046200277771415665,0.23197522747853994,22.275018352231424,0.17408944266495832,0.5308563832868152,0.5001930778639029,0.03778969014943501,-0.14631002562744655,0.23846740258594779,0.4012741729180013,0.06567427013773224,-0.2575139796476618,147.09954247403928,161.09636168931524,130.24471409529437,177.11217007797475,129.2959469804098,121.13953339151709,683.3023702754645,986.2873158231903,1075.7267777065983,2381.57399103139,3199.2745035233825,2180.1925048046123,0.16255364806866954
E Weiss-NE,2020-05-26,0.3688175381007553,13.545243522414106,0.17344508737902842,0.24088335063898286,0.012907996392284168,0.24145565549274386,22.96133988164986,0.1873287777777778,0.5373994040040229,0.5003962164763488,0.045224224970401364,-0.160780956093341,0.2542982940864289,0.45929591671296305,0.06879408453703706,-0.30420953055555555,148.38537410820544,160.73691825510582,128.9519148387723,175.05204248156312,127.65141212142683,119.99325733320836,800.0879629629629,1115.4027777777778,1235.726851851852,2666.972222222222,3688.689814814815,2603.759259259259,0.9420600858369099
E Weiss-NE,2020-05-31,,,,,,,,,,,,,,,,,,,,,,,,,,,,,1.0
E Weiss-NE,2020-06-05,0.3616947644054317,15.20170162454251,0.19579470150294273,0.23084047459646018,0.04512033376491718,0.22452081927091067,21.499786244140502,0.1577520776699029,0.5463099657311125,0.48745942965983596,0.07032521763864354,-0.15181763507959878,0.22425569408093435,0.4102326539266451,0.0656885347734628,-0.26383288834142393,147.31237497893423,155.86312234113063,129.23804627885903,166.01849495958004,128.14608382781628,121.51702975041694,666.4428263214671,972.6860841423949,1142.8381877022653,2422.670172599784,3290.928532901834,2220.9490291262136,0.00536480686695279
E Weiss-NE,2020-06-10,0.3457563296925309,15.15160767906245,0.18706498086094403,0.2258228891974223,0.026241840800450743,0.21516184935917998,20.597013425649802,0.14937556223175968,0.5411972815617067,0.4809642852716907,0.07348250289352377,-0.16148257100810567,0.21607348751324035,0.4161656136400215,0.06033603940718885,-0.26968976734710304,148.14729293801298,156.06706083138147,130.97136644731762,165.5628169815675,129.9701055645477,123.5198220435715,699.274678111588,1001.238465665236,1178.0796673819743,2406.9879291845496,3335.0343347639487,2292.6255364806866,0.0
E Weiss-NE,2020-06-15,,,,,,,,,,,,,,,,,,,,,,,,,,,,,1.0
E Weiss-NE,2020-06-16,,,,,,,,,,,,,,,,,,,,,,,,,,,,,1.0
E Weiss-NE,2020-06-20,,,,,,,,,,,,,,,,,,,,,,,,,,,,,1.0
E Weiss-NE,2020-06-25,0.3014804993955882,17.213666858166697,0.19255393108908872,0.22115703563442557,0.005041632335400366,0.19363813054037005,18.45808109848447,0.11863781582537516,0.5530261570756819,0.4629666984715692,0.11578287247713218,-0.18769721238746628,0.18765930348054263,0.44038713130968626,0.05367168631991816,-0.2896448649181446,146.38822357336093,149.06904523439476,131.29181932832893,153.61141589177976,130.68934079708765,126.62150507480155,710.4768076398362,1041.194747612551,1325.512278308322,2457.3966575716236,3590.4150750341064,2436.569918144611,0.21351931330472104
E Weiss-NE,2020-06-30,,,,,,,,,,,,,,,,,,,,,,,,,,,,,1.0
E Weiss-NE,2020-07-02,0.2695361551358583,16.391840579807855,0.16664749189390976,0.19052280009392325,-0.006658424242766279,0.18135269057917452,17.19654921987003,0.11547844230769229,0.5024156869220974,0.4228925455302769,0.10557597214908467,-0.17310121860914168,0.18264025070612164,0.47481184118589737,0.045745446971153854,-0.295344400849359,144.8144298213659,148.8217688862555,132.26691180287156,154.77649456847982,132.1050723454395,127.90545985161695,869.1891025641025,1218.940705128205,1492.525641025641,2590.8429487179487,3672.5080128205127,2625.019230769231,0.8326180257510729
E Weiss-NE,2020-07-05,0.27249350322136445,17.53972636908791,0.18227963683604845,0.21691280617449643,-0.03206783517409651,0.17355453137422877,16.561115110866083,0.09914759712230214,0.550380029723777,0.45880245610362275,0.12473140775563653,-0.2131367411563089,0.16890646420614924,0.4423357711241008,0.042358788764988026,-0.2986242931414868,148.05266393351778,149.65617175528658,135.32336413563962,153.04382586633326,134.92449645395712,131.6662452920649,745.6870503597122,1063.2559952038368,1358.2332134292567,2366.316846522782,3644.7005395683454,2525.0413669064747,0.10515021459227468
E Weiss-NE,2020-07-10,0.2477480535112708,17.145355910625263,0.16682867298978074,0.20637085769795235,-0.06208230590301752,0.15675179118459795,14.97239062421883,0.08596209369951535,0.5362769643697899,0.4488993119968559,0.12449953710960149,-0.2266034335858215,0.15394995957155252,0.44437377308292947,0.03228114392299408,-0.30207609026386645,148.4897657955804,150.56545558619922,138.93993646223342,154.31082798614665,139.01970520856048,136.2310113890778,788.6066235864297,1104.962843295638,1390.7054388799138,2297.218901453958,3638.541464728056,2602.8764135702745,0.0037553648068669528
E Weiss-NE,2020-07-15,0.23402237466126535,17.847482510520422,0.16838310704117743,0.18606540958216428,-0.03219848332868962,0.1614022564480941,15.277663494993254,0.08761082352941177,0.5110612317387118,0.4138016692422387,0.13638036775592974,-0.19947583363490895,0.15724097833353942,0.5050866977450981,0.03729112294117648,-0.3205538109803922,141.95486211814378,143.40322299943264,133.0801330311037,147.34074613486516,133.84468020251592,132.06530594908398,892.0588235294117,1294.4313725490197,1655.0588235294117,2654.1470588235293,3971.5098039215686,2829.764705882353,0.9452789699570815
E Weiss-NE,2020-07-18,0.23589390395564658,18.069653598867397,0.1722655977278421,0.18841646540343143,-0.032132770489189444,0.15393821456699783,14.64815775963134,0.0853946169527897,0.5055721782849604,0.41892711740682054,0.12243023499917811,-0.20331017407794594,0.15320284180326063,0.4598416710863734,0.032476902449034346,-0.29173990964055796,145.90735803242328,148.130475834447,136.82013282686862,152.28949063734237,137.17495014499457,134.53735586891452,862.3192060085837,1196.7867489270386,1490.6684549356223,2402.05847639485,3623.0643776824036,2563.2159334763946,0.0
E Weiss-NE,2020-07-20,0.2516428084943072,19.888315528091024,0.2008009125816001,0.21644786076241138,-0.022342941066331917,0.16317753963309542,15.538924335346707,0.08518883731019522,0.5499360752791891,0.44839196850730934,0.14196331028993509,-0.2221925329937864,0.1556361450309312,0.45586211896601586,0.040067884045553157,-0.30323568067606654,144.65641727528808,145.23464793800892,134.19581816928223,148.0878205282556,134.42529190936835,132.50122841061767,753.02856109906,1106.5741142443962,1447.9859002169198,2409.437816341287,3780.0918293564714,2521.2227042660884,0.2580472103004292
E Weiss-NE,2020-07-25,,,,,,,,,,,,,,,,,,,,,,,,,,,,,1.0
E Weiss-NE,2020-07-30,0.2378730768943679,19.61074735611548,0.1900890081394398,0.22075358381617918,-0.06534092709365712,0.1462670522938744,14.029238824174008,0.07351029215896884,0.5540044589026564,0.46206657174732996,0.13563125987529595,-0.25228303652586875,0.14189744143952351,0.42804367353114936,0.028808510856605813,-0.2984268033861439,149.3926575937398,150.22167869374263,140.5584872871619,152.8116550301256,140.6651943790358,138.70246048773498,747.6828678839958,1048.0413533834587,1342.2287862513426,2171.419978517723,3630.2236842105262,2474.0263157894738,0.001072961373390558
E Weiss-NE,2020-08-03,,,,,,,,,,,,,,,,,,,,,,,,,,,,,1.0
E Weiss-NE,2020-08-04,0.22668927015620355,18.83503491713184,0.17608870408734742,0.21609447782195684,-0.08935168112307419,0.13851176196613954,13.298312781266086,0.06627282428801719,0.55295955025255,0.4603492242340679,0.13956562369188952,-0.26129054840287136,0.13477184161276434,0.4275776503842021,0.02393757747178937,-0.3029143615233746,150.95743050555862,151.17885510897477,142.88599619237928,153.13972316654335,143.01884461277737,141.57112870527774,759.5333154218163,1049.511552928533,1346.3570660934981,2128.1676518001073,3626.7178936055884,2543.2982267598068,0.001609442060085837
E Weiss-NE,2020-08-09,0.2142918085789513,18.100158897966352,0.16310595385727225,0.20464423083279798,-0.09870864138467046,0.13362157445386771,12.791308209143315,0.06383048175965664,0.5362903256942783,0.44692720954164306,0.1363139536150288,-0.25764017056729904,0.13129248910247832,0.4431960068293992,0.02025117564914164,-0.30951679649678115,149.8272941778752,150.8099842249709,143.53953202503746,153.50516200314513,144.08808843758248,142.81739529165748,813.8884120171674,1119.591738197425,1416.932135193133,2182.3181330472103,3689.127950643777,2657.797210300429,0.0
E Weiss-NE,2020-08-14,0.21018929630385103,18.20797998577523,0.1624752604430809,0.19878092797682487,-0.09147176284149222,0.13411182215090564,12.79850825727426,0.0609566974248927,0.533519887541858,0.43708457741644063,0.14599332019064398,-0.25020285424154587,0.1311030205196778,0.45686662125,0.021411909192596577,-0.3142055315236052,148.91941976909686,148.69906853305437,142.05369511167785,150.50068622944423,142.56822748402007,141.98603576744677,833.6512875536481,1151.5523068669527,1481.9348175965665,2263.159603004292,3765.366416309013,2715.3044527896996,0.0
E Weiss-NE,2020-08-19,,,,,,,,,,,,,,,,,,,,,,,,,,,,,1.0
E Weiss-NE,2020-08-24,0.2190875607816155,18.64821172199044,0.17067320646191766,0.21274647947044606,-0.09548363910569645,0.13723645776604756,13.125947210522817,0.0643721568627451,0.5487883082024734,0.4547727190249048,0.1427194782011789,-0.26190793138589996,0.13528555526198963,0.4447220659150327,0.02246553281045753,-0.31448566944444445,152.26676717128103,151.20683411277795,143.09357027923986,152.0435641565958,142.9270959233702,141.84662863822385,813.6013071895425,1095.3006535947713,1409.8562091503268,2197.653594771242,3752.7614379084966,2660.598039215686,0.9179184549356223
E Weiss-NE,2020-08-29,0.20821450564005456,20.34351005623358,0.1842705773736889,0.201628442537934,-0.06485040637073067,0.13409902883228772,12.781623308226735,0.057360156492785794,0.5356391042092312,0.43194186187138767,0.1559227441787721,-0.24618439054603847,0.12944530476011937,0.4581420899611543,0.024375010319089906,-0.3080226396198668,146.97052391962814,145.81340186398887,139.7134444494924,147.02525838687635,140.283089501557,140.33617598573227,820.7294672586015,1150.455049944506,1508.7028301886792,2295.139012208657,3786.8351831298555,2611.0837957824638,0.033261802575107295
E Weiss-NE,2020-09-03,0.1985645523087947,20.409277416727033,0.1804183232087489,0.1916206895851264,-0.06101259724968081,0.1311396314841958,12.461905285923674,0.052201110091743115,0.525713248463534,0.41730445466937777,0.16318418282354513,-0.23880135682889028,0.12674683339746762,0.4745127799541285,0.02346441551223243,-0.3123365882874618,146.08696738853925,144.00000438783496,138.8401680762476,144.59926188985787,139.48648267447956,140.31665649790227,862.1896024464831,1204.1811926605506,1592.8593272171254,2376.43501529052,3861.3922018348626,2682.493119266055,0.6491416309012875
E Weiss-NE,2020-09-04,0.1966323831224579,18.97272418755986,0.16518789259060135,0.1807751288924378,-0.06846566892982586,0.1284294928751253,12.22145942607603,0.05865220171673819,0.5014688318105384,0.4088763025977602,0.14011888789225752,-0.2310566555360717,0.12838136237980463,0.4683388232457082,0.019181744192596575,-0.3025586819501073,147.67466429713164,147.61125098486542,141.30853310637318,149.62795151641026,141.9976847551016,141.5276140854714,920.8395922746781,1240.3259120171674,1567.1993025751074,2328.6190987124464,3720.9501072961375,2668.377145922747,0.0
E Weiss-NE,2020-09-13,,,,,,,,,,,,,,,,,,,,,,,,,,,,,1.0
E Weiss-NE,2020-09-18,,,,,,,,,,,,,,,,,,,,,,,,,,,,,1.0
E Weiss-NE,2020-09-20,0.21795357089934647,18.347278070838623,0.16778210479843783,0.18714477555721917,-0.057368908862499055,0.13767946835596326,13.156612478997042,0.07513796459227468,0.4963076641258014,0.420305441541537,0.11267669654451508,-0.22305306708877162,0.1385085946837916,0.4432704019769314,0.022719705115343353,-0.285745025431867,146.71129824956304,150.7202515701646,141.37245387237678,156.30209853075593,142.30714543479422,139.56331764942763,869.506974248927,1189.5920064377683,1442.9039699570815,2239.1166845493563,3518.8087446351933,2512.4554721030045,0.0
E Weiss-NE,2020-09-23,0.24535264932856968,18.370038392357763,0.1795216921463881,0.21590709225792698,-0.06626024046469244,0.1501186063399859,14.410669284732899,0.08044799999999998,0.54512833697642,0.4605441876056342,0.12313150631496675,-0.24292800168327686,0.14751942624040087,0.4237384581896552,0.029416329956896557,-0.2935064110344828,150.26879601144145,152.22915902434647,140.97771653078922,155.61509288085716,140.92864368996356,138.10116677685104,757.6400862068965,1048.364224137931,1315.8469827586207,2164.2866379310344,3547.247844827586,2471.2887931034484,0.8755364806866953
E Weiss-NE,2020-09-28,0.24000729196199588,18.792097834776435,0.18241076958171168,0.20729289062418216,-0.04992809192854095,0.15006195960247068,14.359924514701877,0.08138579291845494,0.5293708705082305,0.44532125994465627,0.12164736675918993,-0.23029697848734346,0.14838485210044114,0.4362099305230687,0.02992833815718885,-0.2913853292006438,148.40264282688543,150.6653493210381,139.53775221969917,154.49130004176615,139.71711658399653,136.9861250157313,801.2851394849786,1107.262339055794,1380.6333154506437,2241.964324034335,3577.2001072961375,2478.098980686695,0.0
E Weiss-NE,2020-10-03,,,,,,,,,,,,,,,,,,,,,,,,,,,,,1.0
E Weiss-NE,2020-10-06,0.22537872828015726,18.408377131087693,0.1717641039937929,0.188690537338124,-0.046927212615507426,0.14240501207004488,13.608243077814404,0.07703240665236051,0.5024432113765076,0.4214712791430432,0.11792076231731498,-0.2169975444076694,0.1431166808153443,0.4407818320734979,0.02594791160139486,-0.2828023414216738,148.0925453331744,150.61521719209335,140.31981475542327,154.70070524585657,140.7190256157342,138.1326183966058,859.6958154506437,1164.268508583691,1430.9452789699571,2254.792381974249,3498.2194206008585,2476.358637339056,0.0
E Weiss-NE,2020-10-08,0.23917260558056658,18.651475214936497,0.1799718492134237,0.2126369441397129,-0.06532557618321191,0.14666614424053498,14.072662597910574,0.07394829363449691,0.5475747626583151,0.455031065215316,0.13490289094837732,-0.24248860670344108,0.14323585658923982,0.422983130349076,0.02886143129363451,-0.2919776465041068,150.9290270857215,151.12607961338313,140.94744925656,152.99011950001292,140.73558538539342,138.71843945017446,753.8352156057495,1037.1185831622176,1328.9558521560575,2158.6427104722793,3535.9661190965094,2460.1001026694044,0.47746781115879827
E Weiss-NE,2020-10-13,0.23566406354946956,19.36760120639581,0.18636000306908573,0.20544686271238102,-0.041696440281290284,0.1513067323090933,14.426932024673269,0.07773835599694423,0.5332550155497079,0.43830565222637524,0.1364990674451848,-0.22632246549365678,0.14898057293597952,0.45146576110771586,0.0320570537738732,-0.29862935197097024,148.57580147628474,148.35966396543432,137.80817947228857,150.11778599456787,137.64974118599926,135.81387838665665,822.9419404125287,1129.459129106188,1448.213139801375,2333.379679144385,3692.5347593582887,2534.812834224599,0.2977467811158798
E Weiss-NE,2020-10-23,,,,,,,,,,,,,,,,,,,,,,,,,,,,,1.0
E Weiss-NE,2020-10-28,,,,,,,,,,,,,,,,,,,,,,,,,,,,,1.0
E Weiss-NE,2020-11-02,0.22780320088386918,18.880638355317373,0.1774878725284721,0.2092252649652388,-0.08069088668556244,0.13333396414492707,12.89432698489535,0.06458777329700272,0.5432337319091693,0.4556283323182646,0.13136966527853325,-0.25456507290426766,0.1300347538880199,0.39699178002724805,0.02241473476839238,-0.27662115307629426,152.0125184096483,153.06868362903433,144.53469353360177,155.54862374721415,144.69287280022797,142.84321362733516,724.0207084468665,991.1961852861035,1252.5536784741143,1984.217166212534,3334.885558583106,2331.710899182561,0.01555793991416309
E Weiss-NE,2020-11-07,,,,,,,,,,,,,,,,,,,,,,,,,,,,,1.0
E Weiss-NE,2020-11-12,,,,,,,,,,,,,,,,,,,,,,,,,,,,,1.0
E Weiss-NE,2020-11-17,,,,,,,,,,,,,,,,,,,,,,,,,,,,,1.0
E Weiss-NE,2020-11-22,0.2232295071654559,18.858725037778694,0.17527735830277322,0.2029960118529633,-0.07544830363744767,0.1325431288391393,12.786752703964753,0.05825206521739129,0.5473751329704096,0.4458677837465849,0.15042142754050322,-0.2474843307246392,0.12721566892629424,0.40077588724335755,0.023925303544686,-0.2767724272312802,151.71736630855207,150.51026621446272,143.26157854319808,151.24599132287887,143.26739344985577,142.59202759348838,709.1802536231884,981.1681763285025,1285.6989734299516,2020.1355676328503,3342.9100241545893,2347.366847826087,0.11158798283261803
E Weiss-NE,2020-11-23,,,,,,,,,,,,,,,,,,,,,,,,,,,,,1.0
E Weiss-NE,2020-11-27,,,,,,,,,,,,,,,,,,,,,,,,,,,,,1.0
E Weiss-NE,2020-12-02,0.22808439451853643,19.006708199470975,0.17872462564810165,0.2034829327377635,-0.06786456025974556,0.13457563832168554,12.99936014689693,0.05565243490304708,0.5590210601249573,0.44670046698392163,0.16373925548834076,-0.24364257181783824,0.12746457497605232,0.39378069764542944,0.02660322729916898,-0.2724183329362881,152.62696508461124,149.48244613070523,142.33195455135206,148.78428346140606,141.95454481671365,141.80934982096505,672.9570637119114,935.8926592797784,1265.3504155124654,2008.7382271468143,3296.625,2297.506925207756,0.22532188841201717
E Weiss-NE,2020-12-07,0.20800480228012383,19.96116091637282,0.18039741656929956,0.20222763181038542,-0.08110855843806523,0.12357929547462346,11.922317057535642,0.04949324565469292,0.5453777738572455,0.4418307102563165,0.15738963012391716,-0.2577680943335732,0.11768196784979373,0.4030572676506374,0.02034397449884126,-0.27853093077636154,150.17347425267494,149.0955486583221,144.02531472614584,150.05448592891887,144.55711548298459,144.74204633639715,711.8684820393975,997.9690034762457,1313.5075318655852,1999.0440324449594,3380.5324449594436,2348.5512746234067,0.0740343347639485
E Weiss-NE,2020-12-09,0.19021557670179992,19.773823825695008,0.17084533295668505,0.17527806056678505,-0.06321965693559224,0.11557728422341142,11.109995945547135,0.051144199570815445,0.4907791065923081,0.40380519711489254,0.13317215360296114,-0.23158836307879999,0.11345201090147708,0.4130225164726395,0.015430912478540783,-0.2632021820627682,146.64285249564978,148.97311391493702,144.38933873107553,152.9983779131599,145.95836931007346,145.36215718812434,810.6472639484979,1120.1182939914163,1393.2583154506437,2044.328057939914,3271.095761802575,2317.3677575107295,0.0
E Weiss-NE,2020-12-12,,,,,,,,,,,,,,,,,,,,,,,,,,,,,1.0
E Weiss-NE,2020-12-17,,,,,,,,,,,,,,,,,,,,,,,,,,,,,1.0
E Weiss-NE,2020-12-22,0.21540026131041665,20.130314534619657,0.18512141599043982,0.19906690685008513,-0.06115995500842965,0.1288070318695556,12.414290205121578,0.04900142216358838,0.5518219930495937,0.43583549864017396,0.17108063126811374,-0.2435229771558586,0.12075933580328861,0.4010096906794195,0.025122244125989453,-0.2727139586807388,149.6608197659157,146.91960170460615,141.6102912504853,146.7175768894312,141.81150037172858,142.46521261473185,679.417216358839,968.4201846965699,1317.0686015831134,2035.0587071240107,3340.8077176781003,2297.3453166226914,0.18669527896995708
E Weiss-NE,2020-12-25,,,,,,,,,,,,,,,,,,,,,,,,,,,,,1.0
E Weiss-NE,2020-12-27,,,,,,,,,,,,,,,,,,,,,,,,,,,,,1.0
E Weiss-NE,2021-01-01,,,,,,,,,,,,,,,,,,,,,,,,,,,,,1.0
E Weiss-NE,2021-01-06,,,,,,,,,,,,,,,,,,,,,,,,,,,,,1.0
E Weiss-NE,2021-01-11,0.21798006464425634,18.92187471168333,0.1730987853015575,0.20137217789359743,-0.08518424601683298,0.12497812911151296,12.12968196150724,0.047989410488245926,0.5597098528376337,0.4475246364061831,0.16718058668603622,-0.2545197166538526,0.11823620999900433,0.37825627690777575,0.02181796939421339,-0.26595794777576853,154.14359166038773,150.74555884457635,145.02913771018865,149.7711382023845,144.72795373373287,145.05218222463628,655.258589511754,901.6880650994575,1218.1871609403254,1894.3209764918627,3187.271247739602,2247.5542495479203,0.7033261802575107
E Weiss-NE,2021-01-16,,,,,,,,,,,,,,,,,,,,,,,,,,,,,1.0
E Weiss-NE,2021-01-21,,,,,,,,,,,,,,,,,,,,,,,,,,,,,1.0
E Weiss-NE,2021-01-26,,,,,,,,,,,,,,,,,,,,,,,,,,,,,1.0
E Weiss-NE,2021-01-31,0.22302817548549247,19.41065327746325,0.1806292751507358,0.19744977161441002,-0.06589023990439515,0.12593945905708484,12.262155619652388,0.04900748231233822,0.5558296919434675,0.4424334318248012,0.16608059713464404,-0.24359143944724695,0.11756273556150887,0.36648703035806734,0.023907263943054365,-0.2524673900517687,151.72465619635685,149.58771223577628,143.9156865743915,149.6423480800117,143.98831643655151,144.1022528540385,616.0655737704918,877.8265746333045,1187.6971527178603,1863.7200172562555,3065.318377911993,2129.2088006902504,0.3782188841201717
E Weiss-NE,2021-02-11,,,,,,,,,,,,,,,,,,,,,,,,,,,,,1.0
E Weiss-NE,2021-02-20,,,,,,,,,,,,,,,,,,,,,,,,,,,,,1.0
E Weiss-NE,2021-02-25,0.11992338455470757,22.64565703878338,0.1672432349035974,0.03468211516764882,0.09129499103541115,0.08313780479951077,7.8834354310764105,0.024657942857142855,0.27366330236551517,0.19124744021219878,0.12687495877769767,-0.07577955676239974,0.08926599317278401,0.5063439845714286,0.000985980285714296,-0.19045963600000004,136.62810811848163,137.2274371014922,137.88889258886445,140.66552280839278,141.04447101322378,144.19751942768318,1395.3285714285714,1739.642857142857,2063.214285714286,2584.9857142857145,3001.342857142857,2143.5142857142855,0.9812231759656652
E Weiss-NE,2021-03-02,0.18531396919228613,18.350808442145098,0.1543169244279595,0.18616986323410256,-0.11251529195888571,0.11002793848307642,10.613976619971082,0.04150268852459016,0.5217336390943871,0.42616503041905035,0.15078931465101966,-0.2621597670833879,0.10630512066313619,0.40909262524905426,0.011304529019546037,-0.28167520429066845,150.1060424712124,150.32376374513052,147.52211995255874,152.31972052677168,148.77280060910482,149.41970464127436,768.7575662042875,1059.5296343001262,1356.034047919294,1965.4602774274906,3358.11948297604,2461.1210592686,0.14914163090128754
E Weiss-NE,2021-03-07,0.1872090040861064,18.803954271747912,0.15963066627702835,0.1953069017656433,-0.11721405623203454,0.11209958720025942,10.795567249051413,0.04409999999999999,0.5290600327317028,0.43649106121615416,0.14720770158821772,-0.27174993756811966,0.10901903907049043,0.41615444838998217,0.011356136428145506,-0.2914728622659511,150.56912665378692,150.95403599841737,147.63218134944307,153.03625899740447,148.76879164532727,149.10098219078745,782.026237328563,1070.9552772808586,1363.8264758497317,1987.3536076326775,3467.257901013715,2514.044722719141,0.10032188841201717
E Weiss-NE,2021-03-12,,,,,,,,,,,,,,,,,,,,,,,,,,,,,1.0
E Weiss-NE,2021-03-17,,,,,,,,,,,,,,,,,,,,,,,,,,,,,1.0
E Weiss-NE,2021-03-22,,,,,,,,,,,,,,,,,,,,,,,,,,,,,1.0
E Weiss-NE,2021-03-27,,,,,,,,,,,,,,,,,,,,,,,,,,,,,1.0
E Weiss-NE,2021-03-31,0.17823718433705757,15.358762842649705,0.12407425067084274,0.17641890736527724,-0.14417648343159786,0.10787059138570376,10.370499039906875,0.052075461373390565,0.49043206494783914,0.4217112395280671,0.1113378237771515,-0.2635197744990397,0.11020490865690254,0.4293676710193134,0.0037429850885193215,-0.2958817023015021,151.48631932062028,155.81650735835748,151.37554501000412,161.2558807624443,153.06500760065342,151.53021314167123,894.0391630901288,1179.2980150214592,1403.3972639484978,2007.8065987124464,3441.038626609442,2682.472907725322,0.0
E Weiss-NE,2021-04-01,0.1838762099056385,15.533078229865922,0.127271209000494,0.18850537735555908,-0.15680463758363725,0.10877848180443148,10.496734268307668,0.049383701362397815,0.5147755216572442,0.43964654902579564,0.12214482582854573,-0.27850359237321193,0.10915126721979257,0.41677959111444146,0.004995064405994557,-0.29888774934332424,153.1914644892406,156.13628711277846,151.95068229055843,160.157786206387,153.25770890333104,152.20344995724568,830.5024523160763,1102.6465940054495,1339.983378746594,1940.0405994550408,3434.8700272479564,2660.0359673024523,0.01555793991416309
E Weiss-NE,2021-04-11,0.21442561444155558,15.17833581274901,0.1333747831705435,0.19889464727140074,-0.1318059771569143,0.13462033686059416,12.871043707877982,0.07412500934579438,0.519719177931283,0.44968259317682474,0.10849223590662617,-0.2606065787826097,0.13794832333027582,0.4562193283566978,0.014896503173676022,-0.3242419434462617,152.38493065983252,156.1711547052103,146.9510964651033,161.03572100505457,147.4920505042498,144.59652072110816,898.4376947040498,1188.38746105919,1427.5510124610591,2201.4018691588785,3749.802570093458,2868.7305295950155,0.3111587982832618
E Weiss-NE,2021-04-16,,,,,,,,,,,,,,,,,,,,,,,,,,,,,1.0
E Weiss-NE,2021-04-21,,,,,,,,,,,,,,,,,,,,,,,,,,,,,1.0
E Weiss-NE,2021-04-26,,,,,,,,,,,,,,,,,,,,,,,,,,,,,1.0
E Weiss-NE,2021-05-01,0.2595575538193831,15.369814822541723,0.15125643091283517,0.20883130529144084,-0.08470235330255092,0.15481199091991002,14.916235221416361,0.09603765794511805,0.5226543307192831,0.46435682404293427,0.08438369708422531,-0.233017793856281,0.1569592181244359,0.4095051760497767,0.02714119100510531,-0.28447617097957884,151.0504931057495,158.3113049961665,143.6937898027776,166.56837343598966,143.9465610280339,138.75216709550475,773.1608168474793,1054.7890874282068,1231.2437779195916,2089.331206126356,3356.615507338864,2476.2610082961073,0.15933476394849785
E Weiss-NE,2021-05-02,,,,,,,,,,,,,,,,,,,,,,,,,,,,,1.0
E Weiss-NE,2021-05-06,0.26838551483004947,15.09633269197403,0.15175183712812057,0.20982636430282608,-0.07925390141303847,0.158578029811258,15.305540848338817,0.10195210849315067,0.5189514561781063,0.4678109300095969,0.07342191940220046,-0.22831102301938383,0.162595562230858,0.40490681001095896,0.02817022902465754,-0.2797610960821918,151.83734738757028,160.1890669101907,143.75719945590797,169.44418786542425,143.85483579566792,137.94087449130976,778.6660273972602,1051.1542465753425,1204.455890410959,2078.5334246575344,3305.880273972603,2438.2641095890413,0.02092274678111588
E Weiss-NE,2021-05-11,,,,,,,,,,,,,,,,,,,,,,,,,,,,,1.0
E Weiss-NE,2021-05-16,,,,,,,,,,,,,,,,,,,,,,,,,,,,,1.0
E Weiss-NE,2021-05-18,0.31489476782309944,14.337388935135895,0.16061479267989232,0.20607885522233843,-0.009498386329819412,0.19360718248036768,18.568377388522944,0.13869470410367168,0.501001116866768,0.46013052341303656,0.053082860502557935,-0.16985219363329399,0.2007191929790769,0.41614631014038883,0.046173674157667405,-0.2663852741063715,147.9061601503639,159.4074526248383,135.89640465921778,172.6403660840651,135.6068769393118,128.1471035858256,782.5107991360691,1086.041576673866,1209.5242980561554,2306.4549136069113,3250.100971922246,2355.238930885529,0.006437768240343348
E Weiss-NE,2021-05-26,,,,,,,,,,,,,,,,,,,,,,,,,,,,,1.0
E Weiss-NE,2021-05-31,0.3607538315631223,13.30305512621837,0.16659266429581532,0.22845150700174366,-0.0002406307982248421,0.21731426774022455,20.911343415967693,0.15872069098712446,0.5335557172648506,0.49793006978443877,0.04441584825257094,-0.166770544016039,0.22498195577075175,0.40448060354613735,0.056275610037553665,-0.26933342666040777,150.8172759411641,162.8526397688241,134.154407524705,176.09664827925405,133.03337900324576,125.06375438031255,716.8106223175965,995.6094420600858,1099.4978540772531,2314.270654506438,3243.1445815450643,2324.1140021459228,0.0
E Weiss-NE,2021-06-03,0.3493153076712284,13.075695366996282,0.1589362242606549,0.21607787410992238,0.00043184611216205216,0.21168209628741755,20.351830943228066,0.1540749881593111,0.5189225568716594,0.4814668321550238,0.04666403436747496,-0.1584821471478826,0.22062055114886897,0.4070232282373521,0.053884422747578056,-0.2647004351480086,151.1704517438389,162.51579979683237,134.56869287109953,175.04175490584583,133.45694361707604,125.6132326052499,746.8167384284177,1022.3939720129171,1131.9870828848225,2320.6781485468246,3196.887244348762,2328.387513455328,0.003218884120171674
E Weiss-NE,2021-06-05,0.3319834591735001,14.732300220505977,0.17347590955671796,0.2231705560128108,-0.005865215446090933,0.20241417517073132,19.438627290768185,0.14517434551495018,0.5231115871023697,0.4823280563862934,0.05243122019452214,-0.17917945501576124,0.20786468520523302,0.41291859493023264,0.05038561900996679,-0.27203077498006645,148.1032476489705,159.73685077643344,134.9366255448941,173.07982238880936,134.4494973666936,126.88719211313892,741.7378737541528,1044.8169435215948,1166.8817275747508,2307.273754152824,3313.8621262458473,2339.4362126245846,0.19259656652360516
E Weiss-NE,2021-06-10,0.30821591594416853,14.792303961169154,0.16368907115741654,0.21901604528338148,-0.033460172330420715,0.19024420269919667,18.235704611503277,0.12793047501343363,0.533768693527529,0.4753526603492517,0.07686812828669863,-0.19609882759661404,0.1932685816812639,0.4239547965126277,0.0451591652229984,-0.28616173628156905,150.17867622912678,157.67178036258633,136.6081883821343,166.46034234973823,135.94012417937802,129.74097355291332,758.8111230521225,1051.3484685652875,1229.1321869962385,2310.137291778614,3433.942772702848,2472.3664696399787,0.001609442060085837
E Weiss-NE,2021-06-15,0.27904753107384095,16.688761974685093,0.17464357282245951,0.21702531775360212,-0.03931331372561554,0.17505228514296461,16.738780846826543,0.10757203017501506,0.539550852994142,0.4638261278677342,0.10335764845531199,-0.21253227110035838,0.17445205478418652,0.43467728900120695,0.040402354206397116,-0.29397338428485215,149.18852009798852,153.33977996727546,136.95628801489764,159.13397709944016,136.5562430146783,132.0214036021381,767.9016294508148,1071.857573928787,1310.6635485817742,2316.398008449004,3562.526252263126,2507.270368135184,0.11105150214592274
E Weiss-NE,2021-06-19,,,,,,,,,,,,,,,,,,,,,,,,,,,,,1.0
E Weiss-NE,2021-06-20,0.27961649444330233,18.76114651394203,0.2004907965548314,0.22777968619753705,-0.008557534711830081,0.18793491960387654,17.818906664113996,0.10226035294117648,0.5754073043850021,0.4613390070109451,0.1510965517997297,-0.20872928706333205,0.18101754296425318,0.47635409735294126,0.05337787323529414,-0.3216623282352941,149.23851240883542,145.6728840907379,130.4260212334665,145.10440888403593,129.12344331075832,127.01072513019221,762.1274509803922,1075.4117647058824,1468.6568627450981,2604.8137254901962,3978.5196078431372,2653.421568627451,0.9726394849785408
E Weiss-NE,2021-06-25,,,,,,,,,,,,,,,,,,,,,,,,,,,,,1.0
E Weiss-NE,2021-06-30,0.2656479921343161,16.405086152022243,0.16487524672048795,0.21605546296834488,-0.0670110500349333,0.16479360482778008,15.788213685383987,0.09920587339055793,0.5396131711852606,0.4662029161854799,0.10425663372618543,-0.22925563443713606,0.16466069221036986,0.4334590035112661,0.034016566190987134,-0.29992353442596564,149.97029611881692,154.37911333133462,139.75130756029537,160.33664020819253,139.60212847293988,135.3438459314348,776.9120171673819,1078.431330472103,1310.9350858369098,2251.743830472103,3580.8932403433478,2570.1148068669527,0.0
E Weiss-NE,2021-07-05,0.2861830867409606,17.982064470868764,0.19350528486513427,0.23035854149117455,-0.0319405594162616,0.1745860521483112,16.763946768066308,0.1074753408723748,0.5510920094306035,0.47928388590994175,0.09939457271194915,-0.22395442140505908,0.17304462097107542,0.41556854135972,0.0408723950161551,-0.2853571381260097,149.27358190572457,154.2409905596571,137.42982792302328,160.65717104289516,137.0189899446848,132.20577859260362,719.0201938610662,1013.718901453958,1232.8492191707055,2216.5969305331178,3489.8381798599894,2359.9028002154014,0.0037553648068669528
E Weiss-NE,2021-07-10,0.27174694575479774,16.46357142903615,0.1680087060010677,0.22659875045872035,-0.06773300119827612,0.17658668088949575,16.809012577811124,0.1116787265625,0.545913964717562,0.4745962639050708,0.10081763341649297,-0.23304131310836074,0.17932506173980559,0.4691875781542969,0.03826258187500001,-0.3288607229394531,150.1071688285665,154.38007742573637,137.81358567451784,160.02345903163797,137.32846489435067,132.79502459593255,842.6357421875,1153.4541015625,1398.8232421875,2440.1865234375,3916.642578125,2791.7451171875,0.7253218884120172
E Weiss-NE,2021-07-15,,,,,,,,,,,,,,,,,,,,,,,,,,,,,1.0
E Weiss-NE,2021-07-20,,,,,,,,,,,,,,,,,,,,,,,,,,,,,1.0
E Weiss-NE,2021-07-21,0.24001876686303483,17.582855927493178,0.1677081832558861,0.20241047786460492,-0.055721909490644615,0.16158110347379465,15.327806652483048,0.0982943846153846,0.5129402658248043,0.4378757413990631,0.10830642726539362,-0.22132245828998975,0.16547321838470486,0.4940405189219114,0.03233180886946388,-0.3264457030477856,147.03046088797495,150.5993052217772,137.30933384372847,155.95327788220646,137.49130112268134,133.91478787394328,943.3269230769231,1282.38986013986,1557.8344988344988,2538.8327505827506,3978.238344988345,2837.9178321678323,0.5396995708154506
E Weiss-NE,2021-07-25,0.24114175889131403,17.3805653430785,0.16591099517561625,0.21686786226668675,-0.08716849683255362,0.15249078170058117,14.564884013068204,0.08454469175428887,0.5434569170495263,0.46261213155202047,0.11934235581577617,-0.2494333604685764,0.1526718453143797,0.4506639592224682,0.027828682786386286,-0.31748904752905366,151.28029467887742,153.25666932652953,141.5196041245909,156.63150328533203,141.33210945386494,138.3464297269699,825.2299391256225,1118.4178195904815,1389.7661870503598,2270.8428334255673,3774.9836745987827,2702.146651909242,0.0305793991416309
E Weiss-NE,2021-07-30,,,,,,,,,,,,,,,,,,,,,,,,,,,,,1.0
E Weiss-NE,2021-08-04,0.23425541334776284,15.691933222663701,0.1450408160248589,0.19452195302567019,-0.08289691588416277,0.1565555948165606,14.856938778833475,0.09614183458646616,0.5055917661971677,0.43610155651904287,0.10176798516741373,-0.22519308267972704,0.1630198585394972,0.49367992503759406,0.026686516466165426,-0.33103202067669174,149.3159245735964,153.50589939075857,140.29857862687481,159.06359780346077,140.40312054803775,136.59036749536583,976.0338345864661,1296.2067669172932,1550.9436090225563,2494.56015037594,3941.0827067669175,2945.593984962406,0.9286480686695279
E Weiss-NE,2021-08-06,,,,,,,,,,,,,,,,,,,,,,,,,,,,,1.0
E Weiss-NE,2021-08-09,,,,,,,,,,,,,,,,,,,,,,,,,,,,,1.0
E Weiss-NE,2021-08-14,0.25862305415129133,16.2733269933543,0.1607328152056202,0.21597100971031283,-0.07791689372778583,0.1623498155488613,15.52575879768323,0.0998385294117647,0.5329507704243369,0.46561495460754293,0.09705210354847954,-0.23564310891800175,0.164775498707637,0.4451473300898693,0.031151499983660135,-0.309541703540305,150.4535778659909,155.58809695557255,140.8370026461012,161.88235116296835,140.73813758604356,136.2052782170744,825.5,1124.2342047930283,1346.5168845315904,2280.6462418300653,3678.3461328976036,2662.252723311547,0.015021459227467811
E Weiss-NE,2021-08-22,0.2682824247148983,14.110181250841237,0.14012352439363968,0.20127556793712803,-0.07334912024594893,0.170759693943191,16.306907873252477,0.11615809677419354,0.504998582739785,0.4535767896974036,0.07250098527074599,-0.21121683709444952,0.17964401884701503,0.4551254009946236,0.0324644431451613,-0.30584576467741936,150.90450339724654,158.96383824114585,140.60087424900505,168.22187861279033,140.40065644207002,134.41357107801022,897.3064516129032,1194.8951612903227,1368.4408602150538,2363.1021505376343,3614.9193548387098,2732.1424731182797,0.9002145922746781
E Weiss-NE,2021-08-24,0.2804133477066914,15.553962647217059,0.1615357908289502,0.22276551256958158,-0.07122578344486623,0.17217422408692432,16.522289701541425,0.11151486051502145,0.537708814239692,0.4791035548940954,0.08274240168566996,-0.23005134127835739,0.17616080361253267,0.43122736659871247,0.03493380614806867,-0.3015846284388412,151.8798063588701,158.48290698650152,140.59857416245416,166.08586656743887,140.15837857064457,134.5894020494758,798.0973712446352,1081.0297746781116,1267.5067060085837,2243.932135193133,3573.475321888412,2583.4318669527897,0.0
E Weiss-NE,2021-08-29,0.29613713713865514,15.550740958656348,0.16818974672082107,0.22560737444090667,-0.04826477921617054,0.1861390474737285,17.806944912585074,0.1248165277044855,0.5384807476673974,0.4798338441815141,0.08034335286291391,-0.21463530953036633,0.19070121709681054,0.44452497864555846,0.04246188873790678,-0.3051645665611258,150.54065224690396,157.4277227546313,137.29448496074892,165.5036619503938,136.67903541356696,130.91058559225183,807.0105540897098,1105.193051890941,1297.1983289357959,2371.985488126649,3655.541776605101,2607.5457343887424,0.39002145922746784
E Weiss-NE,2021-09-03,,,,,,,,,,,,,,,,,,,,,,,,,,,,,1.0
E Weiss-NE,2021-09-07,0.29950564282765263,14.349723682716952,0.15493281423656968,0.2080407418032416,-0.03682408044131336,0.18388377507756232,17.645051232148436,0.13053840286624202,0.5038389452614945,0.46368346889457374,0.05443540799587332,-0.19061964174229465,0.19182386763302703,0.4213918006289809,0.04022646690684714,-0.2772243712380574,149.03151734097173,160.35202041371338,138.47953938259957,173.14552731229293,138.32093444461768,131.06015990283294,807.2842356687898,1104.6381369426751,1230.1273885350317,2272.5907643312103,3335.625398089172,2446.440286624204,0.3261802575107296
E Weiss-NE,2021-09-08,0.30820574928706135,14.829900487796344,0.16359224421097102,0.20806384463972427,-0.012246219874781928,0.19179624472128656,18.35403488443037,0.1314615652173913,0.5136607319212994,0.45886031045953457,0.07150376638958619,-0.17547604084839294,0.19617132464986445,0.42129834565217394,0.04685153086956524,-0.2725858739130435,148.43662460935565,157.0702885358861,135.30925283230286,167.03090719327523,134.77632260013124,128.37452846321904,771.4347826086956,1070.5217391304348,1237.304347826087,2330.913043478261,3323.0,2390.304347826087,0.9876609442060086
E Weiss-NE,2021-09-13,0.3225185613733032,15.34375582249782,0.17836582027893214,0.2279422825531639,-0.017769229979295753,0.1956163038834878,18.806435588158912,0.13494993669527897,0.5365555779066149,0.48739263782825537,0.06579146462346741,-0.19540922388242354,0.2002076713871392,0.412833858530043,0.047715353071351954,-0.2778473611480687,150.2526092915569,159.41792461853223,136.21178883702564,169.73131012853557,135.47097084233195,128.83317014286578,739.725321888412,1024.6005901287554,1174.6716738197424,2274.401019313305,3371.8969957081545,2358.579667381974,0.0
E Weiss-NE,2021-09-18,0.30771576968162717,14.420665689659815,0.15949687249733072,0.21896313492320485,-0.042386187474716355,0.18835984890923205,18.084961339889233,0.12508253755364807,0.5376315469387082,0.4785987977021802,0.07957893195275645,-0.2004586841531465,0.19168883989374783,0.4220727890477468,0.04387574586373392,-0.2875897844125537,151.45095239456654,158.38825715844445,137.52146670690738,166.35317187622067,136.76005432376255,130.9614630962463,757.1013948497854,1040.1078326180257,1222.541577253219,2288.8068669527897,3427.4079935622317,2490.303916309013,0.0
E Weiss-NE,2021-09-23,,,,,,,,,,,,,,,,,,,,,,,,,,,,,1.0
E Weiss-NE,2021-09-28,0.27807576941448514,15.297296194641703,0.1571312449338625,0.20247685047679245,-0.0389203540776444,0.17691011179339164,16.884750454740864,0.10965303296703295,0.5254382581288063,0.44857466260060214,0.10389327626722299,-0.19479302447578667,0.17804745217468215,0.43982459301282056,0.041189049413919425,-0.2905450955860806,149.93648168895066,153.54277472751411,136.63056633979676,158.4589224815939,136.00205148356315,131.6677459934704,797.4175824175824,1093.9249084249084,1339.018315018315,2366.0155677655675,3503.6565934065934,2552.904761904762,0.7070815450643777
E Weiss-NE,2021-10-03,0.26158503508424796,15.849184763349198,0.1577909935490599,0.21095301155990506,-0.07745243174348208,0.15744157952199334,15.15780534940998,0.09051295171673819,0.5408111746622944,0.46512553660822054,0.1083900857649997,-0.23234796355940504,0.15759336969269996,0.41689523420600866,0.030372752891630907,-0.29010231856223173,153.24553087255248,156.08386775102903,142.07634676354724,160.0362868129477,141.60011488590865,137.84780174942617,765.7424892703863,1032.9994635193134,1266.3500536480688,2147.7086909871246,3437.122049356223,2504.132510729614,0.0
E Weiss-NE,2021-10-08,,,,,,,,,,,,,,,,,,,,,,,,,,,,,1.0
E Weiss-NE,2021-10-09,,,,,,,,,,,,,,,,,,,,,,,,,,,,,1.0
E Weiss-NE,2021-10-13,,,,,,,,,,,,,,,,,,,,,,,,,,,,,1.0
E Weiss-NE,2021-10-18,0.2698891782210188,18.120998246546865,0.18626253313614932,0.1750935062571823,0.03319165689377003,0.16434273639268437,15.793787465121214,0.09542149326145552,0.48788777122212434,0.4031751221613604,0.11161309232185332,-0.1530215256927844,0.16095748575229998,0.40054423281671153,0.040855519433962276,-0.2337163146091644,145.8289815829819,149.39622393026232,134.97084674243638,154.71078891690203,134.98881148263507,131.33124865339215,748.7061994609164,1050.7318059299191,1295.2318059299191,2222.756064690027,3026.7122641509436,2077.603773584906,0.601931330472103
E Weiss-NE,2021-10-23,,,,,,,,,,,,,,,,,,,,,,,,,,,,,1.0
E Weiss-NE,2021-10-25,,,,,,,,,,,,,,,,,,,,,,,,,,,,,1.0
E Weiss-NE,2021-10-28,0.28318314919497073,16.38098738566831,0.1723061552201883,0.20705078929791912,-0.04224284231302908,0.15792662553388287,15.416700557982377,0.09146885745024207,0.5400785320729721,0.4677443817602935,0.09953121055364061,-0.21286590013683743,0.1548827262631894,0.3592386624529317,0.03387666151963422,-0.24386326879774073,153.02988296629738,157.4805582488364,142.24087313295186,162.8160133570975,141.76139123185365,137.18976118016815,637.2157073695536,884.4203873050027,1075.329209252286,1917.347498655191,2945.9916621839698,2081.5137170521784,0.002682403433476395
E Weiss-NE,2021-11-02,,,,,,,,,,,,,,,,,,,,,,,,,,,,,1.0
E Weiss-NE,2021-11-07,0.2642912822300985,16.532350262602076,0.16654539046086828,0.206902284615195,-0.06214044740083041,0.15209059194866495,14.758398448910473,0.0851249838362069,0.5398096331667779,0.4627359744337602,0.10913881581315779,-0.22626620864080357,0.14996983327397972,0.3825765105630389,0.030241405961745696,-0.26263767912984914,153.22696601175886,156.2880452861618,142.86094479997593,160.38791631618273,142.47111478314085,138.72253318259638,693.5802801724138,947.6010237068965,1165.447198275862,1992.5929418103449,3148.294719827586,2252.654094827586,0.004291845493562232
E Weiss-NE,2021-11-10,,,,,,,,,,,,,,,,,,,,,,,,,,,,,1.0
E Weiss-NE,2021-11-12,,,,,,,,,,,,,,,,,,,,,,,,,,,,,1.0
E Weiss-NE,2021-11-17,0.24513160291140823,15.827475461450161,0.15096336798142898,0.19543337106986006,-0.0829585698031139,0.14102408826576113,13.689350381075522,0.07294859251220835,0.5360151898146004,0.45053887991286734,0.12304525692603616,-0.23103800328497634,0.13908635332202282,0.3836425421242539,0.025054689734129144,-0.2649524915056972,155.58393551763086,156.21057746443185,145.10138417588715,158.10475655473013,144.5512644923919,141.91999769680643,712.3705914270212,950.44167118828,1192.1041779707,1960.492674986435,3130.190992946283,2317.783776451438,0.011266094420600859
E Weiss-NE,2021-11-22,0.23554985249631555,16.098614104247993,0.15050968915568796,0.18714263475173537,-0.07243094389734742,0.1403912372617604,13.539782454404058,0.07666094098712445,0.5100616438398575,0.43331858166481574,0.11124524229478526,-0.2204832621278017,0.14139888203059586,0.4035774702011803,0.02383383185085838,-0.2676362393669528,153.15841854837623,155.53663040846754,144.14253431655132,159.1266725421268,144.01940427714004,140.91677345150597,790.3817060085837,1047.881169527897,1277.7043991416308,2059.047210300429,3213.141362660944,2374.739270386266,0.0
E Weiss-NE,2021-11-26,,,,,,,,,,,,,,,,,,,,,,,,,,,,,1.0
E Weiss-NE,2021-11-27,,,,,,,,,,,,,,,,,,,,,,,,,,,,,1.0
E Weiss-NE,2021-12-02,,,,,,,,,,,,,,,,,,,,,,,,,,,,,1.0
E Weiss-NE,2021-12-04,,,,,,,,,,,,,,,,,,,,,,,,,,,,,1.0
E Weiss-NE,2021-12-07,,,,,,,,,,,,,,,,,,,,,,,,,,,,,1.0
E Weiss-NE,2021-12-12,,,,,,,,,,,,,,,,,,,,,,,,,,,,,1.0
E Weiss-NE,2021-12-17,0.16721006676669112,18.754342086141747,0.15059630117821166,-0.06246101084215244,0.2562194893533669,0.13184261690644117,12.499160299730816,0.06411326086956522,0.15715714763973257,0.05474201831721361,0.13424256460086512,0.11115146154760368,0.14734708682431555,0.5882515444565217,0.03603681228260871,-0.131985455,131.51467317843827,126.25129778645157,116.77981832181544,125.73357336512636,117.01689525319392,118.215941340394,1678.2173913043478,2046.445652173913,2504.5,3445.9565217391305,2751.032608695652,2030.0108695652175,0.9753218884120172
E Weiss-NE,2021-12-20,,,,,,,,,,,,,,,,,,,,,,,,,,,,,1.0
E Weiss-NE,2021-12-22,,,,,,,,,,,,,,,,,,,,,,,,,,,,,1.0
E Weiss-NE,2021-12-27,,,,,,,,,,,,,,,,,,,,,,,,,,,,,1.0
E Weiss-NE,2021-12-28,,,,,,,,,,,,,,,,,,,,,,,,,,,,,1.0
E Weiss-NE,2022-01-01,,,,,,,,,,,,,,,,,,,,,,,,,,,,,1.0
E Weiss-NE,2022-01-11,0.2018541476862515,16.761925504871574,0.14453962191131373,0.18296593081782636,-0.10620063674291948,0.12018762474243604,11.594073103887304,0.05046006480955087,0.5220873592250116,0.4263798895200974,0.14605291152687788,-0.2467023465965202,0.11720591532111854,0.4091041402131893,0.015556556091529283,-0.2799217548379761,152.50054998026363,151.86358592473763,146.56844458389773,153.02283246210976,147.00514735814363,146.79843714425328,774.9192723138146,1044.902501421262,1338.7066515065378,2007.4115974985787,3314.814383172257,2478.290790221717,0.05633047210300429
E Weiss-NE,2022-01-13,,,,,,,,,,,,,,,,,,,,,,,,,,,,,1.0
E Weiss-NE,2022-01-16,0.21600135233587783,16.883789135812453,0.1508230699641813,0.18836102853329476,-0.09262171440555578,0.1281018133573356,12.362576337935083,0.05317260937499999,0.5389450872200088,0.4331963489387895,0.1563712447620785,-0.2400073147898245,0.12336547934909563,0.3994626740039063,0.021188424671223966,-0.27500422817382814,153.71059923499476,151.18663127242556,144.72668000955494,150.87733375317904,144.51599551847315,144.35517058522984,722.3177083333334,979.9560546875,1294.3779296875,2004.255859375,3263.2252604166665,2407.7389322916665,0.1759656652360515
E Weiss-NE,2022-01-21,,,,,,,,,,,,,,,,,,,,,,,,,,,,,1.0
E Weiss-NE,2022-01-26,,,,,,,,,,,,,,,,,,,,,,,,,,,,,1.0
E Weiss-NE,2022-01-29,0.18936501202093056,14.142464914769551,0.11575916673723431,0.15645968181350883,-0.10778697220454063,0.11765567336418489,11.259656990690836,0.056004000000000005,0.4744852282900627,0.39369579014173894,0.12318668252080855,-0.22079125359029,0.1190179904714499,0.4297832900000001,0.011138960000000003,-0.279185285,150.2655977401977,152.7316137978604,147.1048971487981,156.50996589324635,148.16073055947834,146.87856440656196,885.0,1174.0,1433.0,2102.5,3294.0,2610.5,0.9994635193133047
E Weiss-NE,2022-01-31,0.1951038194407712,16.51897935980944,0.1399967271189281,0.18220058073194914,-0.11627511853694837,0.1171957929797716,11.28606885122977,0.04803816515837103,0.520731757162735,0.42583386937370343,0.14650726208061468,-0.2520954370582259,0.11508524139357648,0.4156886320786199,0.01327108277714933,-0.28643037286481904,153.04444421828484,152.15479992512175,147.38460220646064,153.09113680926964,147.83259325829695,147.85280633624768,797.6730769230769,1066.1487556561085,1362.8303167420815,2017.8337104072398,3371.781391402715,2544.5364819004526,0.05150214592274678
E Weiss-NE,2022-02-05,0.14966904304281173,19.79645501012795,0.15521435678003692,-0.14058172223496393,0.36227135548213113,0.12557627957812648,11.92848318365177,0.053028,0.03890362862566701,-0.07270505705944716,0.14772407520656222,0.21983837918821908,0.14344900966009272,0.598394181,0.04278299300000001,-0.07217277000000001,125.0027059116464,117.73934468458344,109.11313143930784,116.47648754432817,109.53287960404445,111.85296167349159,1756.7,2170.2,2708.4,3659.7,2339.5,1713.7,0.9973175965665236
E Weiss-NE,2022-02-06,0.18240976823235033,19.694126328049173,0.16751499225297875,0.09654618637133783,0.06169401159386437,0.11448156326694689,10.947281824357159,0.05535899999999999,0.3581884302318573,0.2769652342382905,0.11635292576513336,-0.10517388296739316,0.11410658566063175,0.416500865,0.01843277,-0.195559665,140.4611067175401,144.54246345242663,139.1248355259391,150.5890909921858,141.2633673786064,140.04728172604325,965.0,1291.0,1543.75,2202.0,2762.75,1958.5,0.9978540772532188
E Weiss-NE,2022-02-10,,,,,,,,,,,,,,,,,,,,,,,,,,,,,1.0
E Weiss-NE,2022-02-14,0.18116998494692146,15.759463946653817,0.1284861567641584,0.16199944855082446,-0.10909923398131036,0.1115424966002345,10.698628635022363,0.050127757281553394,0.4794835890755105,0.3982850950670985,0.12647139680524963,-0.2342674414518019,0.11235707854551415,0.42945636168824175,0.008895063883495154,-0.2803696480393743,149.92288981917028,152.15398408794582,147.80003634331678,155.87745987058707,149.18306936113143,148.49001360519088,884.4587378640776,1177.816882416397,1441.3031283710895,2074.855987055016,3338.4066882416396,2578.651833872708,0.00536480686695279
E Weiss-NE,2022-02-15,,,,,,,,,,,,,,,,,,,,,,,,,,,,,1.0
E Weiss-NE,2022-02-22,,,,,,,,,,,,,,,,,,,,,,,,,,,,,1.0
E Weiss-NE,2022-02-25,,,,,,,,,,,,,,,,,,,,,,,,,,,,,1.0
