SiteID,Pasture,Date,Year,Season,biomass_lb_ac,biomass_kg_ha,Lat,Long,_geometry,sitePhotos,NDVI,DFI,NDTI,SATVI,NDII7,SAVI,RDVI,MTVI1,NCI,NDCI,PSRI,NDWI,EVI,TCBI,TCGI,TCWI,BAI_126,BAI_136,BAI_146,BAI_236,BAI_246,BAI_346,BLUE,GREEN,RED,NIR1,SWIR1,SWIR2
FE-01,Campbell Springs,2023-10-13,2023,October,1156.0,1295.7604,40.81234792,-105.207515,SRID=4326;POINT(-105.20751503041302 40.812347917656446),"2023_RobertsRanch_USDA-ARS-27.jpg, 2023_RobertsRanch_USDA-ARS-28.jpg",0.2647774246829423,16.24206866682001,0.16234398867343064,0.1810069087544101,-0.011540441751650185,0.1619526208281687,15.541212139659704,0.07539671906497568,0.5451422394285184,0.4189928368954485,0.1632732829043354,-0.17358738645721872,0.15075180681561542,0.3960075741100508,0.04250466990571203,-0.2536693941194673,149.33774069835235,146.13373880953978,135.1552502028123,145.5844222420986,134.34572113315608,133.08754706070349,627.2784132520203,917.0079409121074,1276.6730182637607,2189.8985122348276,3111.1513831944253,2241.65113403826
FE-02,Campbell Springs,2023-10-13,2023,October,1054.0,1181.4286,40.81524434,-105.2019108,SRID=4326;POINT(-105.20191083218589 40.815244337721715),"2023_RobertsRanch_USDA-ARS-25.jpg, 2023_RobertsRanch_USDA-ARS-26.jpg",0.27085076083609216,18.982582849573504,0.1977895552251232,0.18506986993279662,0.036078175208275116,0.16412993223931693,15.772799718892092,0.07830138594304728,0.5402389638942469,0.4151667760774542,0.15903068317458888,-0.16288141151779276,0.15264939557663867,0.38362781766994786,0.04607720871134707,-0.23465932405397166,147.95108633030236,145.02438517075566,133.162182466358,144.68829833520675,132.30360382614637,130.6783933552352,613.9360461164883,899.8436487801622,1246.647313642293,2166.1109085140974,3010.4736007607085,2014.8148146048525
FE-03,Upper Campbell Vally,2023-10-13,2023,October,1054.0,1181.4286,40.82179557,-105.1990793,SRID=4326;POINT(-105.19907926349288 40.8217955673524),"2023_RobertsRanch_USDA-ARS-21.jpg, 2023_RobertsRanch_USDA-ARS-22.jpg",0.24343321203468835,17.68691037395623,0.16974052982617552,0.1534285489225222,0.033103873066957834,0.16102954695685176,15.29539923902886,0.07451014448797512,0.49737571419543636,0.36822257420325855,0.16592453683109573,-0.13737390706028474,0.15229645983932893,0.4402203972640998,0.045162328835642196,-0.2517410800914224,144.47205581126016,140.74323565241372,130.40174155003118,140.16650114003113,129.9277204275141,129.32290071256034,760.8759371672312,1092.71067861094,1503.188701895678,2465.304786065082,3250.822844231654,2306.3740571697695
FE-04,Upper Campbell Vally,2023-10-13,2023,October,986.0,1105.2074,40.82038633,-105.1969489,SRID=4326;POINT(-105.1969488811203 40.82038633308888),"2023_RobertsRanch_USDA-ARS-23.jpg, 2023_RobertsRanch_USDA-ARS-24.jpg",0.2401060191182266,16.618717066610646,0.15667276104675512,0.16906622063127075,-0.015408792984370477,0.15916882927781004,15.113130419600639,0.07428310206345819,0.5172773896898787,0.3953998650838428,0.16283259885574544,-0.1716794489628544,0.15122159555227535,0.4543971615939244,0.040564598992497945,-0.28138730226627,145.8756980208744,142.95592416458285,133.14997526102698,142.9123014085415,132.83462569229755,132.20804176000158,773.1036376813978,1109.9532831999434,1512.5339588663894,2464.517899612388,3485.9053942327596,2540.632381254093
FE-05,Horsehoe North,2023-10-13,2023,October,1088.0,1219.5392,40.82893058,-105.1809275,SRID=4326;POINT(-105.18092750364805 40.82893057841773),"2023_RobertsRanch_USDA-ARS-31.jpg, 2023_RobertsRanch_USDA-ARS-32.jpg",0.26658086529301445,19.378559064865833,0.2004284954255665,0.16363854708212863,0.07680967192151637,0.16777137298508926,16.03497517614644,0.07973599445060112,0.5126827470250758,0.3792608873764177,0.16452512127333294,-0.12555835542920885,0.153939199396793,0.3971333697833105,0.051364923605379566,-0.2228605683876027,142.31320632194885,140.1918058107659,128.91430612291126,140.92372799096432,128.64390594497394,127.4427824665426,621.6390537346291,959.2673597739866,1339.8834043049626,2305.9396362315833,2966.5708406000454,1974.4733072471972
FE-06,Horsehoe North,2023-10-13,2023,October,714.0,800.3226,40.83033399,-105.1799918,SRID=4326;POINT(-105.1799917797434 40.830333988968206),"2023_RobertsRanch_USDA-ARS-29.jpg, 2023_RobertsRanch_USDA-ARS-30.jpg",0.24862403869003621,17.983042819213495,0.17503316941602515,0.16098827408119762,0.027843311734219077,0.1584055442196377,15.118177677562361,0.07736568594984258,0.4959732022529322,0.37989056308549163,0.15187581714507203,-0.14699869805094112,0.15018649614512983,0.4200206335749188,0.042093689265437134,-0.24384434942776162,144.3436165161791,143.11416749208854,132.52551516687856,144.3723974177647,132.399935931332,131.00693311396859,731.7674466011969,1058.7838852520908,1413.2363700195417,2334.488269835965,3142.0423707215077,2205.7680581664063
FE-07,Horsehoe North,2023-10-13,2023,October,884.0,990.8756,40.81859712,-105.1676411,SRID=4326;POINT(-105.16764109747054 40.81859712377868),"2023_RobertsRanch_USDA-ARS-33.jpg, 2023_RobertsRanch_USDA-ARS-34.jpg",0.21908199429941647,17.35594065490596,0.1565067563547427,0.13358061758572942,0.024799655393594598,0.15270685640035955,14.436636236436593,0.07470441584179963,0.45348121136960257,0.3411149977432599,0.15032425541920444,-0.13213575407457084,0.14808972684112306,0.48551665270527095,0.03885535212461891,-0.2660975606740217,139.62073426277755,139.00308699184384,130.06802519043086,141.18130499383665,130.73186233609664,130.04876390300734,906.98690797063,1302.0071292666496,1701.7317719538667,2653.547467099739,3465.943962490254,2528.42124113767
T-106,Red Nose,2023-10-13,2023,October,646.0,724.1014,40.87709,-105.23915,SRID=4326;POINT(-105.23915 40.87709),"2023_RobertsRanch_USDA-ARS-46.jpg, 2023_RobertsRanch_USDA-ARS-45.jpg",0.2744549614455617,15.426380369259467,0.1565491558495543,0.1699979383746381,0.004590374638164039,0.16230386283317536,15.657574121259115,0.07829664680168485,0.5323848561493052,0.40912425273278574,0.15499197741592813,-0.15201588040899586,0.15105093231933286,0.3682550373328329,0.04299070315936278,-0.22897199642176858,149.801170074014,147.60597858893965,135.7503646322604,147.6857909791192,134.89119297532946,132.9944785085993,587.6173470324794,861.6688778936818,1184.5342948818065,2078.0318771861976,2824.483993347917,2060.4193885983736
T-111,Horsehoe North,2023-10-13,2023,October,680.0,762.212,40.81559,-105.16849,SRID=4326;POINT(-105.16849 40.81559),"2023_RobertsRanch_USDA-ARS-54.jpg, 2023_RobertsRanch_USDA-ARS-53.jpg",0.27674104663350546,16.320644637844797,0.16789197636655354,0.178535802079254,0.02279076902452669,0.18558656334711315,17.600282535396943,0.10232404743028094,0.5215279868475932,0.4055891510414885,0.14540909980004563,-0.14556289808525338,0.17650277197919073,0.4562484420564489,0.05456758256165981,-0.2768993624187089,144.23290027599586,143.0793112362387,128.5710709184275,144.49892594484731,127.98185533430927,125.67375832727089,739.1846587690821,1092.5269088766313,1470.4685043827142,2590.488895557922,3478.8129346074,2479.064995809356
FE-08,CR80 West,2023-10-07,2023,October,1088.0,1219.5392,40.848061,-105.218514,SRID=4326;POINT(-105.218514 40.848061),2023_RobertsRanch_USDA-ARS-13.jpg,0.2834143577200818,17.4108821335327,0.18449880834872914,0.17955323161129164,0.031065399058391542,0.1634214895220931,15.839937259639985,0.08113465000426592,0.5374028448112442,0.4194504415876139,0.14774604499445232,-0.15435935306083834,0.15087339631412905,0.3518291264311346,0.04484303189752048,-0.21649143894576708,147.6294133461548,147.42290800768265,135.08738064564676,149.20770319155324,134.57631081263048,132.1820185251593,541.3074210159407,825.4565549838222,1123.1937511365957,2009.1774497761699,2741.0505460811173,1885.593269628399
FE-09,CR80 West,2023-10-07,2023,October,2040.0,2286.636,40.84417666,-105.216554,SRID=4326;POINT(-105.21655402743436 40.84417665971506),2023_RobertsRanch_USDA-ARS-14.jpg,0.2893557812250124,15.717881771739169,0.16601888355941763,0.1927253500189039,-0.010155638960666302,0.16873801349261297,16.320100869119575,0.08695470635929738,0.5541406075214536,0.4427033852008653,0.1419270142207312,-0.17590715986494923,0.1569635424995116,0.36687300584333704,0.04419942326525857,-0.24086664912816474,149.28400042376467,149.47159428361763,136.25698372739808,151.43639234788296,135.60564758718172,132.81566050780677,557.6120964111445,841.4566184283044,1134.1682483154589,2055.1246415216647,2932.123005301249,2095.420847898081
FE-10,CR80 West,2023-10-07,2023,October,884.0,990.8756,40.83741558,-105.2079236,SRID=4326;POINT(-105.2079235993641 40.83741557628499),2023_RobertsRanch_USDA-ARS-15.jpg,0.2582687301306891,16.988454424949,0.16790453987748644,0.1608047557939707,0.031105962964049792,0.16676540920333455,15.882219184440995,0.08056690609978898,0.5095139026880764,0.382224048593225,0.16101365372881102,-0.13754154255488357,0.1554384100032439,0.42175765747709654,0.04770592750476238,-0.24659264319494742,143.60622137872795,141.6167284961738,130.50714316485653,142.37171448691774,130.25321345269427,129.08893627482874,683.0370574644157,1025.600608167676,1411.494484586123,2389.038587510198,3149.9287673556323,2241.8281274771452
FE-11,CR80 South,2023-10-07,2023,October,1088.0,1219.5392,40.83654049,-105.2058977,SRID=4326;POINT(-105.20589770971465 40.8365404926462),2023_RobertsRanch_USDA-ARS-16.jpg,0.2608611382033583,16.629895266846972,0.1651359894956851,0.17311622910881383,0.006139580295644621,0.1648429262613043,15.744132849971825,0.08016098048878993,0.5252446356934616,0.40322833004746866,0.1573039167725804,-0.15918816137707917,0.15346278229842694,0.41386263406568374,0.04479590671345374,-0.25462152084154094,144.9525119237927,143.69332380369067,132.7414938517146,144.90315160920906,132.54287942232372,131.12822585294512,657.7286121995202,991.8238793629505,1356.1205950303074,2307.448845953207,3179.995433644786,2277.872529388849
FE-12,CR80 South,2023-10-07,2023,October,1496.0,1676.8664,40.83674323,-105.1904097,SRID=4326;POINT(-105.19040966415317 40.83674322718163),2023_RobertsRanch_USDA-ARS-12.jpg,0.2464550409398715,16.032706103881914,0.15297535747069457,0.16193941077634447,-0.006470868580898646,0.15478004346254534,14.792389818460268,0.06967820747014974,0.5172618708086304,0.39035604249076905,0.16597030743718652,-0.15928728047087068,0.14333990418542325,0.4078181494748727,0.04011425196334105,-0.2499501627174277,145.1738713833519,143.29768160307665,134.36232390165793,144.02279623615263,134.37062627203926,133.73774637661433,655.0606712495555,986.5202598019193,1359.8526818272899,2248.17257978637,3098.41758250434,2276.827283177157
FE-13,Mid Campbell Valley,2023-10-07,2023,October,1632.0,1829.3088,40.80787411,-105.18923,SRID=4326;POINT(-105.18922997279262 40.807874111971145),2023_RobertsRanch_USDA-ARS-17.jpg,0.28432419712820806,16.058139833765008,0.1677789825422178,0.17693114326985965,0.019267460365229756,0.17025840984019205,16.393111551425015,0.08505891848058986,0.5383556125505655,0.4157389838152375,0.1523957586914671,-0.1490192095007381,0.15925419887661735,0.37562760987059896,0.047171710919992685,-0.2322974894034551,149.67858856067733,147.35806839803817,133.98033869720575,147.43607681928057,132.9019142375122,130.75927021359468,595.4445657507594,870.2902240140328,1198.303204300449,2144.3375335037176,2895.9387762648857,2062.7961660133346
FE-14,Mid Campbell Valley,2023-10-07,2023,October,1428.0,1600.6452,40.80604878,-105.1857773,SRID=4326;POINT(-105.18577734809142 40.806048783910114),2023_RobertsRanch_USDA-ARS-18.jpg,0.31162540700933167,17.88956022298324,0.20475529309668605,0.19277306979244252,0.07027219569887538,0.18675305026041486,17.972976763067617,0.10354287542185475,0.5420266862762737,0.43039632897447766,0.13376915299322578,-0.13654503336578785,0.17656482145969019,0.3695681666545019,0.055863984418915796,-0.22262986681838445,148.72843873793457,148.18008284405656,130.85847794842172,149.64931343573528,129.52163249754278,126.04859610097472,580.677146707672,852.6047917279126,1145.6150105323818,2182.0904935556587,2879.246390631389,1899.6256902758896
FE-15,Lower Campbell Valley,2023-10-07,2023,October,748.0,838.4332,40.80647096,-105.1637883,SRID=4326;POINT(-105.16378826887374 40.806470964222704),2023_RobertsRanch_USDA-ARS-20.jpg,0.26845705641523204,17.442677100661783,0.17793163031268086,0.14483849738524668,0.08855636184941353,0.18933711625442248,17.88927369068559,0.11126689163060151,0.4632938408138144,0.3507479066236072,0.13681100585711847,-0.09081046333147617,0.18357645342334675,0.48232260907363744,0.06080412329830089,-0.25199970290561974,138.65292931961454,138.61514079896776,123.0004560207534,141.39253930191578,122.74341229963713,120.23365786628082,849.4492547961593,1246.2377211260414,1634.299653446094,2827.3868275608847,3393.7547203783233,2367.7771716230905
FE-16,Lower Campbell Valley,2023-10-07,2023,October,816.0,914.6544,40.80321532,-105.1637789,SRID=4326;POINT(-105.16377890559535 40.80321531751338),2023_RobertsRanch_USDA-ARS-19.jpg,0.2783559428007366,14.682397910177489,0.14923375885478604,0.16203970377431468,0.021750154906451342,0.17821887102920905,16.98903476022275,0.08691191879316747,0.5300540496679266,0.3923232236731317,0.16741858093901557,-0.12790457652041937,0.16470132107717467,0.41324497361063395,0.052967650306116276,-0.24876374076281954,146.6245661058622,142.88966887858362,130.1444268087016,142.24410572353918,129.2205728496275,127.91128187056268,630.8186255633595,949.9632788963536,1350.5377811500384,2388.0484835440834,3089.3492038321165,2285.932972433991
T-103,Mid Campbell Valley,2023-10-07,2023,October,1734.0,1943.6406,40.81096,-105.19125,SRID=4326;POINT(-105.19125 40.81096),"2023_RobertsRanch_USDA-ARS-40.jpg, 2023_RobertsRanch_USDA-ARS-38.jpg, 2023_RobertsRanch_USDA-ARS-39.jpg",0.30563413286455,17.198623121515503,0.19221437018536164,0.18210571015231716,0.07429536008831607,0.19455225337172793,18.56119287031829,0.10900622015446416,0.5298304185564362,0.41018287865418257,0.14120894988326607,-0.11966405092899426,0.18260112750211488,0.40572237485535156,0.061474120576178036,-0.2367086856100202,144.84699516222835,143.98655393706562,127.1249973372112,145.55981412716656,126.10094262357444,123.0777645441262,625.036247706557,944.7008290107397,1287.278712994482,2415.3923939384267,3072.499900337136,2080.346223017267
T-104,Lower Campbell Valley,2023-10-07,2023,October,850.0,952.765,40.79993,-105.1617,SRID=4326;POINT(-105.1617 40.79993),"2023_RobertsRanch_USDA-ARS-42.jpg, 2023_RobertsRanch_USDA-ARS-41.jpg",0.32100529263895267,14.640318993959967,0.1655681109062419,0.17529702079517553,0.05582070509276815,0.19377459018428178,18.631091648982608,0.10761690731838648,0.5366450892272264,0.4172324107045279,0.1378567677278118,-0.11074160611576064,0.18252407054556524,0.3721392570186661,0.058626678191775534,-0.22214606363980743,149.7806326179859,148.34063543413495,130.30496678214126,149.03200563365814,128.746868209553,125.38164465066767,572.5070284716995,843.8751477948689,1152.8362092005275,2234.8836598787857,2794.7205576567003,2000.0085302043017
T-105,Horseshoe South,2023-10-07,2023,October,612.0,685.9908,40.80374,-105.14214,SRID=4326;POINT(-105.14214 40.80374),"2023_RobertsRanch_USDA-ARS-44.jpg, 2023_RobertsRanch_USDA-ARS-43.jpg",0.2759728775817408,16.95350069360591,0.17521887292643612,0.1564289970742199,0.0671163635068091,0.17893477835147914,17.029655742682994,0.10205647227342576,0.4793303565160255,0.3741013515508658,0.12936329307442107,-0.10939444333616985,0.17087027425977538,0.4191371467954166,0.0527132680971195,-0.23106817897612203,141.12139160267284,143.1484288394675,128.50154354807347,147.45181634603233,128.467468736907,125.37683732906646,711.4630116196595,1068.2986817367212,1384.502804140363,2435.782771976432,3035.0982627009535,2129.7179641665507
T-112,CR80 West,2023-10-07,2023,October,1054.0,1181.4286,40.84739,-105.22089,SRID=4326;POINT(-105.22089 40.84739),"2023_RobertsRanch_USDA-ARS-55.jpg, 2023_RobertsRanch_USDA-ARS-56.jpg, 2023_RobertsRanch_USDA-ARS-1.jpg, 2023_RobertsRanch_USDA-ARS-2.jpg",0.2698448927298866,15.834645392844541,0.1595089352849253,0.17096966002856775,0.00797686750896002,0.1658149147691182,15.896966617715629,0.08516768498363708,0.5184809806847442,0.40518468579662364,0.14422201392774353,-0.1517914508625041,0.15536435910919758,0.3929440271453149,0.044162783854712874,-0.24072945172902466,145.72753620186043,146.0442673062793,133.99548485683562,148.38640236706067,133.7878012069454,131.48265034131535,633.0708631916144,951.2206462687601,1270.1123193460587,2207.020555343946,2996.405173221473,2170.424781764834
FE-17,10Mile,2023-10-06,2023,October,476.0,533.5484,40.86874134,-105.2525244,SRID=4326;POINT(-105.25252439006051 40.868741344861846),2023_RobertsRanch_USDA-ARS-10.jpg,0.2931029744528554,13.577554777589873,0.141786070767136,0.17932411907803558,-0.010788344651455357,0.1769708231392597,17.011065518839555,0.09060971147289676,0.5514785956290689,0.4276821593142984,0.15220601760358532,-0.15259136036582172,0.16431367581409506,0.38075643795768743,0.04870762675265029,-0.246020745239635,149.7151951036373,148.0620343007187,134.28433603063914,148.64682511558095,133.28957497942847,130.94250761446176,566.8816921901143,855.3402531507637,1185.810002109492,2173.0530042654536,2953.881348077916,2217.612959395246
FE-18,10Mile,2023-10-06,2023,October,816.0,914.6544,40.86911472,-105.247881,SRID=4326;POINT(-105.24788100278685 40.869114723600504),2023_RobertsRanch_USDA-ARS-9.jpg,0.33267310073348144,14.612600077158516,0.1703160953400705,0.18722537569128125,0.05376230641349204,0.201098963389665,19.32666040405494,0.11745705495322491,0.544532639498967,0.4339899484189856,0.12683377907839047,-0.1177056405378906,0.18962911441735558,0.3722574509116528,0.061150295970441554,-0.2270393938929474,148.66994233191906,149.2206912429724,129.89233246017324,151.51024240924596,128.46995858564992,124.40281412024218,557.4149514640992,838.7572997037344,1122.1988045081866,2244.9344274437385,2842.155807634578,2011.8558428344982
FE-19,Red Nose,2023-10-06,2023,October,748.0,838.4332,40.87195298,-105.2466507,SRID=4326;POINT(-105.24665069031889 40.871952983779366),2023_RobertsRanch_USDA-ARS-7.jpg,0.2829204876805146,14.444252895452847,0.14821873981944558,0.17931456922757105,-0.010027388542247793,0.17375595638212535,16.657422013436094,0.08819366135911319,0.5438470118692755,0.4220651247928868,0.1525997643957124,-0.158018288298548,0.16211209197642634,0.39443300699865613,0.04712780618206107,-0.25274438245297354,149.0780317212333,147.2048464595783,134.10226510679206,147.61727349214345,133.20997841826306,131.0518325247368,608.9667469065391,904.4169256826442,1244.372329483074,2225.1133319273818,3060.669177183485,2270.4286421043525
FE-20,Steamboat Rock North,2023-10-06,2023,October,1156.0,1295.7604,40.86985136,-105.2432443,SRID=4326;POINT(-105.24324429616809 40.86985136170565),2023_RobertsRanch_USDA-ARS-35.jpg,0.30316764700694265,14.34658350822815,0.15455534604489662,0.19021942414049797,-0.016168831069755196,0.1695448738804302,16.529855118569294,0.08657313989084181,0.5649672261377858,0.45026222117255726,0.1428293133384549,-0.170337774935788,0.15728910691677506,0.34259237754158256,0.04413695432892854,-0.22854597336618282,152.64350035120773,151.87779689341633,137.79597405277374,152.86381240616294,136.65032472086483,133.66861006063127,511.1022858056904,761.7635087302106,1039.0488881320057,1940.6437428370186,2738.178432586886,2002.8796812362384
FE-21,Red Nose,2023-10-06,2023,October,1496.0,1676.8664,40.88140887,-105.2430569,SRID=4326;POINT(-105.24305688453512 40.88140887255807),2023_RobertsRanch_USDA-ARS-8.jpg,0.289304298827726,14.414084501886194,0.1503245432951975,0.18458222961282705,-0.014031748917603615,0.1729140219645458,16.65040397959852,0.08708310084196616,0.5551294078784097,0.43274677186364,0.15299985217371764,-0.1640217507292461,0.16043891962311296,0.3780353083533915,0.046590671681947235,-0.24691101271699684,150.19701918357683,148.35447938575177,135.1512299897203,148.7220055169671,134.1694398016767,131.90547558417623,568.3013553615108,850.5922147526271,1177.1112909646456,2135.5840460413197,2972.627846451989,2195.6094509189033
FE-22,CR80 North,2023-10-06,2023,October,1292.0,1448.2028,40.85266053,-105.1990504,SRID=4326;POINT(-105.19905042450821 40.85266053246918),2023_RobertsRanch_USDA-ARS-6.jpg,0.27499208988908785,14.236859448717414,0.14312259803680666,0.17094788920911377,-0.01192394334520252,0.1670964628850249,16.048214449677953,0.08169746088612811,0.536460348132917,0.4121891165664049,0.15655959723622903,-0.15480623456909098,0.1546068375117187,0.3870083872630947,0.04453350194592345,-0.2453495410280215,147.97263219822227,146.48152086018246,134.79854365881496,147.2577650800144,134.23766934394996,132.44268850809584,593.6221248747509,897.6859009911944,1238.9223205236522,2175.938586726372,2972.78702364938,2228.6729318365406
FE-23,CR80 North,2023-10-06,2023,October,816.0,914.6544,40.84872236,-105.1959854,SRID=4326;POINT(-105.19598536114279 40.84872235587729),2023_RobertsRanch_USDA-ARS-5.jpg,0.27814861048565787,17.501961062676138,0.18328136935547887,0.1811017247812543,0.036763870728660115,0.17696978229569835,16.883254850254705,0.09276217469024263,0.528345834124874,0.40922079374296266,0.148976854382357,-0.14765741338905145,0.16589205627060802,0.4126314550790816,0.0516594339442094,-0.2486782169226496,144.76523828633935,143.7864025728037,130.27206341255024,145.202064354307,129.7181190332713,127.50386293415893,653.2917434897727,981.1513246807016,1332.9678671467036,2358.2842235004464,3172.1347059574855,2187.0908472820547
T-101,CR80 South,2023-10-06,2023,October,1020.0,1143.318,40.83548579,-105.1956234,SRID=4326;POINT(-105.19562343449537 40.83548578877903),"2023_RobertsRanch_USDA-ARS-11.jpg, 2023_RobertsRanch_USDA-ARS-3.jpg, 2023_RobertsRanch_USDA-ARS-4.jpg",0.34106320452469796,15.015111490219393,0.17984431722893168,0.16257044265100581,0.11467234577994945,0.2029545310284699,19.559315643164343,0.11427813309020385,0.5264502492751061,0.39926654747320206,0.13800993844576265,-0.06626955692658466,0.1870693694349307,0.3489400452540158,0.06630606282593399,-0.19262250296152827,146.50240397833014,146.06679379191777,127.15782569913574,148.0402013924319,125.76651184763469,122.25074677500403,496.12079699798676,784.172283630342,1087.5089885009343,2209.7218985704917,2523.810527606976,1755.121242459044
T-102,CR80 East,2023-10-06,2023,October,1258.0,1410.0922,40.84287,-105.17639,SRID=4326;POINT(-105.17639 40.84287),"2023_RobertsRanch_USDA-ARS-37.jpg, 2023_RobertsRanch_USDA-ARS-36.jpg",0.28391784698765776,16.751278331763555,0.17657589937181065,0.17442633092658588,0.037998352171018296,0.17256183879186085,16.572710378212157,0.08363273726697248,0.5406730257592317,0.4073726652757213,0.16279805071521156,-0.13957511660948588,0.1590187691431988,0.3784843300653256,0.05059775321714512,-0.22925196281629226,147.7699236842665,144.6717580753429,131.88450137303232,144.32735767875556,130.9020250445662,129.2040184616641,574.6602965713919,865.9227351316877,1223.2558797102324,2191.1496840242985,2901.321132226138,2029.3149176649429
T-107,Steamboat Rock North,2023-10-06,2023,October,918.0,1028.9862,40.86487,-105.22506,SRID=4326;POINT(-105.22506 40.86487),"2023_RobertsRanch_USDA-ARS-48.jpg, 2023_RobertsRanch_USDA-ARS-47.jpg",0.283063672203529,11.535522833543142,0.1148627949376901,0.14379636985340158,0.0037153222416620954,0.17037977800673842,16.390741236862464,0.07899998376130171,0.5265626454430486,0.3821123381377148,0.17151019823769836,-0.11118983364738423,0.15625221741025322,0.3707419348853828,0.04814694899829549,-0.22383087780682057,150.10643767209163,145.78947985297017,133.71184077513016,144.47399546193398,132.5502740316928,131.3329853989289,559.1337544831609,839.1541358684233,1209.6265320720327,2159.5826263016497,2698.5638127736843,2141.652696187415
T-108,Steamboat Rock South,2023-10-06,2023,October,2006.0,2248.5254,40.86003,-105.24036,SRID=4326;POINT(-105.24036 40.86003),"2023_RobertsRanch_USDA-ARS-50.jpg, 2023_RobertsRanch_USDA-ARS-49.jpg",0.3265291749561667,18.07324234521308,0.21681142123701588,0.17570438537828145,0.08117265053885288,0.15614697405683386,15.79335271769372,0.08043967483935276,0.5472459228382127,0.44424561010814106,0.12118594635113321,-0.13803217683705493,0.14272866352685268,0.2601075790543494,0.04205955272725973,-0.15773928806116,152.73006683571123,155.11729043421906,140.38764795509468,158.5105669446026,139.5025991554306,135.15929315017044,388.28517540198686,600.1351016369056,789.0669497967627,1552.3519716876688,2052.563830189186,1319.6099148220528
T-109,CR80 North,2023-10-06,2023,October,782.0,876.5438,40.85662,-105.1985,SRID=4326;POINT(-105.1985 40.85662),"2023_RobertsRanch_USDA-ARS-52.jpg, 2023_RobertsRanch_USDA-ARS-51.jpg",0.28803752413668204,15.254502309148819,0.15985422736556804,0.19239921610958072,-0.014789659333743375,0.17301856689867595,16.64739275877934,0.08865803244406721,0.557077049850714,0.44011814625214896,0.14839328673548396,-0.17423675832181823,0.16153481213994567,0.3845467807887024,0.04612176175556748,-0.25321501028343757,149.98777775217582,148.6556610736213,135.19364003672862,149.4011891940789,134.25864604529346,131.79837550005067,587.334626887741,871.733031798193,1191.8659262527697,2154.357342773472,3063.1319106288233,2218.337177435714
T-105,Horseshoe South,2023-07-28,2023,July,1643.0,1841.55655,40.80374,-105.14214,SRID=4326;POINT(-105.14214 40.80374),,0.4704324450941358,12.404789018013288,0.2088647989157713,0.2056944496702776,0.22767421355251477,0.31458819364827884,29.85858468340158,0.2619801878411437,0.4811224628907911,0.4549978801676777,0.023724211115828585,0.01994094490774767,0.32074792200378777,0.4170940004301425,0.1177558252402522,-0.20654415950987426,137.5017786591429,154.424143901217,111.6622373747392,176.60619278448326,110.23210036524998,102.30882420527787,618.0772667556869,1001.8542888852487,1075.3023228157936,2974.1778862484935,2863.3595381545515,1876.290742711961
T-106,Red Nose,2023-07-28,2023,July,2163.0,2424.39855,40.87709,-105.23915,SRID=4326;POINT(-105.23915 40.87709),,0.46373738131161957,10.855147265393146,0.17487250637001994,0.2229704439096268,0.12041136762542633,0.2781776886381977,26.77065236092833,0.20850241539978434,0.5445467604006252,0.5062844826793312,0.03683858630740257,-0.055552283658225066,0.2786526181056404,0.36323513294817683,0.09070945640310202,-0.21849493633016936,148.61364409447978,161.63997571668588,123.25636518519433,176.0649507433793,121.15612154070952,112.9597676445866,525.7948802400214,804.520570436019,894.8538785088576,2440.6484025307136,2729.6376393011233,1920.0149950611765
T-108,Steamboat Rock South,2023-07-28,2023,July,4430.0,4965.3655,40.86003,-105.24036,SRID=4326;POINT(-105.24036 40.86003),,0.438742313808827,13.991525085900667,0.2189626366670824,0.2047000084924584,0.17229644255789747,0.24799927615744416,24.126653313260675,0.1746085887848161,0.5264331614019987,0.47671010236248706,0.048425886661449806,-0.04839136505833447,0.24056488870391785,0.3225661370005335,0.0802341153939928,-0.179432065888032,145.85296959374597,157.563346187147,125.15261983034218,170.79282421588994,123.5910963454573,115.5045153990888,464.6452547142856,743.8044547380928,849.5336681466691,2176.633293678294,2397.0314747790944,1535.9976000051627
T-109,CR80 North,2023-07-28,2023,July,1915.0,2146.42775,40.85662,-105.1985,SRID=4326;POINT(-105.1985 40.85662),,0.5186295165021216,10.560233294049867,0.2004234148491254,0.2338058514462029,0.19487957211327603,0.31809736910045866,30.50197846896068,0.25369526712950446,0.5367039916973485,0.522809459743363,0.012021979762636019,-0.005585506501558518,0.32280990342766536,0.3627644549816288,0.11137135804861684,-0.20270772290116515,144.85559766217884,163.04532767227664,116.81719173337129,184.02454330986984,114.70561725054499,106.03347653497495,494.006502716088,797.6979712575899,827.5072602209641,2621.5733449972895,2646.768491166937,1763.028485944116
T-110,Reservior 15,2023-07-28,2023,July,3763.0,4217.75855,40.79403,-105.12008,SRID=4326;POINT(-105.12008 40.79403),,0.49736876914336486,11.597391057831356,0.21097461656737565,0.185224645067815,0.2885816330211176,0.3322500362579909,31.561310412427318,0.28452773100180156,0.4442807862558493,0.4326882789560139,0.010010050811980687,0.08314145907682013,0.33265224123224657,0.4022592092612426,0.1292939038714958,-0.17592852677465165,131.95439673443832,151.99593040409914,107.80720738646149,181.26243963708825,106.90882293834534,98.71123037707989,546.7197029754661,991.855368562404,1023.8436582178848,3034.3846595238338,2570.909142902145,1683.544546120139
T-111,Horsehoe North,2023-07-28,2023,July,3831.0,4293.97635,40.81559,-105.16849,SRID=4326;POINT(-105.16849 40.81559),,0.5849420646701401,9.448287798805069,0.22067997089838698,0.2380906355986225,0.3068285875576838,0.39746292200058514,37.79313634790436,0.35789294579714515,0.5141108969427218,0.519433361535769,-0.004763623332455445,0.09251029957708747,0.4255428876274095,0.4162782123887939,0.16231166434917363,-0.19833128088306598,142.593525010927,164.3801279773945,103.57648938318322,190.47343213274877,101.0554421898878,93.30267529396356,561.2665122652181,887.8326462659504,871.7907653626473,3339.7797401975777,2783.4454064641486,1782.2902670500087
T-112,CR80 West,2023-07-28,2023,July,3380.0,3788.473,40.84739,-105.22089,SRID=4326;POINT(-105.22089 40.84739),,0.47513052888663193,10.605848704141883,0.17558069445335353,0.22420106179689686,0.12923690056950943,0.2835967995996081,27.312025604525715,0.21837250933640467,0.5328494747325226,0.5108432623636533,0.020474318469956267,-0.047421556356666346,0.28527600140734594,0.3585951000191972,0.09219907238078176,-0.21284632013435187,146.1604156897698,162.79617712577306,122.80266001647878,181.78826339306352,121.03075345984807,112.16943480717815,516.5025917426024,814.7604828568425,863.977908275512,2433.772545092992,2673.964369293475,1875.012715112991
T-104,Lower Campbell Valley,2023-07-21,2023,July,2800.0,3138.38,40.79993,-105.1617,SRID=4326;POINT(-105.1617 40.79993),,0.49949782677679383,10.150583961427945,0.17885032761628722,0.2169029414932567,0.18870383028976723,0.32168295124787244,30.688866244266574,0.25520462368793606,0.5369454582330827,0.4921419105634977,0.03877063965276892,0.010201917471682613,0.330487853754233,0.3953324731928916,0.11795091751866164,-0.21597069658633017,149.61890476130813,160.7003580737138,114.87247095004768,172.82460076397717,112.11704784751753,104.69765529003601,571.4604951413864,841.3228295090645,954.2481687013319,2848.8382839925107,2799.2459942464293,1952.340965820063
T-107,Steamboat Rock North,2023-07-20,2023,July,1556.0,1744.0426,40.86487,-105.22506,SRID=4326;POINT(-105.22506 40.86487),,0.39495363423462704,9.729197285790216,0.12633765039105574,0.16435579823903654,0.10073789997780233,0.24742761940981903,23.651724194422926,0.1623839402246228,0.5259893510339909,0.4165977427435865,0.10660735311194211,-0.02592036827571624,0.23578795429600657,0.37780105124720764,0.08388544773011969,-0.2123623750989256,148.8564799305034,150.54939307009013,123.13914489738649,153.77740945541802,121.03782307131773,115.76827407153291,532.6024789792057,818.2913491271077,1084.9652661905973,2501.528261235925,2634.2047627391285,2043.2762802893578
T-101,CR80 South,2023-07-19,2023,July,1512.0,1694.7252,40.83548579,-105.1956234,SRID=4326;POINT(-105.19562343449537 40.83548578877903),,0.5969633157557233,9.055316977429074,0.2191819755149087,0.18626495133056653,0.37754933455126266,0.3725771482269642,35.64368587224848,0.30064924989463987,0.49457083310438155,0.473243344993786,0.0143048972787378,0.17293731979205687,0.36816240799998456,0.3306111711600218,0.1472149469764338,-0.13300129169741062,140.46379665351472,158.24675911593033,105.63585685207755,179.43557179904184,103.26659095398043,95.45848979783088,357.0945253572712,675.7549457518071,714.9233648175419,2845.197831962643,2008.650290682077,1286.688236048987
T-102,CR80 East,2023-07-19,2023,July,1548.0,1735.0758,-105.17639,40.84287,SRID=4326;POINT(-105.17639 40.84287),,0.5570254733812657,9.717530055669982,0.2053482998177962,0.22322130986806962,0.2600862724445134,0.3463732162312549,33.147832277355974,0.27955247043417886,0.5301023849920362,0.5158550814684815,0.010957596804695277,0.05780108070890795,0.3507912282990371,0.3557200081726994,0.12830001996469548,-0.1807040825703052,144.4125692560596,162.4791032151216,111.79755067273463,183.22721631808895,109.37232136705916,101.08921507447708,452.7371220185661,752.6541801625435,782.1419609352265,2755.4236570096537,2450.9119912112938,1615.9072202464013
T-103,Mid Campbell Valley,2023-07-19,2023,July,2128.0,2385.1688,40.81096,-105.19125,SRID=4326;POINT(-105.19125 40.81096),,0.6112008587795661,10.317853524815302,0.274061804938782,0.20178036771775956,0.3997728704621405,0.3540445580888563,34.384917714943406,0.28634950949735055,0.4930249259604963,0.5110112642300444,-0.01193734715956297,0.144461827130593,0.3591098177492539,0.3055936238007753,0.13289230573809865,-0.13044621332821418,143.29611726726654,165.22808778801982,110.79703203162146,189.30784091153524,108.41889777589394,99.28113149233884,370.78224421839894,651.7611338874415,623.0653831343133,2580.5165802166925,1966.4709325237238,1168.9176742393709
FE-24,CR80 South,2023-07-18,2023,July,1944.0,2178.9324,40.8317341,-105.1954024,SRID=4326;POINT(-105.1954024 40.8317341),,0.4715977001799594,10.834864444161761,0.1777192361663908,0.19908447816272776,0.19698938975441474,0.3120963689643387,29.63634759256488,0.2470364688259922,0.5095169869148313,0.456841617360905,0.04778241652210209,0.020442257121172286,0.31055440848212534,0.40515687318123295,0.11669265757817243,-0.20980196268531384,141.2605600274669,153.523006277139,113.18381191729677,168.9982702695888,111.3968802673313,104.39313141856186,552.5723330841129,905.6013084478022,1042.091974525538,2905.4878962902535,2785.5230492193637,1946.3290123594345
FE-25,CR80 South,2023-07-18,2023,July,1008.0,1129.8168,40.8318167,-105.1955244,SRID=4326;POINT(-105.1955244 40.8318167),,0.5244418819369714,10.48059403694933,0.201151513210079,0.2027924443483371,0.2648969347588591,0.33434487937336355,31.903227404514407,0.2695026138802377,0.5039815692900944,0.47493309204506196,0.024610434693429963,0.0673707206591806,0.3362608168008385,0.3690519604013252,0.1263820306674976,-0.17786844761944592,141.67115506800044,157.86900623687265,111.13715804983191,177.22314023359985,109.07994341206827,101.30596971566212,484.1590945811723,811.503652026754,878.6544636721592,2822.947106011887,2465.9768896234873,1640.4205074480712
FE-26,CR80 South,2023-07-18,2023,July,1436.0,1609.5406,40.8318313,-105.1953985,SRID=4326;POINT(-105.195398487073 40.83183130352453),,0.4715977001799594,10.834864444161761,0.1777192361663908,0.19908447816272776,0.19698938975441474,0.3120963689643387,29.63634759256488,0.2470364688259922,0.5095169869148313,0.456841617360905,0.04778241652210209,0.020442257121172286,0.31055440848212534,0.40515687318123295,0.11669265757817243,-0.20980196268531384,141.2605600274669,153.523006277139,113.18381191729677,168.9982702695888,111.3968802673313,104.39313141856186,552.5723330841129,905.6013084478022,1042.091974525538,2905.4878962902535,2785.5230492193637,1946.3290123594345
T-104,Lower Campbell Valley,2022-07-19,2022,July,357.0,400.14345,40.79993,-105.1617,SRID=4326;POINT(-105.1617 40.79993),,0.22392283736456964,12.722515132678282,0.11175378307788306,0.17115117394904675,-0.10353222463234582,0.14434473056846733,13.745868209284291,0.06339127798307226,0.530607397070066,0.41689488994628043,0.16167527202532953,-0.21284493074898653,0.13975301567400295,0.45120169571782964,0.02633763230416802,-0.3086384178992148,152.48440184058376,149.03315409730547,141.27783153101205,148.16138952295557,140.78577978722004,140.5858424333423,797.0655779546363,1089.8716171566732,1462.5094121688287,2306.417564981111,3553.2972623764626,2839.571224855824
T-104,Lower Campbell Valley,2022-07-19,2022,July,357.3333333,400.5170666,40.79993,-105.1617,SRID=4326;POINT(-105.1617 40.79993),,0.22392283736456964,12.722515132678282,0.11175378307788306,0.17115117394904675,-0.10353222463234582,0.14434473056846733,13.745868209284291,0.06339127798307226,0.530607397070066,0.41689488994628043,0.16167527202532953,-0.21284493074898653,0.13975301567400295,0.45120169571782964,0.02633763230416802,-0.3086384178992148,152.48440184058376,149.03315409730547,141.27783153101205,148.16138952295557,140.78577978722004,140.5858424333423,797.0655779546363,1089.8716171566732,1462.5094121688287,2306.417564981111,3553.2972623764626,2839.571224855824
T-105,Horseshoe South,2022-07-19,2022,July,256.0,286.9376,40.80374,-105.14214,SRID=4326;POINT(-105.14214 40.80374),,0.26631670246763556,13.890897788871046,0.13659787316802988,0.17168502878835948,-0.02257152225308368,0.17644148748404118,16.750424874847035,0.1146575638765837,0.4794526622110087,0.4077646680413519,0.0948463252484962,-0.1586936726527549,0.17860479454160647,0.46030797607866714,0.041286020047422836,-0.28284462172943414,144.43314100510136,150.63631407851904,134.39839703908396,158.73835777765908,134.63979666599496,129.8412765059993,861.5669575286596,1214.0286115763563,1451.706131144808,2505.4231931535737,3451.146071258901,2621.991228723305
T-110,Reservior 15,2022-07-19,2022,July,139.0,155.79815,40.79403,-105.12008,SRID=4326;POINT(-105.12008 40.79403),,0.19504426616651133,13.067779424272432,0.10758104328528624,0.13134992625725925,-0.07047074498720025,0.13816469118256736,13.046630471919022,0.0702709440437774,0.45102856203997316,0.35936746811159614,0.13277890746302762,-0.17672548902749569,0.13456860428512535,0.5231398734199344,0.022542305228326,-0.3174005001171251,137.86713910759326,141.76660702730496,136.44569187015867,148.6405553290559,139.17358055934034,138.25905527879087,969.0684721072864,1445.6180334801675,1800.7618466232177,2673.4936444988666,3820.951001553148,3078.903294659586
T-110,Reservior 15,2022-07-19,2022,July,138.6666667,155.4245334,40.79403,-105.12008,SRID=4326;POINT(-105.12008 40.79403),,0.19504426616651133,13.067779424272432,0.10758104328528624,0.13134992625725925,-0.07047074498720025,0.13816469118256736,13.046630471919022,0.0702709440437774,0.45102856203997316,0.35936746811159614,0.13277890746302762,-0.17672548902749569,0.13456860428512535,0.5231398734199344,0.022542305228326,-0.3174005001171251,137.86713910759326,141.76660702730496,136.44569187015867,148.6405553290559,139.17358055934034,138.25905527879087,969.0684721072864,1445.6180334801675,1800.7618466232177,2673.4936444988666,3820.951001553148,3078.903294659586
T-111,Horsehoe North,2022-07-19,2022,July,127.0,142.34795,40.81559,-105.16849,SRID=4326;POINT(-105.16849 40.81559),,0.19653790467191878,14.268046776152811,0.11924779994575825,0.16719522869409176,-0.11344608897582052,0.13877323688737306,13.108493416320787,0.06019249501796261,0.5134109465238095,0.40768739687857886,0.15834680169197218,-0.22958699681937142,0.13740666590613104,0.5382312829615605,0.020273810709724307,-0.3644481522543046,147.84796882871828,145.73347939504953,140.08745591855043,146.19693816465767,140.5672410313836,141.14906007470907,997.6641026264839,1365.3995608651499,1786.9216763197394,2661.574072353619,4244.774707464152,3341.6590902833127
T-111,Horsehoe North,2022-07-19,2022,July,126.6666667,141.9743334,40.81559,-105.16849,SRID=4326;POINT(-105.16849 40.81559),,0.19653790467191878,14.268046776152811,0.11924779994575825,0.16719522869409176,-0.11344608897582052,0.13877323688737306,13.108493416320787,0.06019249501796261,0.5134109465238095,0.40768739687857886,0.15834680169197218,-0.22958699681937142,0.13740666590613104,0.5382312829615605,0.020273810709724307,-0.3644481522543046,147.84796882871828,145.73347939504953,140.08745591855043,146.19693816465767,140.5672410313836,141.14906007470907,997.6641026264839,1365.3995608651499,1786.9216763197394,2661.574072353619,4244.774707464152,3341.6590902833127
T-101,CR80 South,2022-07-18,2022,July,277.0,310.47545,40.83528,-105.19559,SRID=4326;POINT(-105.19559 40.83528),,0.3713924205051841,12.163386557909856,0.15350501220910834,0.1822040337511838,0.08225100561995569,0.23236787883404586,22.217026007199618,0.15108660663840995,0.5319612031975247,0.43202893097977074,0.10545051891913884,-0.0721233827293347,0.22322065151257434,0.38711273603332225,0.07558223960212472,-0.22669862525972911,148.2429809094739,150.71584591278207,125.39662209502306,154.7023644717819,123.60027840044151,118.37979380476898,574.8682885804199,865.4213750189831,1124.0259246561782,2453.3933995298758,2833.561898503578,2080.89341163985
T-101,CR80 South,2022-07-18,2022,July,277.3333333,310.8490666,40.83548579,-105.1956234,SRID=4326;POINT(-105.19562343449537 40.83548578877903),,0.3713924205051841,12.163386557909856,0.15350501220910834,0.1822040337511838,0.08225100561995569,0.23236787883404586,22.217026007199618,0.15108660663840995,0.5319612031975247,0.43202893097977074,0.10545051891913884,-0.0721233827293347,0.22322065151257434,0.38711273603332225,0.07558223960212472,-0.22669862525972911,148.2429809094739,150.71584591278207,125.39662209502306,154.7023644717819,123.60027840044151,118.37979380476898,574.8682885804199,865.4213750189831,1124.0259246561782,2453.3933995298758,2833.561898503578,2080.89341163985
T-102,CR80 East,2022-07-18,2022,July,416.0,466.2736,-105.17639,40.84287,SRID=4326;POINT(-105.17639 40.84287),,0.2258809029877668,13.001805538429547,0.1152547290174661,0.17145904033304535,-0.09725035652149892,0.14492297883872168,13.809851601309024,0.06765493108572505,0.522245188446758,0.41616623287931775,0.150820138227552,-0.21016120658968798,0.14146774574207638,0.448020641885928,0.02617622563949235,-0.3030326304771949,151.8150727182864,149.789988564201,141.34652461879165,149.9402138172427,141.00646231760865,140.16508069770242,808.5678554704299,1102.9960577701897,1448.8858574830601,2293.425717489539,3512.7586012349893,2787.5996789215383
T-103,Mid Campbell Valley,2022-07-18,2022,July,325.0,364.27625,40.81096,-105.19125,SRID=4326;POINT(-105.19125 40.81096),,0.2293491760343066,13.82527502473491,0.12430482145752657,0.17442414532267708,-0.08404362277568658,0.1516532157786589,14.401654801569485,0.07357556110881802,0.522004587648859,0.41582149842377386,0.14977114766948876,-0.20622346692189875,0.14792028164825186,0.47003655936483624,0.02991245463723043,-0.3144286592591616,149.4360266701112,147.92374645052962,138.8478762992454,148.6325868795563,138.66121858256946,137.64079208651341,836.2190177565393,1158.906005195155,1522.4074951106222,2427.142172441393,3686.5272232815846,2872.694769038981
T-103,Mid Campbell Valley,2022-07-18,2022,July,325.3333333,364.6498666,40.81096,-105.19125,SRID=4326;POINT(-105.19125 40.81096),,0.2293491760343066,13.82527502473491,0.12430482145752657,0.17442414532267708,-0.08404362277568658,0.1516532157786589,14.401654801569485,0.07357556110881802,0.522004587648859,0.41582149842377386,0.14977114766948876,-0.20622346692189875,0.14792028164825186,0.47003655936483624,0.02991245463723043,-0.3144286592591616,149.4360266701112,147.92374645052962,138.8478762992454,148.6325868795563,138.66121858256946,137.64079208651341,836.2190177565393,1158.906005195155,1522.4074951106222,2427.142172441393,3686.5272232815846,2872.694769038981
T-106,Red Nose,2022-07-18,2022,July,480.0,538.008,40.87709,-105.23915,SRID=4326;POINT(-105.23915 40.87709),,0.23606765077615818,13.431581357911965,0.12201013515732685,0.1767247179959319,-0.0854594319919678,0.15229712792186634,14.500661000416388,0.07980717994161635,0.5156344520227054,0.42102826801116183,0.13342061846261838,-0.20530189488208678,0.1507273296845935,0.4512938098404573,0.028853209332020673,-0.3024651024207377,150.51545336761632,150.86874645760287,140.3315084491906,152.9605145067617,140.12030400470152,138.0120103437154,825.1113742570387,1129.0945907427263,1439.6329559981502,2330.266045730529,3535.763373056986,2767.0814343150532
T-107,Steamboat Rock North,2022-07-18,2022,July,171.0,191.66535,40.86487,-105.22506,SRID=4326;POINT(-105.22506 40.86487),,0.2935181889122022,11.838386358637118,0.12153611876098082,0.1542489967620743,0.009767913439251109,0.18452667570591158,17.629338793407417,0.09836274257219679,0.5180379483405665,0.3925011106426188,0.14874402571920517,-0.11188241063210307,0.17579348119032373,0.400042861778462,0.052604798750112536,-0.2409526232997552,151.39258826493148,147.87340047772616,132.0734233548066,146.98494557174416,130.4777905630578,127.95856482019894,654.7913928384231,926.7089036765449,1273.5476955405616,2332.364321255725,2919.7307376470008,2286.9613017307056
T-107,Steamboat Rock North,2022-07-18,2022,July,170.6666667,191.2917334,40.86487,-105.22506,SRID=4326;POINT(-105.22506 40.86487),,0.2935181889122022,11.838386358637118,0.12153611876098082,0.1542489967620743,0.009767913439251109,0.18452667570591158,17.629338793407417,0.09836274257219679,0.5180379483405665,0.3925011106426188,0.14874402571920517,-0.11188241063210307,0.17579348119032373,0.400042861778462,0.052604798750112536,-0.2409526232997552,151.39258826493148,147.87340047772616,132.0734233548066,146.98494557174416,130.4777905630578,127.95856482019894,654.7913928384231,926.7089036765449,1273.5476955405616,2332.364321255725,2919.7307376470008,2286.9613017307056
T-108,Steamboat Rock South,2022-07-18,2022,July,240.0,269.004,40.86003,-105.24036,SRID=4326;POINT(-105.24036 40.86003),,0.27053367572396525,15.588216835709428,0.1571962694177251,0.19978852294939498,-0.047258435055465,0.16384892594831046,15.745292787485608,0.09424469653756017,0.5312301157801687,0.4487752885715935,0.11241108009156658,-0.2028931985353571,0.1608940277613544,0.404374010836139,0.03620884800482318,-0.2711123682456074,150.25294594196032,153.45941640253656,139.16937524836425,157.924611170214,138.77967965221862,134.8242075095182,711.5859429342173,996.2501633652962,1238.5736636048432,2155.5678481529653,3253.90704765152,2370.3956891288412
T-109,CR80 North,2022-07-18,2022,July,160.0,179.336,40.85662,-105.1985,SRID=4326;POINT(-105.1985 40.85662),,0.2260583578012842,14.233198773722592,0.1275161477916641,0.1866884973873006,-0.10420045738573877,0.14852034555792143,14.115000500795142,0.07286056644067614,0.5322103887251344,0.4323268935587308,0.1448355763166463,-0.22869221804870057,0.14545532437442574,0.4729797516368287,0.026476849292639316,-0.3279089188188445,150.15658265244537,149.48444281761326,140.79661220637672,150.77124426290118,140.78293576772032,139.5802018344871,840.9681661411303,1162.7260116492523,1509.746216742422,2391.6609280980506,3806.259557235139,2945.7855395225038
T-112,CR80 West,2022-07-18,2022,July,228.0,255.5538,40.84739,-105.22089,SRID=4326;POINT(-105.22089 40.84739),,0.24250884929989536,12.898492183316938,0.11835021623752205,0.1760657153875001,-0.08339702462961783,0.15783144061796434,15.015540150669793,0.08711907879676313,0.5117017869004065,0.4218220711004298,0.12553737036859836,-0.199761334812612,0.1542296851685059,0.4587962163591971,0.03126069033084084,-0.30682505288545325,146.62655278519753,149.59892908642897,138.91844759620454,154.28921775885783,139.4275508882642,136.7499083181794,805.5683049183858,1156.210612684581,1456.4662679925034,2386.736830664719,3578.5971500607484,2821.9750566228545
T-106,Red Nose,2022-06-02,2022,June,589.0,660.18065,40.8771137,-105.2389385,SRID=4326;POINT(-105.2389385 40.8771137),,0.23251854473015887,12.41998113014097,0.11103698220070451,0.1582188747739425,-0.07266184352661492,0.15190601095483602,14.443590989768587,0.08523593917031627,0.4825034534777559,0.3978342148150479,0.11800040557787282,-0.18223250350799877,0.1511980513606133,0.4578792281827462,0.02819460114808459,-0.2920070382699024,146.49750291807194,149.92827745346452,139.3738600287282,154.98598128411152,139.99528793378755,137.1147778583901,862.5056677308149,1204.3048129048968,1486.3008501202264,2383.7128013418087,3447.289426429803,2758.9105819834317
T-107,Red Nose,2022-06-02,2022,June,635.0,711.73975,40.8779583,-105.2404601,SRID=4326;POINT(-105.2404601 40.8779583),,0.3021183113495033,10.35980550842075,0.10713218644922108,0.1464331586334304,0.01321806534381597,0.1932918506879627,18.424453209737607,0.10758786416648147,0.5088090281553385,0.385141612614518,0.1428245809948132,-0.09402637236276377,0.1832410389417399,0.41054719323701394,0.056689602805512405,-0.24367589397272277,148.93935007134897,146.9617776301057,130.3154818841011,147.31592406007024,128.97091983161977,126.03627906145023,654.8130862838635,955.5908265338767,1303.209527820078,2426.934399814028,2932.8672137069866,2366.197366506523
T-108,Steamboat Rock South,2022-06-02,2022,June,1065.0,1193.70525,40.8599928,-105.2404228,SRID=4326;POINT(-105.2404228 40.8599928),,0.3325492356682596,14.450419370311188,0.1690303438868063,0.19647738240996482,0.04101045435333969,0.2089235331097422,19.973721923073388,0.14388345364891322,0.5080220367462807,0.4424992706748949,0.07809328910042919,-0.12888676888695014,0.20684804200667162,0.40902590140258566,0.05993640104459927,-0.24849913467650556,144.32348691098977,152.70399236409645,129.85135250129548,163.0756658937389,129.33816463393924,123.01816698988932,684.0346805282763,1017.0025007746468,1203.9421557814821,2405.650765711896,3112.2691372993113,2211.1439818959457
T-113,10Mile,2022-06-02,2022,June,476.0,533.5246,40.8652921,-105.2598501,SRID=4326;POINT(-105.2598501 40.8652921),,0.23769879745026984,12.563096444696297,0.11370275567715163,0.17478475324956383,-0.0925089077442737,0.15599300267774574,14.824535172734468,0.09230425711142734,0.4976435890069109,0.4211780480818232,0.10878812606857671,-0.2040976935601604,0.15917543535803108,0.4703818130683967,0.027072997354895163,-0.31344517450613735,149.38665975964884,153.22739948269478,140.90314634856514,158.3872026360291,141.11482320530405,137.6584803958298,902.6217141202446,1222.8336481880165,1484.7546364971902,2409.504159328151,3646.0843975276816,2902.5042063119245
FE-27,CR80 West,2022-05-26,2022,May,456.0,511.1076,40.84745651,-105.2208478,SRID=4326;POINT(-105.22084783762693 40.84745651298932),,0.23897607039225463,11.653918776182373,0.10480753770054393,0.16053104796729029,-0.07912128862879172,0.15710996354249682,14.928362723793818,0.08694196579797582,0.4951272307208651,0.40385288687575993,0.1259748397861108,-0.18239054641146196,0.15309453701781295,0.46089442088791155,0.03136233536890169,-0.2998015914759463,145.1446128896593,148.48579565935526,138.2931115084229,153.7058715909875,139.09903434147594,136.57000185445546,812.6290326278192,1180.9631411465623,1484.721319887603,2417.5563315652294,3494.3575149806866,2831.798474542049
T-102,CR80 East,2022-05-25,2022,May,1216.0,1362.9536,-105.17639,40.84287,SRID=4326;POINT(-105.17639 40.84287),,0.2502915267818264,13.32668294960464,0.1255217384219997,0.1706659673522125,-0.054307273526714606,0.16404685875132066,15.592570291566247,0.09295094926388524,0.5026531624382602,0.41075912317549235,0.124889178914288,-0.1786118141239042,0.1623818525739923,0.4548647886012096,0.03602822339592615,-0.29198140326914196,147.6126642686254,149.50180684903873,136.92144957675418,153.10897391269074,136.84145913892468,134.05547610366085,823.5217269239251,1151.3173691748827,1452.38587130958,2424.036118510261,3475.5351341644578,2700.7831881784314
T-101,CR80 South,2022-05-13,2022,May,329.0,368.75965,40.8354812,-105.1957198,SRID=4326;POINT(-105.1957198 40.8354812),,0.2580867055894627,13.203018204414235,0.12591720513915658,0.14173921521922395,0.004005094663085566,0.16739338371122114,15.931481241909331,0.08593019272580575,0.48606410772634945,0.3682991449396051,0.14778011729513715,-0.12198970154510216,0.16053377660974769,0.42799363456366896,0.04419913830254038,-0.2490907280980444,146.7728003777668,144.98247975431127,132.66950661557345,145.61809211432018,132.07467422089562,130.24880555156366,750.7634685711579,1067.5071713003188,1424.9621356077091,2408.9424630921444,3079.1126133373173,2391.0037125638423
T-107,Steamboat Rock North,2022-05-13,2022,May,456.0,511.1076,40.86487,-105.22506,SRID=4326;POINT(-105.22506 40.86487),,0.2558395821504409,10.436342848812158,0.0972501805161236,0.1371322117502256,-0.03237764532969971,0.1619383793795308,15.458101431549977,0.07598236743266097,0.5030512160012712,0.37281770451545704,0.16391403814486785,-0.12924111004539293,0.1522596547115371,0.4105809695720641,0.04090546693519073,-0.25089069453376656,149.60625601590863,146.06644558529067,135.52077687843163,145.34377287073815,134.76578144371177,133.90494773860092,684.5724187363916,982.7441447250388,1357.9993354255885,2292.1811214113295,2971.0771096080753,2444.9067801268943
FE-28,CR80 South,2022-05-11,2022,May,785.0,879.86725,40.83766222,-105.1842645,SRID=4326;POINT(-105.1842645 40.83766222),,0.21149317317910493,14.138296318244494,0.12175829940558767,0.14003755577799812,-0.046252474045522025,0.14179607373565922,13.450994661815539,0.06912792271326693,0.46600383613793883,0.36539325643659704,0.14073034446787128,-0.1670653295011972,0.13860315874106385,0.47025645116905035,0.027509251501240273,-0.28207539477453897,143.23994477416744,144.33087275643126,136.93768259540502,147.6190077645262,137.98950605946473,137.0907519040867,887.450386619305,1257.9841506362634,1605.5041140885703,2462.0390933373687,3446.3850354843926,2697.354696816273
T-102,CR80 East,2022-05-11,2022,May,513.0,574.99605,-105.17639,40.84287,SRID=4326;POINT(-105.17639 40.84287),,0.20061184886303474,13.22723466728552,0.11037561705848369,0.13988626508873553,-0.07425176861253122,0.1337296350402449,12.689397278503746,0.06140416485156319,0.4696541375386469,0.3698705696728471,0.14353368185478732,-0.18312849451629604,0.13128431258096837,0.4725155090632689,0.02150005972315014,-0.2924002307127193,144.85620946094377,145.63714610947937,139.681499547561,148.49755593229787,140.82712374784734,140.4545160208166,903.1624836223095,1264.1720210861479,1611.848707422296,2414.916262422312,3497.703190461263,2802.974988815491
T-103,Mid Campbell Valley,2022-05-11,2022,May,329.0,368.75965,40.81096,-105.19125,SRID=4326;POINT(-105.19125 40.81096),,0.21429243884978033,14.565934293796225,0.126979538625829,0.14147114810586398,-0.038668094450835376,0.1525773140178582,14.407152291607487,0.07610465255710432,0.47213432666305793,0.36607205331218223,0.14722981423227216,-0.16484779633701546,0.15112345233343416,0.5236274661309307,0.032676633432475885,-0.3133318551992291,143.15303425828975,142.29286667652227,133.49883021218244,144.0326583407611,133.96518700934632,133.37522472280767,992.7223942388534,1381.737723098548,1788.4784878467447,2757.618847970515,3846.0184859578753,2980.1748093021147
T-104,Lower Campbell Valley,2022-05-11,2022,May,481.0,539.12885,40.79993,-105.1617,SRID=4326;POINT(-105.1617 40.79993),,0.20015511137887024,13.141181902273365,0.10930266023818538,0.13540435835879558,-0.0685768170198074,0.1378260651964231,13.042156031401827,0.0634229658326306,0.4677100659547193,0.36372638311793226,0.14847121252255094,-0.17653706741714942,0.13835527259835267,0.49658630348780114,0.02321939562011465,-0.3033077921779266,147.38281057134776,145.64962133216167,138.57824422350583,146.34877457085696,138.84058212433055,138.72957853802032,985.4122981051603,1321.84181120661,1700.3188676114878,2550.7729414433734,3642.0681225276776,2924.379103979791
T-110,Reservior 15,2022-05-11,2022,May,304.0,340.7384,40.79403,-105.12008,SRID=4326;POINT(-105.12008 40.79403),,0.1767585795223625,13.475988946981179,0.10653635790438573,0.11236601849480565,-0.059560733667825785,0.12683580036849476,11.965408175075442,0.05684100995903044,0.4284622733776047,0.3320355641995447,0.14149238112124876,-0.16506157359001208,0.1229714787512592,0.5308721442755471,0.01828027153963076,-0.3073151072372515,135.89745713636225,139.0361781296619,136.00160853522522,145.3952749015517,139.31468802288538,139.75387427235907,1011.079377555214,1508.65097478717,1891.416830323539,2700.809076314538,3771.6466611944343,3044.9209112652775
FE-29,CR80 South,2022-04-15,2022,April,988.0,1107.3998,40.8375922,-105.1845455,SRID=4326;POINT(-105.1845455 40.8375922),,0.18043091150389148,15.351353231544232,0.12447692198906236,0.1270116281680972,-0.05102701991914896,0.12315860863597963,11.658587546280923,0.037215436377535174,0.4731663184041212,0.34394533805679933,0.1855368213468264,-0.1743869980103164,0.11663333370535411,0.47867266612172915,0.022262703584809307,-0.28488472302980883,143.06177295440125,139.37326189339345,136.96852380645893,139.1223439383429,138.05821038591714,140.91618721757413,878.6415703208595,1255.2822034533733,1712.0701499580778,2465.3642890710585,3506.702822942016,2729.772892423815
FE-30,CR80 North,2022-04-15,2022,April,456.0,511.1076,40.8513417,-105.1974645,SRID=4326;POINT(-105.1974645 40.8513417),,0.172516095218887,13.614551450097636,0.1068064055542569,0.11628271387366793,-0.06921441908680173,0.12170423921448097,11.495234824243303,0.04224114828137109,0.4513974244647583,0.3370593084946985,0.1677910848662031,-0.1747133440757987,0.1171562776374257,0.5140271658029876,0.01768498390419726,-0.3048869194705862,140.21369110909504,139.44602934536937,137.40388489373217,141.5930149969884,139.49765937066368,141.70994126804987,971.4225038556989,1403.1628988216576,1839.4957444526,2605.5309680623095,3706.3222829498513,2989.783100166693
FE-31,Lower Campbell Valley,2021-11-19,2021,November,988.0,1107.3998,40.79870307,-105.1555139,SRID=4326;POINT(-105.15551391988994 40.79870306857535),,0.21035701249062458,15.611183279197673,0.13708640669842462,0.14788293389914758,-0.051228386753551985,0.11809626338257463,11.502862938162938,0.03618320498345047,0.5218059795753119,0.3818640954647704,0.1945312765098992,-0.18692989243991284,0.11038979151302408,0.3421029176909524,0.02324355741823604,-0.21648102576679232,156.93059460563276,149.03082806879843,144.4823674312275,145.12618395662292,143.40452691787524,145.29821601741136,611.2193567336684,821.1497887492512,1169.2033733554706,1797.5336801750593,2619.407441733862,1991.2638564445285
FE-32,Campbell Springs,2021-11-19,2021,November,849.0,951.60165,40.80582071,-105.196362,SRID=4326;POINT(-105.19636195152997 40.805820713484565),,0.1910074223881274,15.41953718545641,0.12788615310995366,0.14701600004875107,-0.08884055352608007,0.09977846111862831,9.87288492032393,0.031873557401220096,0.502666265243451,0.3893558508506386,0.16786663593980172,-0.2142716812374531,0.09369071597669329,0.31748480536185997,0.013015160663202121,-0.2063030948398598,154.83829732662616,152.74538058698008,150.39849559054468,152.57671501023492,150.8400845112088,152.06983323178306,592.8573440365795,813.3339638289854,1080.0836050472356,1590.4065316532574,2458.4120834421187,1901.19204496
FE-33,Horseshoe South,2021-11-19,2021,November,836.0,937.0306,40.81154219,-105.1427,SRID=4326;POINT(-105.1427000015974 40.81154219325231),,0.23145735632499187,21.095679597800434,0.20348142199654173,0.1485108800802994,0.07894947861182416,0.15510569624808573,14.680568766196812,0.06491378073222027,0.4871484825637583,0.347779502878073,0.17923343603063258,-0.12658479761636404,0.14493264050972302,0.4323515069277679,0.04646728366310386,-0.23107083442654236,141.42826499018702,136.80025977660608,127.93146717495408,135.89693371171913,127.70414161429693,128.17401373455314,746.726721934316,1089.9833414002646,1528.1171405267714,2453.5522335542396,3150.5625153891638,2087.675862415181
FE-34,CR80 South,2021-11-19,2021,November,1201.0,1346.14085,40.8447148,-105.1957122,SRID=4326;POINT(-105.1957122 40.8447148),,0.20500391052364697,17.945866901222715,0.15729476314421975,0.16125395150705846,-0.03976138443071868,0.1284126677802536,12.273613109999996,0.04587489487443188,0.5102967434858827,0.3853607260918386,0.17771880792415196,-0.19582189781521694,0.12003692231493418,0.415095384870795,0.026389184392185135,-0.25971724691164305,146.01024263283884,143.20251807204826,138.8188660139091,143.2110553082268,139.397139709906,140.769228386486,719.2404523822241,1041.7263216097633,1425.7799514196092,2160.4137092304973,3213.8734854338177,2340.2292109334626
FE-35,CR80 North,2021-11-19,2021,November,581.0,651.21385,40.85129216,-105.197414,SRID=4326;POINT(-105.19741404801609 40.851292163383334),,0.18855686738320443,16.90950451597963,0.1412379241286625,0.13499215773504855,-0.031148295798418817,0.1256934747887506,11.920385230382907,0.038052784308247566,0.483271687745521,0.34892314626545806,0.18998761592829685,-0.17163617929818534,0.11730218506169177,0.45426619921202105,0.02598877114960136,-0.26903812852756603,142.84532193648494,138.92321419005762,136.06425113345801,138.46951482887113,136.99173089514014,139.75788065168803,804.3666825877002,1170.3130905574926,1621.4187936792823,2374.3720853129407,3361.925061920453,2529.958969445045
FE-36,Red Nose,2021-11-19,2021,November,524.0,587.3254,40.87524905,-105.2441837,SRID=4326;POINT(-105.24418372660877 40.87524904663797),,0.18613613981658222,14.237295468476251,0.1158234693093298,0.14608813866371895,-0.09269311511527484,0.11608825432478348,11.10283116263981,0.03380012594315725,0.5059195541955726,0.3780561254358409,0.18724587415948982,-0.20634916749005203,0.10947600157479989,0.4187726056553592,0.017562917479884903,-0.27046753262348505,149.76565003447712,145.28765053353098,143.19340413942132,143.89130964545745,143.63435494870026,146.30750994744628,755.1310990270583,1053.7658713872652,1448.282403836426,2110.3984108171653,3199.914449372292,2535.964924820924
FE-28,CR80 South,2021-10-26,2021,October,1292.0,1448.1382,40.83766222,-105.1842645,SRID=4326;POINT(-105.18426451832055 40.837662221016764),,0.22695414486081722,16.140440541185683,0.14693489171469862,0.16422535501303628,-0.04328347398157775,0.13575597853701968,13.07359227883444,0.05059502625645809,0.5324880803886849,0.39883745481844035,0.18294823115738076,-0.18898013799215188,0.1252892502315656,0.38217332992551184,0.03059969835059669,-0.24543469334870416,149.92595262992677,145.58070561747772,139.56703810910716,144.27250360129605,139.31503130379073,140.1380340019493,626.2949254553407,909.2259948497086,1280.732267658927,2034.551745538762,2977.605613841726,2214.539391199885
FE-38,10Mile,2021-10-26,2021,October,1343.0,1505.30155,40.8616073,-105.2600959,SRID=4326;POINT(-105.2600959315896 40.86160729757699),,0.2719594729526916,17.069790546300112,0.17777741958615512,0.1389504179151606,0.04166371448217566,0.1281635250455052,13.088594813095098,0.05000740133069046,0.5422855761841906,0.39429975993078703,0.18140467372354765,-0.13691062948932708,0.11358277150774074,0.27777650194417197,0.03357326480357666,-0.1734229641421626,153.2012343231254,150.63792465272886,143.63212267996883,150.25548329593718,143.28514548338572,142.90284205664582,392.11416602707897,625.501685017529,914.9284358082402,1575.7477028501953,2145.2615400390077,1551.669845580308
FE-39,Steamboat Rock North,2021-10-26,2021,October,973.0,1090.58705,40.87056115,-105.2380053,SRID=4326;POINT(-105.23800525814293 40.870561145363794),,0.22149958965657524,15.083818981651953,0.13434708500884537,0.180781639342441,-0.09543211653312737,0.1331811973911448,12.817823916097277,0.05296286028188825,0.544720475752405,0.42696319762477225,0.1695776499837101,-0.22686729584776533,0.1268095399949284,0.4016161017226144,0.024183125721514275,-0.27712936315220255,154.2231425425233,149.98897090212796,143.49538460009188,148.42240263654816,142.92825729212413,143.2276919055822,698.5022909222897,956.0938047649221,1302.4981440027454,2045.5671523568333,3241.310740091917,2472.7209858861365
FE-40,Mid Campbell Valley,2021-10-22,2021,October,1900.0,2129.615,40.8030533,-105.1831888,SRID=4326;POINT(-105.1831888 40.8030533),,0.2956976076270126,19.44683976169103,0.21810538818367606,0.1635290294788372,0.11800418080241562,0.17249849447774834,16.681591413650178,0.08489906390729102,0.5215330791395332,0.3861940898482043,0.15796298426356079,-0.10249916309165523,0.15812576642842852,0.34039367448587804,0.05405387796071889,-0.18670505422724054,146.79797123344918,144.22342313255098,130.461745698402,144.23050013936773,129.39477748517382,127.29017743694685,520.6659185816764,794.0652621658534,1118.7901910576734,2060.1523633799998,2534.358393723974,1627.9011121489152
FE-41,Upper Campbell Vally,2021-10-20,2021,October,1349.0,1512.02665,40.8235858,-105.200909,SRID=4326;POINT(-105.200909 40.8235858),,0.22147070713618366,14.309243307675592,0.12668645010152188,0.13762895424820487,-0.03111661908370249,0.1305021957259025,12.59841735020016,0.04144385012891737,0.5166801389061793,0.36590324277479286,0.2000816198301438,-0.15719508624292516,0.1187163523756169,0.36485406180898766,0.030370013761530663,-0.22409640869093433,150.38336910761,144.2172724323043,139.48379018733692,141.7402875673237,139.08338593629756,140.96893715344254,592.3693175943528,864.7490597029359,1260.9602842424306,1977.9936256110325,2719.0846338593046,2112.0028935493315
T-110,Reservior 15,2021-07-22,2021,July,560.0,627.676,40.79403,-105.12008,SRID=4326;POINT(-105.12008 40.79403),,0.3316470893817888,12.53976012750314,0.14312809826895134,0.17918783630903806,0.037118359786005695,0.21335263642998048,20.322942835712173,0.1522888447895805,0.4821662187535861,0.42337665514290623,0.06936538875794286,-0.10656804286477994,0.21225050305226745,0.42327218885081175,0.06097817928359612,-0.25009115241367574,141.6992112086872,152.10572721214643,128.85463210182104,165.35066346174042,128.81234797101433,122.16860772214002,715.07693791008,1083.8539193665504,1257.40361259542,2502.9772024098943,3100.6791316304893,2326.3746513151577
T-111,Horsehoe North,2021-07-22,2021,July,1728.333333,1937.202416,40.81559,-105.16849,SRID=4326;POINT(-105.16849 40.81559),,0.39282367670799045,12.665892080804232,0.17199052151738217,0.22441849652356757,0.05447209611584954,0.24704125601290594,23.616382093986786,0.18305466856272684,0.5371578297896348,0.48911149257210657,0.05427228110717384,-0.11856681246538033,0.25458740407918534,0.41553899817469203,0.07455741948809823,-0.263109662604202,150.51143910311086,160.24693918980856,127.36920841215294,170.9922438222783,125.42961974021766,118.01792760067346,696.0423627666833,973.8561905617776,1113.533549327732,2536.0636641208966,3228.5388153013655,2295.2388835323795
T-112,CR80 West,2021-07-22,2021,July,1560.0,1748.526,40.84739,-105.22089,SRID=4326;POINT(-105.22089 40.84739),,0.35616465819256554,10.957796409594279,0.13154718869247511,0.20972076286419808,-0.024229665433110278,0.21006886251234383,20.27471876749046,0.147860102682744,0.5287775188913643,0.48475166586965796,0.05328544966694586,-0.1553234565930998,0.21546271946045753,0.3840343578968353,0.05253089313865909,-0.25801789446202855,153.87779029106076,163.85476385631233,136.55687488005606,174.41916000042224,135.03519215974308,127.27812936066647,677.9966865407314,928.5614892981598,1046.3603418877565,2200.782034156653,3012.302116384534,2315.2904421678104
T-106,Red Nose,2021-07-21,2021,July,1538.333333,1724.240916,40.87709,-105.23915,SRID=4326;POINT(-105.23915 40.87709),,0.3742085048955602,11.421128532418429,0.14349511031210996,0.21435751539026593,0.00487956064591796,0.2236560771486114,21.536240717187667,0.15859939806534976,0.5358161546113045,0.4875656548636159,0.05603356708058291,-0.13868497679939568,0.22957714855815567,0.3854512349792,0.060620206527847074,-0.2537152074694766,154.28860586574518,163.23269977250092,133.47603843081396,172.66023756245846,131.51873126552488,123.9173384852469,665.7795269689954,909.7997143194458,1037.4004215266432,2277.019229788258,3010.6744644857567,2255.1777500655703
T-107,Steamboat Rock North,2021-07-21,2021,July,1320.0,1479.522,40.86487,-105.22506,SRID=4326;POINT(-105.22506 40.86487),,0.370598178594197,10.465284285756505,0.1284373789233303,0.168370234891928,0.07069783375538473,0.2309414696293664,22.09338389065605,0.15087212366050057,0.5178970758193162,0.4198514488045962,0.10232543584021907,-0.05825540073542552,0.2246464182356168,0.3842700392570952,0.07349442684637701,-0.2224214421353568,150.45326746985808,152.53532836684823,126.52827709400589,155.94044975287758,124.48652830448839,119.11643230680566,598.4799069728155,869.9525428613832,1118.9096930641963,2436.3363534262758,2736.9329457921717,2114.2006645179363
T-108,Steamboat Rock South,2021-07-21,2021,July,2036.666667,2282.797834,40.86003,-105.24036,SRID=4326;POINT(-105.24036 40.86003),,0.3806417913153532,13.568732467191598,0.17839975911906597,0.20112265015290956,0.08195353879676953,0.22637514842634268,21.825208527496603,0.15763201694027987,0.5193765973528945,0.4613305955339163,0.06413037724017545,-0.0978317418855754,0.22461007549484924,0.36715122057699584,0.067989108261768,-0.21891868415517854,147.86364324005325,157.01924129370113,128.84992836905312,167.45046933640816,127.43870193128613,120.22806970629671,596.4374295624013,878.2746673945029,1024.6790721855575,2277.950628350033,2770.6650728819723,1932.755050926362
T-109,CR80 North,2021-07-21,2021,July,2096.666667,2350.048834,40.85662,-105.1985,SRID=4326;POINT(-105.1985 40.85662),,0.3696111423693179,11.991542563422248,0.15035013726622898,0.22077416405938774,-0.004536357333931446,0.2175805139616012,21.00627848046461,0.15439936118217737,0.5386703818286267,0.4960706941776186,0.050785029495188067,-0.15479674375224736,0.22485115920213564,0.38093517478897226,0.05668498559680803,-0.2551399972137022,155.31122661116754,164.84310822323897,135.24352359890406,174.70256039995786,133.28844760274328,125.39621165360631,673.697983878533,907.3483559409772,1019.798311008838,2213.8368816530306,3025.2547863047303,2236.4301666660713
T-102,CR80 East,2021-07-20,2021,July,706.6666667,792.0673334,-105.17639,40.84287,SRID=4326;POINT(-105.17639 40.84287),,0.3496457223629229,11.152381508998484,0.13111323900437788,0.20798240816065144,-0.021391148067937835,0.2137811156102015,20.511158683106416,0.14747864499960195,0.5356780296219551,0.47633211029357564,0.07116432164840311,-0.15208285255831988,0.21880146803241846,0.40392117512460024,0.05589269800125499,-0.26972894036819894,154.753004849796,161.31458404912672,134.68765816606722,168.45171866626578,132.81356600647243,126.0309753432603,705.6479383926705,954.6834139942825,1120.4296686869761,2324.145368212409,3156.980272388319,2425.6737817021963
T-103,Mid Campbell Valley,2021-07-20,2021,July,1841.666667,2064.232084,40.81096,-105.19125,SRID=4326;POINT(-105.19125 40.81096),,0.4390154065977789,11.431705859666488,0.17307275694647545,0.22392925897319757,0.10123827238117564,0.27361520653581795,26.187878099203495,0.20767189035245864,0.5400853483653796,0.4963211579803866,0.044203733657245385,-0.07301663399755193,0.2799860250432188,0.39276264937130456,0.08909698845248497,-0.2381928645128597,150.0761171067167,161.26718104818215,123.41411050776891,173.56820472764036,121.16038192307761,113.39526076545168,613.8960298924718,886.387788696461,999.5342345995032,2564.2754562198734,2966.523140848429,2095.5814696325706
T-104,Lower Campbell Valley,2021-07-20,2021,July,1325.0,1485.12625,40.79993,-105.1617,SRID=4326;POINT(-105.1617 40.79993),,0.34438745344762584,13.9103370065566,0.16957512295966806,0.18370045284536396,0.06303825789883029,0.20333196094971137,19.623856023661414,0.13121229638811135,0.5123761653215863,0.4354987170079706,0.08781896283273741,-0.10725938219900072,0.2001566126724737,0.36456592444575475,0.05787431994589189,-0.21855835602687948,150.1323573094885,155.31928590490804,132.03286196093424,161.55390106500818,130.6077400316573,124.59472574028187,615.0365914224589,877.9604858446569,1069.8276032458602,2188.8801497923814,2733.177741546724,1969.160704853295
T-105,Horseshoe South,2021-07-20,2021,July,1218.333333,1365.568916,40.80374,-105.14214,SRID=4326;POINT(-105.14214 40.80374),,0.38531663836751995,12.748620717429663,0.1680974380021768,0.2018887020598697,0.0921871357705531,0.2557487803960017,24.27889325066809,0.19626190921588016,0.501163584685215,0.4489390836190827,0.05613551079490349,-0.07707673046277763,0.2585281452105091,0.4377508663123993,0.0836700150522473,-0.2533326283353232,142.0723104406287,153.38404024724647,122.02929446180306,167.67213826428667,120.97951863006746,113.83162509047663,705.7742449394241,1068.0165112978461,1222.9132648104387,2753.6480062260275,3216.798560706857,2292.241603407527
T-101,CR80 South,2021-07-16,2021,July,208.0,233.1368,40.83548579,-105.1956234,SRID=4326;POINT(-105.19562343449537 40.83548578877903),,0.4990103219464296,9.640165023768173,0.1700035572039918,0.19231953096124957,0.21548562849030686,0.3158536722819245,30.152171540004048,0.24096226914902286,0.5237957974770681,0.46279118043140266,0.05016317914318029,0.04748000554982369,0.3154269296474421,0.36967513554804454,0.11647208298629498,-0.18880489359903285,148.04687929132442,157.47618610964713,114.34188618688573,168.08255755713267,111.66621620886276,104.52276598177599,506.09730850711964,780.1710860283109,917.9418672945189,2740.5426383122362,2495.3428906738477,1775.9392209588043
