id,year,Lat,long,date_median,forb_kg_ha,grass_kg_ha,litter_kg_ha,pasture,season,low,high,shape,radius_m,herb_kg_ha,NDVI,DFI,NDTI,SATVI,NDII7,SAVI,RDVI,MTVI1,NCI,NDCI,PSRI,NDWI,EVI,TCBI,TCGI,TCWI,BAI_126,BAI_136,BAI_146,BAI_236,BAI_246,BAI_346,BLUE,GREEN,RED,NIR1,SWIR1,SWIR2
los1,2015,43.14323135,-116.7361871,2015-07-07,90.25,95.88,,los,peak production,,,circular,60,186.13,0.3129583311322183,15.51582007988617,0.17446616823452352,0.1612482714127082,0.0816358749955849,0.18440390787241237,17.799960104291873,0.11692365715528905,0.46934235727232043,0.39549040761441356,0.08696599487412014,-0.09424088969661723,0.18079896216985425,0.3566406168961056,0.05131032056509863,-0.19579695416268475,145.69646594093837,152.40335601775442,132.62071448320864,160.4809927471668,132.11414649894672,126.24788647618408,638.9870508294009,926.4695877867185,1111.5594561589774,2124.0433215850985,2566.5233346027676,1803.7970284010573
mbs1,2015,43.064119139,-116.7489159,2015-07-08,123.22,53.0,,mbs,peak production,,,circular,60,176.22,0.5925571864572541,9.843940381457084,0.23958197283666305,0.20109790814156706,0.333636060301015,0.32656391852841543,31.934369406721412,0.2524223038334114,0.5045329836254644,0.522233778876803,-0.012257267175939024,0.1027398761715997,0.32869690694685183,0.2841920410270156,0.11429620325424719,-0.12985568890786076,146.55745913078925,167.63090644012686,116.23486153735962,189.57850423096139,113.64367425306426,103.88772150844686,368.9997793691664,620.1692897885679,591.2078476890374,2312.7656175910142,1881.6941415988208,1157.1174932394758
wbs1,2015,43.168158005,-116.7130521,2015-07-01,56.38,141.53,,wbs,peak production,,,circular,60,197.91,0.2577374460222309,14.185585025480364,0.13904093407679988,0.1393840758442614,0.02143304512244713,0.1564741147582187,15.028323217373556,0.08790748070968382,0.4546574631574766,0.36480218022072086,0.11465692357900191,-0.1180184628842511,0.15506178552733305,0.3826715328711779,0.037063253538052766,-0.2141847575533374,148.87865447403087,150.91598203271343,137.03816127744187,154.45999790142724,136.58398962561213,133.0338046909924,748.0936340803285,1019.3355968512026,1264.7932431938516,2141.174309437859,2714.933461522004,2058.0759276179147
los1,2016,43.14323135,-116.7361871,2016-06-20,209.49,260.76,,los,peak production,,,circular,60,470.25,0.31376597647284604,13.378136993429646,0.1466817241494944,0.16422485793662467,0.04032737613392046,0.186718254408152,17.994062010037954,0.11667612087584849,0.48733495764216034,0.40721972818678265,0.09541177555678786,-0.1069359584893783,0.18459501686941768,0.3674987397978833,0.05046689231282026,-0.2136079846740788,149.7478208675979,154.17969600951128,133.97172430238177,159.76000799257525,132.86552431853698,127.50818940522939,658.1886639962775,922.3558764326955,1127.3731484581845,2159.726032568079,2675.704205148122,1990.6827803290018
los2,2016,43.127015833,-116.7368355,2016-06-22,203.33,323.16,,los,peak production,,,circular,60,526.49,0.38707683534017734,13.030240770489108,0.1726246940176547,0.18490643650861788,0.09221952468206543,0.21248722058552588,20.796278414611812,0.14183800451422393,0.5111959989559418,0.45460822794949307,0.06120306644819771,-0.08164754450513466,0.2103638151218645,0.318943635473553,0.06110124472747173,-0.18592370919671417,152.57774905514125,160.74412933649305,132.79348249703028,169.40435024223825,130.92836140728303,123.36404808432832,537.7011420315371,764.0719316440063,886.5898382240209,2004.3037128122592,2361.652228958543,1665.9998165601078
los3,2016,43.128021228,-116.7388411,2016-06-23,269.66,291.8,,los,peak production,,,circular,60,561.46,0.37703038345962386,13.609874183122166,0.1768181053630515,0.18984166739616132,0.09622620164962653,0.2235313517211773,21.558105966315868,0.14800272137736772,0.5246182767261353,0.44578182129154514,0.08560011544617162,-0.08183468901752068,0.2204447487155589,0.3565176406098449,0.06911447659652338,-0.20728004486074872,151.43872590661525,155.888059636497,128.58758831978793,161.3392717391677,126.53063566569709,120.391313611656,579.4298388133585,824.6708840144771,1014.7050414036252,2248.3720548069223,2645.6952994270737,1850.0740919610334
mbs1,2016,43.064119139,-116.7489159,2016-07-05,260.88,189.65,,mbs,peak production,,,circular,60,450.53,0.5846322231481005,9.355119170420261,0.2192832759594654,0.2087366060952107,0.28572905822307504,0.31900281686716264,31.262109772729804,0.24387921768680934,0.5242548175476638,0.5365705925870425,-0.008481507411642742,0.07155404401194286,0.319366293862619,0.2858167461832728,0.1092850521656384,-0.1422253887330936,148.03022116947477,168.17135057459092,118.47621671215558,189.06561256334427,115.90087842632819,106.16193049418474,364.76541976163503,611.7600249772053,592.2897061012502,2264.80253903292,1959.8221500419995,1257.592953572093
mbs2,2016,43.072781143,-116.7701807,2016-07-06,240.03,207.75,,mbs,peak production,,,circular,60,447.78,0.637324167546548,8.91932017975732,0.2561532376436989,0.224156574989545,0.36553353228104035,0.3670501493672585,35.58282385156096,0.29433189225980283,0.5277525798649435,0.5604054889878136,-0.01978385054935522,0.12287152421840275,0.3693326131951117,0.299175064495611,0.1349680142968444,-0.13628049093045697,143.3943131286092,167.42414771344588,110.59143487697146,193.466824460528,108.10020298686196,98.82362280022993,329.5731643310375,614.086650617897,562.2302113870578,2550.0238762467247,1990.143913551408,1184.611304556849
mbs3,2016,43.071059894,-116.769988,2016-07-06,229.36,229.42,,mbs,peak production,,,circular,60,458.78,0.6171838169819062,8.733850527946071,0.22752600238031392,0.2200309774990782,0.30804464689146505,0.340215113304342,33.267697154084985,0.2640637326611938,0.5372474784300327,0.5607759931515935,-0.015767636086824657,0.08721222646817392,0.33980055150940597,0.2877268119731996,0.11903271406232294,-0.142921654448955,146.4080272334284,168.57755906801407,115.68008587514532,191.90309008656595,113.13209746635579,103.45117109471215,331.8125898349139,594.2163254344958,557.2914846771064,2351.0654951148913,1976.8261148849451,1247.28034885762
wbs1,2016,43.168158005,-116.7130521,2016-05-24,167.82,332.03,,wbs,peak production,,,circular,60,499.84999999999997,0.2848597738986643,12.415417865218268,0.1254353364634293,0.1284291896022506,0.03992704139832103,0.15993954648516204,15.599498976261438,0.09545079090399725,0.44214042517482444,0.36180389010692254,0.09710934007713969,-0.08599644159219486,0.15829622187605275,0.3292545313496798,0.03943514938258,-0.17980819437656295,151.15763793932308,155.6057309652988,139.14367802001112,160.91561822057375,138.53034047940142,133.67689719523392,636.0795548435004,874.1093513386919,1055.2667171138603,1914.3732446480515,2270.1190181217194,1771.5301633012393
wbs2,2016,43.170171842,-116.7223203,2016-06-09,163.01,252.91,,wbs,peak production,,,circular,60,415.91999999999996,0.25684295903475984,12.914431551316543,0.12253798136504769,0.13963177510537206,0.0002533912038595532,0.161688983842458,15.45141194126864,0.08789110065543125,0.46922909194190765,0.3675804853727562,0.12950777969642913,-0.12225761369994469,0.1582660068375385,0.4072277164645622,0.03974444840666665,-0.2351759830089958,148.08803943239135,148.57063439779148,135.4378655530398,150.88072712574302,134.92481495786078,132.1515671801792,754.93383540222,1049.487480809295,1345.1992741434224,2275.9085825847783,2909.27056984114,2271.4892107482574
wbs3,2016,43.17160272,-116.7223271,2016-06-14,178.16,241.01,,wbs,peak production,,,circular,60,419.16999999999996,0.23537627797925584,12.506893320918469,0.11236989326405811,0.12855687734233215,-0.01869304931424313,0.141706301762935,13.629184618026175,0.06843449888876531,0.4611167332407187,0.3552359131363571,0.13956150057441394,-0.13074636498153827,0.13719865239859438,0.38015961933920267,0.03053177806830316,-0.22028045413632286,149.15255138059882,149.08759644705782,139.50217780047993,150.87861953079695,139.37975158165807,137.68322565148063,717.7929323184271,994.9790333879628,1284.973513429293,2074.3737757571603,2702.23770298641,2155.199319770624
los1,2017,43.14323135,-116.7361871,2017-08-14,214.05,194.05,433.36,los,peak production,,,circular,60,408.1,0.2408147516007018,16.884579190083315,0.16011089667894463,0.16325692906487152,-0.012811832342140924,0.14005205310035623,13.551279646839184,0.06482012687426882,0.5059152126963178,0.3968438179356932,0.14694121424155066,-0.172548391952321,0.1338443047581179,0.36390286970702224,0.031219292067648174,-0.22338141886052715,150.9839439445824,149.6595318937577,140.24679197410458,150.39678571137387,139.83058448312298,138.35098445996286,657.5443569480619,913.1040938555943,1201.6763824003613,1964.436131617393,2783.273908648843,2014.503329827063
los2,2017,43.127015833,-116.7368355,2017-07-10,155.67,215.99,387.91,los,peak production,,,circular,60,371.65999999999997,0.37924205397505334,14.364434292844386,0.18966986552919451,0.18709381911886155,0.12015797638979127,0.22433076413584607,21.641223760357903,0.1515577635669282,0.5090509435299001,0.4387961397333314,0.07556639233935754,-0.07107136605665663,0.22068625756499574,0.35306558734522125,0.0699999659696958,-0.19801748167422786,147.97746706014408,155.03322746236867,127.50872557800764,163.28259512302805,125.87702506374596,119.19874601790661,573.2003588644272,842.1067536294336,1010.9945880571779,2246.4408779020137,2589.7091834521316,1763.8853001316309
los3,2017,43.128021228,-116.7388411,2017-07-06,306.01,324.42,383.56,los,peak production,,,circular,60,630.4300000000001,0.391936742467919,14.281412177027349,0.19494901831744493,0.184064622998274,0.15408555630079865,0.24303471664092852,23.267935935772694,0.16732998132983234,0.5082572396760433,0.4276734764922552,0.08337483150485156,-0.04196118213732937,0.2389298097445986,0.37312253907815285,0.08200355156999237,-0.19965913518978282,146.42394347848585,152.07191999011786,122.56341958910546,159.22552266211378,120.7108024283394,114.61574866348421,585.4656712305099,870.0301243080729,1072.9308435534917,2454.753715304309,2668.96946937055,1798.1287898190458
los4,2017,43.124853241,-116.7540157,2017-07-18,165.44,316.66,490.54,los,peak production,,,circular,60,482.1,0.2869149112022287,15.426168997716191,0.16205886815536721,0.15812204512314865,0.049023895511521434,0.17414259232201862,16.72814101263606,0.08928019515789332,0.5135469958615286,0.3881390114316964,0.15040903056516564,-0.11386741318839844,0.16163774107133788,0.37265084672559223,0.05094178890045848,-0.21615242887420125,146.3337218310487,145.22571547039814,131.68883830752264,146.40418563278826,130.97064867038193,128.67558240896716,582.2141389635206,882.9068330872113,1211.3701737405552,2187.206814711492,2749.33677124933,1983.1538594423428
los5,2017,43.127137719,-116.7549636,2017-07-18,134.35,218.91,303.75,los,peak production,,,circular,60,353.26,0.2771737655886783,15.565860337566768,0.1595950136613516,0.16372654445010065,0.025413214717962023,0.16731138246463267,16.085512331529877,0.08523305759898073,0.5155410335641073,0.397028053213252,0.14685461898238444,-0.13470897726410555,0.15726218897515495,0.3759399324516878,0.04586142801574647,-0.2245414011045067,148.00506445542862,146.93167473942506,133.94553160170622,147.989872883822,133.2047252993506,130.8886688064427,614.6278876542518,901.6281427348193,1217.3112846941908,2151.197588476431,2819.3442416556795,2043.9662831843325
mbs1,2017,43.064119139,-116.7489159,2017-08-08,236.97,208.74,947.57,mbs,peak production,,,circular,60,445.71000000000004,0.5104486674373011,11.461340730745098,0.21583595099371036,0.21447814728698666,0.2033704583520298,0.2768930109699804,27.171621987452014,0.19811677343752845,0.5562081437290859,0.5204926570586772,0.03174237473841932,-0.012695458730446906,0.2680084886434525,0.29535395620937854,0.09165965363308932,-0.1658848653917403,148.64658230580292,162.2137947116999,123.49138690586489,176.82208610266437,121.29404065622809,112.63874618333799,372.25457862372235,624.4830606609744,690.6766012648305,2138.197196901845,2188.013342486761,1412.1743881251405
mbs2,2017,43.072781143,-116.7701807,2017-08-02,208.93,191.51,425.69,mbs,peak production,,,circular,60,400.44,0.5609250692517299,11.061955917477626,0.24659518087278295,0.23039954706017776,0.2720181652328126,0.317338923399332,30.871939661845456,0.24077802715497867,0.5559752183569439,0.5425635540875055,0.01145944339206886,0.0281137774794518,0.31000398420516656,0.30679882916243517,0.11177226943164321,-0.16231920094667457,144.69586252539807,162.48796272641437,116.90485939525034,182.41279469582486,114.7303213337736,105.81521283990264,352.2141374467289,636.290780725189,662.6274196791663,2363.2284115666594,2232.3547816600208,1351.7533009842389
mbs3,2017,43.071059894,-116.769988,2017-08-02,255.01,212.2,604.21,mbs,peak production,,,circular,60,467.21,0.5605871425243207,10.48171035611085,0.2292437251625238,0.22570155793466845,0.24933995820329558,0.3083771517392957,30.17328217525365,0.23030290508710644,0.5594518896681768,0.5463917845421955,0.011362316684013038,0.02192355041826249,0.3004240938114874,0.29607055588140757,0.10584010244056644,-0.16101004194741056,146.36973705318823,163.86611986808663,119.27357153532739,182.99952511251493,117.04861754342856,107.94952942768597,340.3410478256329,610.6064405155736,635.102578525902,2260.965791141997,2163.0878816112454,1357.7244702094722
mbs4,2017,43.073200952,-116.761991,2017-08-07,300.28,202.35,633.26,mbs,peak production,,,circular,60,502.63,0.4934794656397655,11.545725801152189,0.20556790327729416,0.21217302874331403,0.1875946451207083,0.27529451053590576,26.855903662008444,0.1959746242820325,0.5558977743213916,0.5080366689444858,0.043107116048428075,-0.018207421474026902,0.26661707534061796,0.30971712427006104,0.09191956754883132,-0.17505737995840376,148.94720946068443,160.57083729680517,123.03313826312986,173.2032187622955,120.78300722128506,112.63656003688448,398.7724084438994,653.497193696068,747.3426343063826,2209.9434191483388,2288.6125275326463,1508.7050142926219
mbs5,2017,43.07346037,-116.7602584,2017-08-09,244.02,175.74,523.61,mbs,peak production,,,circular,60,419.76,0.4799114310889793,12.392105473996114,0.21465938599703796,0.20612498389664854,0.19497809258367482,0.26512631227891514,25.916055412710588,0.18538969363128635,0.5498000025660092,0.4955915549784102,0.048935256892103145,-0.020296086931933827,0.2556239630523472,0.3042791042829103,0.0881189363674953,-0.16888367987184416,148.97141643239075,159.53491683333579,123.83018277078918,171.06967653817406,121.60944794611818,113.58534891555074,401.3351423225889,651.5537632041866,755.9813200105524,2156.5396012124925,2241.712998660101,1449.8376530653939
wbs1,2017,43.168158005,-116.7130521,2017-06-07,116.35,134.72,416.63,wbs,peak production,,,circular,60,251.07,0.31010343231410914,12.716178214402964,0.1390351365747895,0.15209785571328538,0.048482943458086916,0.1869614261363688,17.98450960295713,0.11327582693411392,0.4818617298934878,0.3904098201936035,0.10684638675061908,-0.09110544398527666,0.18373654323825625,0.37469639286522394,0.05172548200449881,-0.2127165386449728,150.0733075511383,152.35869578367527,132.87839819285045,155.9496256289489,131.55079657633883,126.79192007080816,671.3321952602195,934.5757693149716,1172.7151612114376,2217.3371894750676,2668.503789065856,2026.8885672792167
wbs2,2017,43.170171842,-116.7223203,2017-06-08,148.44,145.64,255.92,wbs,peak production,,,circular,60,294.08,0.2996268376749071,12.086025096230536,0.12697037891108592,0.15058904802139952,0.022344642978628454,0.17713281404696907,17.093606397004095,0.10354458017287202,0.48567348802049665,0.39220839007096775,0.11160713131405087,-0.10494263731749091,0.1735807946101097,0.3648366583789302,0.046382174542523226,-0.21267351815300262,151.7890777319697,153.39194455612426,135.53587426332479,156.26116671539134,134.23282860525268,129.79138093212993,657.5020972724913,907.5336423964371,1145.0209508398016,2121.3584528539473,2619.5057340510266,2032.0076615857374
wbs3,2017,43.17160272,-116.7223271,2017-06-08,138.29,171.85,343.85,wbs,peak production,,,circular,60,310.14,0.28549829858875414,12.068206685409123,0.12249857857621091,0.14092553851103443,0.018284115803416438,0.16653000175255556,16.109650483846718,0.093262654756511,0.4755384245351505,0.37863689416389185,0.11755509367542469,-0.10446191486782067,0.16186811249742908,0.35678115423547374,0.04210560382718824,-0.20525352745066497,151.07862293789762,152.52925853372685,136.8994351342144,155.31784453779358,135.9204125019414,131.98457582429936,648.3258584096842,901.7490702592444,1144.1623929842792,2054.4341506343944,2534.6731842550985,1984.773997146462
wbs4,2017,43.170576769,-116.7170546,2017-06-08,122.75,163.51,416.61,wbs,peak production,,,circular,60,286.26,0.28570477781244485,12.391355131513182,0.1269280793714668,0.14162898521795403,0.025900538508777257,0.17213762145541447,16.565597910612844,0.09832577084598265,0.4735915229152763,0.37629997834149403,0.1178511139641676,-0.10135957018658652,0.16798690091453608,0.37830430565739565,0.044789637489959296,-0.21569274053021414,149.4259878461861,150.94905073284139,134.8867937724327,153.94374196946475,133.97543600216588,130.09635607913248,687.5817448325704,960.0722867701479,1218.6924518074552,2181.682150361641,2679.972014039378,2086.145719403719
wbs5,2017,43.172316258,-116.7162871,2017-06-07,119.75,158.27,371.87,wbs,peak production,,,circular,60,278.02,0.2851018509533366,12.420347773700433,0.12690191333221423,0.14574696086647884,0.01768242590115941,0.1711557954416487,16.479287787181114,0.09672683691973408,0.48145185052169853,0.3827398895079788,0.12026783304076188,-0.10948322518284474,0.16683477623041063,0.3767743169685817,0.04410789904965373,-0.21875502322844667,150.31175918739382,151.34975476658704,135.4773491879134,153.87771661559515,134.47136465618473,130.70574201429758,680.1480662213087,946.4649864446617,1207.687116721342,2162.3919031303435,2698.913864909554,2099.663621933866
los1,2018,43.14323135,-116.7361871,2018-06-27,135.43,55.25,298.72,los,peak production,,,circular,60,190.68,0.3613140181706147,12.856845899315358,0.16279486409064634,0.16943611306755396,0.0947378683460993,0.21200281983872796,20.48830814144339,0.14444101274847881,0.481880514525541,0.4210548133887276,0.06808312443522654,-0.06820312212284028,0.20975681294085505,0.3533111307451765,0.06229838688081738,-0.19654197264595563,147.17489387222338,156.02348565607605,130.3877897741003,166.2293685975467,129.31682848791954,122.49280349386507,606.1787268994943,885.0195264268199,1033.2669079580317,2196.9308264812803,2522.843168776651,1828.5151588935332
los2,2018,43.127015833,-116.7368355,2018-06-26,55.72,96.18,147.02,los,peak production,,,circular,60,151.9,0.4199333577120518,12.535850224933,0.18227658889620763,0.1962365321880573,0.12604896100913113,0.242207570148372,23.480402264529594,0.17593224722147532,0.5046307408935848,0.46628861378556563,0.03904893886594808,-0.05741154233111451,0.24407046921217257,0.34037445674406525,0.07460542056251683,-0.19238346059917097,148.98353815891775,161.30806863339419,127.65912902681944,174.67202144291346,125.86890468632603,117.43899694750118,561.8209414125203,819.8735189443606,905.9661201700897,2220.9848216470964,2485.280873858688,1720.088250325659
los3,2018,43.128021228,-116.7388411,2018-06-26,58.59,97.97,133.25,los,peak production,,,circular,60,156.56,0.43893743985012756,12.361019458044813,0.19030227297267763,0.1994766258063101,0.15941067603926745,0.264630751594899,25.457233857135122,0.1966318878169326,0.5096557993778263,0.46458803503720714,0.04390886182446581,-0.03147486454078221,0.2654538060779344,0.3575487882016554,0.08787971961421452,-0.195413831156808,146.79682659708666,158.6437813377219,122.64665841070394,171.98762051479622,120.73437713688125,112.7985582000755,555.6502638790719,835.8131220556917,940.5739698490784,2419.564109242835,2569.6423595850447,1750.0492738167247
los4,2018,43.124853241,-116.7540157,2018-06-25,49.15,92.58,94.29,los,peak production,,,circular,60,141.73,0.3923692504415898,11.553927641419909,0.15372051169000903,0.17590210685337473,0.1019632594185099,0.22990161002242104,22.21715084515711,0.15837990112269484,0.5000000861692356,0.43623965385611374,0.06637691535024084,-0.05236608877553919,0.22527565707958613,0.34660172893396474,0.07077869963078684,-0.19548911607584787,147.57756476836653,156.5254427940484,128.12925723050435,166.71187413199402,126.68697120132646,119.55883547575581,547.1568268187141,825.9615994824642,972.6462320776235,2231.415008518871,2476.2019487037223,1818.8783881475006
los5,2018,43.127137719,-116.7549636,2018-06-25,18.02,74.52,192.83,los,peak production,,,circular,60,92.53999999999999,0.37533581958131623,11.718410611176656,0.1491127384395508,0.17739738050266823,0.07465585590898051,0.21781701891401306,21.08562964806854,0.1465809943713163,0.5046652251192025,0.43848286975663897,0.07162409222674176,-0.07516592220713252,0.21430235279466692,0.3470002726473223,0.06411685048415092,-0.20214966213540295,149.53222187931576,157.33456473095885,130.6995700080271,166.09899284922483,129.2070418641717,122.30364318649106,567.095565962168,830.7737686897692,985.16214120857,2170.339783460301,2521.9594902108856,1869.967816308696
mbs1,2018,43.064119139,-116.7489159,2018-07-19,70.78,82.48,481.94,mbs,peak production,,,circular,60,153.26,0.5135809356432058,10.503605640695236,0.19648270969771317,0.2136015648847638,0.1956135584855889,0.29033490201209056,28.247253942373685,0.21936329095729448,0.5289481391023921,0.5147123359561417,0.012928880662068945,-0.0004254312698436473,0.2885919781796822,0.3169486793567967,0.09640133193784886,-0.1748716190311339,146.8676485353596,164.1231206544034,121.84264276818872,183.08976834775524,119.79858577251981,110.62239763091631,432.0212548580075,704.8700721822543,733.7180588160863,2288.326231539505,2287.9529317426645,1538.642788075773
mbs2,2018,43.072781143,-116.7701807,2018-07-18,63.04,145.92,350.58,mbs,peak production,,,circular,60,208.95999999999998,0.529078900501989,11.518036102013413,0.2313813325911785,0.2297320649475367,0.2279318867571284,0.3018219917892442,29.334598749764297,0.22889123857145416,0.5519503631479564,0.5318002548530287,0.017097319258226554,-0.003467532490256264,0.2979042006796614,0.3213762172523758,0.1039981223778894,-0.1779511773640082,146.0608179214134,162.57448108399186,119.33698891072913,181.02796211815144,117.20665052841609,108.38241289243074,407.3682076022969,686.8434942045685,727.3870697770279,2360.8317667267356,2379.6580391805624,1495.353958999972
mbs3,2018,43.071059894,-116.769988,2018-07-18,66.49,60.69,477.7,mbs,peak production,,,circular,60,127.17999999999999,0.5219651426309275,10.308345592016169,0.19634744603283272,0.22728582804330913,0.17954664456741268,0.2952757056953537,28.72152077710059,0.22282287390953784,0.5496644856453423,0.5344702152490826,0.013231570496562818,-0.017359779979549038,0.29348791286830705,0.3215963523147942,0.09767607269579838,-0.18610951254110544,147.9049227334752,164.93622930183776,121.84401453401735,183.4664249234803,119.65588153985988,110.50491282729502,424.94368678283985,694.064231415756,724.983042273429,2305.85948951881,2389.7939054864446,1605.3384236082507
mbs4,2018,43.073200952,-116.761991,2018-07-18,112.7,101.43,328.35,mbs,peak production,,,circular,60,214.13,0.4793747922060704,11.027931030292342,0.18519448116977802,0.21793001729210495,0.15166588663749278,0.281123435548531,27.17241071973706,0.21047101791727305,0.5404322774604303,0.5058713402612338,0.03174536172249026,-0.034404393867677546,0.27993874233828386,0.34295927130747933,0.09317545097966866,-0.19890327239392772,148.16875732516513,161.97685111973715,122.7148458138005,177.23567702914426,120.64897332263129,112.24323353364494,482.15325381235425,755.8002366112477,831.1229842298796,2374.326918575572,2536.5536184862867,1746.3929399914684
mbs5,2018,43.07346037,-116.7602584,2018-07-18,80.69,96.88,440.98,mbs,peak production,,,circular,60,177.57,0.50074359218297,11.089196679394853,0.2000490556388705,0.21436959647467457,0.1968369368439626,0.2922997728878721,28.26370572817868,0.22158190353015256,0.5285685738790832,0.5033108470581998,0.022263960445693842,-0.0031276465407437137,0.2903055740695392,0.33314316614192335,0.09915031261398616,-0.1824067483743497,145.73458487543607,161.67476145028064,120.21315311857755,179.6303575689272,118.20556845998424,109.48564437502604,455.1370595843033,741.0787147368972,793.6780181447565,2389.4238157959967,2404.003434406865,1602.6921744603092
wbs1,2018,43.168158005,-116.7130521,2018-06-11,20.04,82.39,456.43,wbs,peak production,,,circular,60,102.43,0.25247132236033476,11.816967005426832,0.1096989022624676,0.1515375609158465,-0.04599686106191414,0.15484765453652138,14.848726272510017,0.08703586884671989,0.4784818998909402,0.39199370295298924,0.11486821259694038,-0.15490530424230073,0.15425107720204503,0.4015795902122027,0.03213038346754224,-0.2478615359447749,150.7492529631042,153.1137665897941,140.01025771201267,156.7565608878349,139.62697220263325,136.13111766684773,768.0716793455033,1042.9741446442595,1291.33144659466,2164.800946254261,2955.486765865032,2369.8325171036013
wbs2,2018,43.170171842,-116.7223203,2018-06-06,30.63,51.87,406.94,wbs,peak production,,,circular,60,82.5,0.28122172972313236,11.84702564194292,0.12022037308580866,0.15013580259256323,-0.008713260992701356,0.16143780744271377,15.662541330003025,0.0919697966494405,0.4822594914169823,0.39589250741767656,0.10820778269647785,-0.12879994944423273,0.1577834884362456,0.3564530154157585,0.0373621487666531,-0.21479813928970604,151.4483434544926,154.635922044054,139.46056366271662,158.9076061895828,138.80238354996598,134.49378510447104,654.691718539827,908.8893686951792,1125.5676346866767,1998.9815662430253,2596.6816650450346,2050.70866615429
wbs3,2018,43.17160272,-116.7223271,2018-06-07,33.57,38.53,608.64,wbs,peak production,,,circular,60,72.1,0.26807493345252364,11.904297042212828,0.116854197229306,0.1396527220223624,-0.006998244890491367,0.15364680627060412,14.912754003783883,0.08367899019606868,0.4718729883494206,0.3793893986079941,0.11681004869799008,-0.12377284771140208,0.14923237627878747,0.3535676569234012,0.03490695063221421,-0.20837103609997548,150.7586393657296,153.18759690963074,139.89327631696426,156.84989565408983,139.45423319867194,135.82189136818917,655.2983957733275,912.9540822617294,1143.6005556309246,1974.571667031363,2536.762347391492,2016.4207610714898
wbs4,2018,43.170576769,-116.7170546,2018-06-11,46.58,61.23,495.28,wbs,peak production,,,circular,60,107.81,0.24727217545674005,12.084497852042631,0.11330466824933645,0.13650055311044287,-0.024237714058393704,0.14792773385784594,14.263290330379407,0.07813263940902009,0.46742027825895627,0.37210206355965436,0.1245557950522632,-0.13718872423644154,0.14475145020480126,0.38843440080588837,0.03118759953809548,-0.23093146013129812,149.26417544610396,151.0226147385966,139.806041463606,154.25570843758518,139.73203362209873,136.95797894377478,737.3101873404528,1019.651445817686,1282.6292289047656,2110.109600922852,2794.3703412276027,2244.2069608247075
wbs5,2018,43.172316258,-116.7162871,2018-06-11,22.54,42.75,443.95,wbs,peak production,,,circular,60,65.28999999999999,0.24651802949211343,11.98598062946199,0.1118665851831307,0.14209090650596629,-0.03466424306668272,0.1489596666607695,14.324895514332352,0.07918523231555846,0.47322895571849916,0.3790629286598299,0.1241826441608317,-0.14602569121694364,0.1460493860224332,0.39149623226428787,0.03103307289346192,-0.23686526731095028,149.68094134482493,151.42818635217714,140.0599165683214,154.6237221418639,139.93022287986162,137.11597627973308,739.8819681959974,1020.5706675750873,1282.8128710602243,2116.8060381382793,2845.7964887209437,2286.3228546132773
los1,2019,43.14323135,-116.7361871,2019-06-24,22.77,32.87,159.44,los,peak production,,,circular,60,55.64,0.39915119633916396,12.124920162811366,0.16487623881540384,0.17545570789604487,0.12960176552075198,0.23971879224079026,23.0647048743434,0.1746593187504358,0.47521230088058425,0.42951346362646625,0.04778710207388288,-0.03582285668596548,0.24116145762897095,0.3590518052145947,0.0750544192813104,-0.19260622797450155,145.91207292378743,157.72991209958616,126.00123541862898,171.2471049558095,124.57658276690431,116.70797862020581,604.8631718147772,893.0658454156306,1003.959778748909,2337.0068089602096,2511.2186271256105,1801.3028124245504
los2,2019,43.127015833,-116.7368355,2019-06-24,43.96,80.5,142.76,los,peak production,,,circular,60,124.46000000000001,0.41779877580188735,13.007360469882897,0.18850601477505427,0.20045231953970472,0.12955765722395057,0.24526191234261627,23.697980684488474,0.17917471578646524,0.5066366200395098,0.4664163788575061,0.041071810392108096,-0.06036973052407237,0.2472319587112224,0.3503748119842496,0.07659202040995695,-0.1981414925861629,148.12568436022136,160.28375355618996,126.55068013394111,173.70646889031423,124.78442866894622,116.49555094895175,575.0565411126619,842.6795868146164,936.4603173172125,2282.324968323256,2573.1051755175918,1756.2153532937723
los3,2019,43.128021228,-116.7388411,2019-06-24,53.23,64.67,121.92,los,peak production,,,circular,60,117.9,0.44735502302088737,12.250659789738009,0.1917922566382603,0.20542846791068375,0.16136416661815248,0.2715280561638066,26.08885232125367,0.20254890163203712,0.5177978992907084,0.47207882339232654,0.04349246029353247,-0.031355917794733915,0.2726205664441972,0.3618503979384662,0.09117205949419876,-0.19952045751414646,147.32081038323375,158.89080069959653,121.68406443174823,171.86951707047527,119.59138621113026,111.66253255061878,554.4040954068454,831.9423175655362,939.7157055854631,2463.059803940642,2617.979857424039,1772.9878870268833
los4,2019,43.124853241,-116.7540157,2019-06-25,41.46,83.36,157.73,los,peak production,,,circular,60,124.82,0.3921993586165146,11.776724575883094,0.15618559196000853,0.17548495941197267,0.10661431720976014,0.2300089912587037,22.21852024961102,0.15890298471839714,0.49640960586214367,0.4342290140703797,0.06469052255978201,-0.05033722983671644,0.22650860891312855,0.34634153986491506,0.07074322607102076,-0.19355221148900703,147.93784473383786,156.87600694179204,128.0191557406872,167.0251314339681,126.47124693646245,119.24616519983972,557.4402260903713,830.5032037971457,973.4489059773722,2231.7996994392647,2466.551702127105,1800.464583002803
los5,2019,43.127137719,-116.7549636,2019-06-25,36.55,71.12,152.95,los,peak production,,,circular,60,107.67,0.3702632408231683,11.905872455365294,0.1487806258847522,0.17872577412935475,0.06826621725946104,0.21589917152040436,20.877775774003016,0.14495536895511232,0.5048738518013506,0.43859292572068653,0.07271090829044055,-0.08129181642203233,0.21293842541214242,0.3510397707856508,0.06293503612356786,-0.2057653736001142,149.80234894243316,157.31468408825717,130.9922151968336,165.85989782300987,129.47081896455842,122.63232733871386,581.1557157453501,843.509099237081,1000.7917556958729,2177.815806825621,2562.3800243364803,1898.9473361669502
mbs1,2019,43.064119139,-116.7489159,2019-07-15,99.56,55.89,1198.52,mbs,peak production,,,circular,60,155.45,0.5201943261666825,9.83657522259974,0.18598893000398567,0.2283026880838693,0.1472386189606562,0.28118100239379706,27.61569958796254,0.20648761799478438,0.5651281319354174,0.5492386534140387,0.014864978178915734,-0.03951111401098983,0.27849426906122854,0.30498631686431493,0.08905548861464596,-0.18601233974700643,151.38674920360933,167.27478216014018,125.77349338183336,183.7685861990242,123.40943907254525,114.10243665989887,405.70440214883587,645.8968487477539,677.1453705167287,2144.939727396899,2321.6594960242282,1596.4499472203947
mbs2,2019,43.072781143,-116.7701807,2019-07-15,49.03,45.23,911.02,mbs,peak production,,,circular,60,94.25999999999999,0.5949845156896798,9.558802423489402,0.2330351502125838,0.23724699034570423,0.2709311387964056,0.3335129705439044,32.503480596531176,0.2582632938457573,0.5595566028010163,0.568560793073843,-0.0061863154327317805,0.040826592027276724,0.3320953620901297,0.3031075373329994,0.11633239636080474,-0.1625383540951854,146.52651804116252,167.17393330572577,116.50934942020032,189.34561708009446,114.0441135604402,104.66357512871842,351.2653498089793,619.8950712447787,604.5457515282919,2381.412417986524,2194.321026716099,1367.493098931999
mbs3,2019,43.071059894,-116.769988,2019-07-15,51.91,73.72,515.89,mbs,peak production,,,circular,60,125.63,0.590322814087124,8.945304227921543,0.21067248693010818,0.23410752936164098,0.23421655424429993,0.3213351478102131,31.510654506239213,0.2451958483676729,0.5638385183445322,0.5740235800276924,-0.007637971256181167,0.024970719316861414,0.31934509112241677,0.2945560659976887,0.10831548239917413,-0.16536161253185477,148.41364448599623,168.81641436632398,119.61730168570575,190.22982854134617,117.13510493742226,107.44754489480258,346.80603154159445,602.4976148318934,584.9452856514312,2268.679209370325,2158.1215305804635,1408.6843397270818
mbs4,2019,43.073200952,-116.761991,2019-07-16,66.35,37.62,448.19,mbs,peak production,,,circular,60,103.97,0.5532503371760269,9.433185011458056,0.19674641954715918,0.22573981611827765,0.2122336345886084,0.313964143819756,30.524181747335415,0.24058745574713747,0.5491185269043958,0.5424189837963078,0.005750544673806803,0.016416350484324944,0.31442583616868053,0.316328663622313,0.10666947832606462,-0.17610444017555996,148.523891211558,166.5967027884413,119.4501438578533,185.85978783926896,116.98071278376729,107.79958406495813,407.13413413194513,666.761120268812,680.262935163313,2365.636121765256,2288.523696663276,1537.3257189967242
mbs5,2019,43.07346037,-116.7602584,2019-07-16,59.26,49.85,1004.04,mbs,peak production,,,circular,60,109.11,0.5457081203269425,10.139940355117186,0.20900333667937676,0.2205186195962405,0.22741944351357224,0.3071090081975601,29.90691750684817,0.23445017368138973,0.5378817029828132,0.5323298935699393,0.005110006574724497,0.019671196199965664,0.30708475512501443,0.3108020518944153,0.1040744989730023,-0.16828438073505886,147.56334732537834,165.87146081259098,119.74788690375901,185.50509185393386,117.39067132324128,108.08297409646345,409.23508720232536,671.4668132235154,682.6714694383255,2322.9360531251323,2233.222920582052,1462.673649516622
wbs1,2019,43.168158005,-116.7130521,2019-06-03,9.19,47.03,277.71,wbs,peak production,,,circular,60,56.22,0.3213188445347254,12.258787566915073,0.13584131705680177,0.1662831515835083,0.02251844242391051,0.1852818284507895,17.966739789946747,0.1197764094320068,0.4843249844278254,0.4192950408015528,0.0775159015926636,-0.11360145607947904,0.18411680704624916,0.3553087068821037,0.04758050353006063,-0.21109676535686092,149.99363365685954,157.2549847453437,136.1662559179586,165.42239029151983,135.31121395345255,128.90345210259306,641.8408576098155,904.4970981922714,1066.273210982382,2073.3112875606053,2596.653269744253,1977.3220789391626
wbs2,2019,43.170171842,-116.7223203,2019-06-03,16.45,48.27,188.39,wbs,peak production,,,circular,60,64.72,0.29603110002437016,11.747556060651739,0.12150933987786869,0.1550669187281792,-0.0042648613677535455,0.1665860319370975,16.227364159164093,0.1005303087209518,0.4801855497684468,0.406342065683897,0.09143052814872435,-0.12563882722540493,0.16348489790499,0.34323622801599357,0.03931444793404741,-0.20664689348948406,150.80633991993545,156.59266349989508,139.5160964246782,163.25963371051844,139.0058884763461,133.58439505844956,624.9104092511063,880.5181977421163,1058.717655051606,1949.894211032385,2504.1328159871664,1962.712227573477
wbs3,2019,43.17160272,-116.7223271,2019-06-04,13.77,33.75,360.68,wbs,peak production,,,circular,60,47.519999999999996,0.2839092193143679,11.742054212862877,0.1179459065131079,0.14358288934467556,-0.0003772084228309166,0.15847143658183738,15.461528112401044,0.09273045568565966,0.46638434122853434,0.3889323390382181,0.09656645554940904,-0.11825999582106635,0.15447981131985924,0.33669996024783994,0.03662674343872149,-0.19743080533885088,149.8914954494749,155.44250698846812,140.15960582844238,161.96841256570372,139.9532701820145,134.97687726029883,619.8875503659862,879.4420819270081,1063.6002794198203,1907.066491187448,2412.571321169697,1904.5488953440793
wbs4,2019,43.170576769,-116.7170546,2019-06-04,16.89,29.41,342.15,wbs,peak production,,,circular,60,46.3,0.287768614221362,12.240573110727615,0.12506627518999983,0.15001862946406677,0.007701240346277143,0.16825076316122917,16.267121991778556,0.10138286505098677,0.4699853810900563,0.3920220675538775,0.09659301807805401,-0.11745120581074293,0.16497296325972993,0.3627262760329132,0.040749504177796256,-0.21263984709274125,148.32870162503824,153.86422860214853,137.46838156231877,160.56354399786176,137.19638184097536,132.15783146290667,662.6351608334871,942.6325242759286,1142.351262323374,2062.7609025066263,2612.2367070620567,2034.7858213384584
wbs5,2019,43.172316258,-116.7162871,2019-06-04,20.28,52.4,435.97,wbs,peak production,,,circular,60,72.68,0.27938425704225,12.043740742673808,0.11997824075053001,0.154620521214073,-0.017407577688443074,0.16157957575224804,15.653427832908985,0.09549194008526825,0.4782804098570821,0.401068506016297,0.0982852359473146,-0.1370994151882916,0.15868938103176322,0.36150226253198253,0.03655637178461285,-0.21945448312145555,149.7485290634367,154.97937771193804,139.63536159177025,161.26070457924433,139.3945713153472,134.54286493925275,665.2996278699385,936.098302009374,1134.3242111937793,2012.2074189579153,2650.6056023349647,2084.2990608505124
los1,2020,43.14323135,-116.7361871,2020-06-25,43.84,74.18,242.34,los,peak production,,,circular,60,118.02000000000001,0.33525165883372204,12.686035977276237,0.14657433840866402,0.17097990225913245,0.04099017234617893,0.19076113976774348,18.53398844424129,0.1273871302407607,0.48044965338148266,0.42656749410745765,0.06371441113158437,-0.10611592761770242,0.19010694943623443,0.34514508912232106,0.049693749256795955,-0.20293084656808946,149.02804854819456,158.59293337192815,135.68964931153818,169.21047365381185,134.95530767787943,127.8036901982475,621.9091424304847,886.8070803792184,1016.256031657828,2041.1252444371596,2525.9090475810026,1881.7917855819387
los2,2020,43.127015833,-116.7368355,2020-06-24,24.03,85.09,107.35,los,peak production,,,circular,60,109.12,0.38691698467029056,12.769891912564933,0.169132954476795,0.1974119772299587,0.0691915512151185,0.21684062733199722,21.13145493341206,0.15398292083727064,0.5040495869268536,0.4696912083717444,0.038062997050665265,-0.10111714257333801,0.21959845252600088,0.33668683152013495,0.060042274921018844,-0.20241725107383476,150.7695361712315,163.23747035597285,133.30295805327714,176.4720832643243,131.85785511302566,123.21105230695794,589.0126214292923,835.7010394208169,914.2398256900325,2068.649349962729,2533.7308183991063,1801.4475260942763
los3,2020,43.128021228,-116.7388411,2020-06-24,33.39,53.93,96.89,los,peak production,,,circular,60,87.32,0.39725098856559027,12.953834557489476,0.1775005244193405,0.1973562473869495,0.09900469240075205,0.231147286559082,22.363312860963894,0.16562390976272467,0.5053381337402327,0.46254283393555307,0.04569587643298278,-0.07985005091780009,0.23255030294436163,0.3500318845350679,0.06890767281146123,-0.20353091956699762,148.68587125516677,160.30694832496118,129.23587556818015,173.06178477189155,127.68551049048924,119.52301206442544,587.445564655402,852.8540221602889,953.5305090830578,2212.7627432683125,2595.6669423934914,1813.8224800077573
los4,2020,43.124853241,-116.7540157,2020-06-23,0.0,35.6,69.1,los,peak production,,,circular,60,35.6,0.3728265177733771,11.755249704649954,0.14817264140957523,0.17627503046192255,0.07098892062063368,0.21389358172819242,20.748828188155745,0.14638621860440587,0.4933128093952556,0.4381426561286758,0.06022588073375186,-0.07794428634631041,0.21070312817130207,0.3426465245046519,0.06129409252860176,-0.19914745642695642,147.8359876394618,158.0319376153434,131.6520897153224,169.46679449828932,130.5851931703217,123.07513156454891,566.9943254030513,843.8807642552895,971.6923055384545,2126.7257711258135,2486.657738881427,1846.2644818931713
los5,2020,43.127137719,-116.7549636,2020-06-23,36.85,20.4,23.7,los,peak production,,,circular,60,57.25,0.35788937788866604,11.779176596363818,0.14271004626373837,0.17803572836914405,0.04412189799972373,0.2033584001429645,19.762863619635667,0.1364229864020921,0.4984129204855887,0.44146655962317277,0.06433868416479142,-0.09918656145104172,0.20087836468679057,0.3425498079873374,0.05544393573551102,-0.2055049768389569,149.61133053461975,158.88875447447313,134.13385268184464,169.13411777958586,133.0528947423184,125.74748758656362,581.7783311437106,845.6536847442396,978.6711508501633,2070.155255812776,2526.1221743411406,1896.497270291544
mbs1,2020,43.064119139,-116.7489159,2020-07-27,76.66,113.48,991.33,mbs,peak production,,,circular,60,190.14,0.5261787592059708,10.032263650579061,0.19341200562765953,0.2206744776509881,0.17284706082876683,0.28093105160593324,27.66157260975008,0.20784068648149878,0.546779913616936,0.5416198343662822,0.004854516887202244,-0.021165974642333715,0.27992731082819994,0.2958872241612593,0.088881439051478,-0.17276138867601626,150.75608256290295,168.1722484434476,125.52846944237685,186.11363420549026,123.19022809616115,113.41871006862974,408.0880976973181,646.0660517723336,656.5839369676048,2111.316413161779,2204.3414689148563,1491.209658966614
mbs2,2020,43.072781143,-116.7701807,2020-07-23,77.04,80.58,837.71,mbs,peak production,,,circular,60,157.62,0.6323184330898178,8.949454568063686,0.2498070978751634,0.22853498952667453,0.3440737252378866,0.3603014547364415,34.99988323850341,0.2886123143309667,0.5298179712053225,0.5668359498632985,-0.024066861308626283,0.10422707924388522,0.36414638997080384,0.2990154152601473,0.1300557790646752,-0.14168224668406698,144.10371374200952,168.73614168886155,112.17670244720877,195.10401657187342,109.68708828711905,100.11424513831533,343.1674357924849,622.9165935243212,562.1610860351072,2500.5948024423947,2028.6666247014941,1220.8059588229985
mbs3,2020,43.071059894,-116.769988,2020-07-21,82.72,106.71,1473.02,mbs,peak production,,,circular,60,189.43,0.5786829219769547,9.351324086826438,0.2128128875433183,0.22619073999472708,0.2381940683188023,0.3125391056846471,30.698122383510338,0.2396986398958168,0.5419847388447063,0.5605011112721919,-0.014488933581124621,0.026921744421423224,0.3133230108638643,0.2913188805406094,0.10382606737481634,-0.15927488950380445,148.05104116869575,169.55290772107375,120.70383309579235,191.97546154266715,118.32920658084984,108.22962432713528,371.2606686814077,625.64187788807,593.4302586701541,2223.1082260161393,2106.573165456328,1367.8141278107148
mbs4,2020,43.073200952,-116.761991,2020-07-23,68.16,133.84,786.32,mbs,peak production,,,circular,60,202.0,0.5414191382186445,9.609062307595655,0.1932987570402804,0.218347201647049,0.20549423962253083,0.3027691315128,29.520370765040333,0.2307846830298593,0.5362471783201025,0.5329360536721046,0.0032096241857798814,0.013059398323432862,0.30366757113413717,0.31020721952333824,0.10078910825772963,-0.17149205949618718,148.55274155800393,166.98588634645998,121.17687945405014,186.55216058288826,118.8227203436606,109.36629239870351,417.1266215890112,673.9634867970381,681.1562976339352,2291.619919303485,2231.4229135362816,1509.4787492778464
mbs5,2020,43.07346037,-116.7602584,2020-07-23,69.36,43.19,991.27,mbs,peak production,,,circular,60,112.55,0.5372241111206167,9.983958312817027,0.19932942311110427,0.21331219758778197,0.21698330213238712,0.2989467928065665,29.17537999305796,0.2279159002163917,0.5248128466567171,0.5244855754730388,0.0010779573560906557,0.018787725606062285,0.2998483681785964,0.3068072612952091,0.09927201193895124,-0.16559330638578318,147.6941939728008,166.6371453445823,121.27735632576407,186.85307906667876,119.01605947128279,109.41651610180031,420.6544756374548,681.1255140716532,683.1839656565978,2268.1632619318966,2186.108451216963,1460.8653207311324
wbs1,2020,43.168158005,-116.7130521,2020-06-08,8.85,44.69,250.55,wbs,peak production,,,circular,60,53.54,0.2599032975103726,12.696089891013054,0.12133803336662825,0.15476135609800393,-0.027518776061419774,0.1598836166082321,15.32473021849932,0.09160830636835872,0.47928359782048824,0.3931310414730175,0.11282887206319404,-0.1483609560803867,0.15903923085420135,0.4012188771288804,0.03540269054365134,-0.2442018901980939,149.8977083964723,152.52161281003004,138.47081505160799,156.44714387103238,138.0321032065515,134.29428154655128,760.5657666030486,1039.859125051517,1286.8995786992546,2190.6955310423514,2953.4917286318105,2315.2380082758173
wbs2,2020,43.170171842,-116.7223203,2020-06-09,25.64,13.68,211.7,wbs,peak production,,,circular,60,39.32,0.25648130020498794,11.899909449881614,0.11181945129017984,0.14950600268159564,-0.03896993121012465,0.15197211877035144,14.65980704524375,0.08330701492580962,0.48082740637234256,0.3915563703022575,0.1174488422568757,-0.150130680019165,0.1496279215119896,0.3775697740080596,0.03213749220857851,-0.2322380855950613,151.37368149825926,153.56374380711316,140.78960631500732,156.98841150198604,140.3947413721022,137.0077070826401,709.5828588278397,972.710477700401,1213.0593732860516,2051.958280488629,2775.764259638353,2218.866452676868
wbs3,2020,43.17160272,-116.7223271,2020-06-09,14.68,27.84,302.25,wbs,peak production,,,circular,60,42.519999999999996,0.24552018093658995,12.032813967141836,0.11028132196229667,0.1391012616156038,-0.03403240387319754,0.14337134688532918,13.86366417535378,0.07399748782374338,0.47115809378499646,0.3760249655686136,0.12566174885507608,-0.14376487356874695,0.13943251667277887,0.3656396295534708,0.029666682699922273,-0.21981271300566602,150.47980806284116,152.21165341182189,141.43192052128776,155.30157723833784,141.33684808498498,138.6315321528143,687.0473240863093,952.5330059196987,1201.261999158752,1984.5898517215003,2649.6533371618643,2124.5655172578786
wbs4,2020,43.170576769,-116.7170546,2020-06-08,8.01,27.85,332.38,wbs,peak production,,,circular,60,35.86,0.23374420340496363,12.064177604016361,0.10765119389700016,0.137951591202664,-0.04244717953559055,0.14521898162200955,13.899101902917597,0.07645001580747515,0.4629835226636789,0.3702132234580208,0.12512767228574126,-0.14941461321505334,0.14345325711830606,0.40825326801356715,0.028813924273349438,-0.24469130808628187,148.52325811636786,150.3428933464269,139.92806373132632,153.69238968382578,140.0624785815494,137.57011336937094,788.23832498157,1083.1117883073596,1356.2012915542,2182.951140956855,2949.22679623339,2376.905836485261
wbs5,2020,43.172316258,-116.7162871,2020-06-08,9.85,10.63,213.38,wbs,peak production,,,circular,60,20.48,0.2385111865356188,12.298576475722955,0.11122560317953324,0.14168992877412478,-0.039094908749531206,0.14849819818794002,14.208496802372062,0.07854591367082354,0.4693000118407107,0.3747978454217231,0.12649628143765795,-0.14967400519976046,0.14645457881646212,0.40926320903696267,0.03061045018887555,-0.2464693561349386,148.79989835775126,150.23784272374635,139.30742480830628,153.24423788524948,139.27026829341736,136.73213507689832,781.5281136919693,1074.423154916476,1352.4842296741656,2199.174794486826,2972.886949705765,2378.776933795523
los1,2021,43.14323135,-116.7361871,2021-06-22,60.57,31.44,134.91,los,peak production,,,circular,60,92.01,0.2850076920031076,14.210926452545579,0.14623470904338792,0.16541804678300903,0.0047666677241410636,0.16409829373733284,15.907754429255569,0.0986544172536824,0.4837143635715262,0.4102293944419969,0.09429699857849802,-0.1414567168222003,0.16081741577268902,0.3567986935510141,0.03878673779043868,-0.214918611404175,148.29071525011295,154.47862878710828,138.5452943428962,161.94158862700152,138.4485904362634,133.3881174593622,648.4137047900166,925.3762231306542,1112.80840103324,2000.960046911614,2659.986933137726,1981.3206273072967
los2,2021,43.127015833,-116.7368355,2021-06-23,23.84,32.73,183.67,los,peak production,,,circular,60,56.56999999999999,0.32040357479494747,13.947527350985865,0.1566825575013241,0.18373364062015438,0.015513364828688458,0.18017671303827268,17.546621429731136,0.11631905475602262,0.4999047295226115,0.4418780054015503,0.07140421592843196,-0.14152946973052039,0.17997214836634484,0.346321827966212,0.04421768486917519,-0.2138327366786626,151.53403943304966,159.36344256590752,138.1496216780405,167.87551100647764,137.24379624220262,130.50280168666765,633.5171814865862,879.2797079951599,1020.9129704482092,1982.1202183558369,2636.369029486845,1922.2622225560374
los3,2021,43.128021228,-116.7388411,2021-06-24,16.13,62.09,167.59,los,peak production,,,circular,60,78.22,0.32822297773331544,14.260352808804312,0.16437608850131838,0.18349306553073846,0.03965775091300678,0.19030527508524822,18.42688349076973,0.12276225093693521,0.5030499041723564,0.4359546558905612,0.08065770464805108,-0.12546929450513875,0.18813010109461867,0.3575571609351288,0.050862860831022164,-0.21561866077742087,149.48938047737803,156.34781485128022,134.7098241320534,164.25852762847973,133.74641198666149,127.50189967626403,626.3169171877021,891.1529615231607,1059.935836066282,2095.2995816611583,2697.9680235903515,1935.7724946773749
los4,2021,43.124853241,-116.7540157,2021-06-29,11.31,44.12,121.94,los,peak production,,,circular,60,55.43,0.2955103271860044,13.369084995015275,0.14021544105089306,0.1654034622436968,0.006732273042519528,0.17041281990090226,16.51501327401863,0.09889602040720796,0.49987194230685145,0.4128629526015747,0.1077829338941251,-0.13358451414169584,0.16421801442662518,0.35514680548050703,0.04278868179921625,-0.21625132275538592,149.12254219555481,153.2018925957818,137.15225164894989,158.50604584498905,136.6445717388077,132.07625074993672,609.8409780578188,883.542651179866,1101.8092956520948,2025.0427466581762,2650.4249456855127,1998.6594000019065
los5,2021,43.127137719,-116.7549636,2021-06-29,34.48,54.53,235.29,los,peak production,,,circular,60,89.00999999999999,0.291186572289305,13.425338085174578,0.13933386568018147,0.1695242557526843,-0.006566421568010226,0.16749105896806077,16.23958802468037,0.0961251267488015,0.5062285544294236,0.41922099802574,0.10947622715087024,-0.14574778097489335,0.16163110493221633,0.3567557530795111,0.04083274138121515,-0.2218491537710415,149.9891910350207,153.71841233986612,138.14948479522766,158.64168678206602,137.61071135401363,133.18291943881755,615.0764397739513,883.5133075241647,1103.5765510605474,2009.514000647195,2695.8258388257827,2036.816822640769
mbs1,2021,43.064119139,-116.7489159,2021-07-14,55.73,58.71,1360.18,mbs,peak production,,,circular,60,114.44,0.5239345789784732,9.602898500228143,0.18249803358181393,0.22315031463407198,0.17064181827958658,0.2967198303302434,28.85997415709874,0.22381588955773588,0.5495244988139777,0.5332939444404048,0.014724502036764647,-0.012026757778312597,0.30130764290638784,0.32294764954370014,0.09743875628030213,-0.1872044460062337,152.84021198150876,167.9710793941398,122.65712572989729,183.38808067645002,119.83614838004218,110.7974760065314,461.072452212401,689.6523446481211,723.5999004576005,2314.653430068814,2373.5724910691533,1643.3294968303562
mbs2,2021,43.072781143,-116.7701807,2021-07-14,42.77,54.12,594.16,mbs,peak production,,,circular,60,96.89,0.49897083949483256,10.9857224917958,0.19713424467603455,0.2149246068019663,0.17503457935410585,0.2765615257267849,27.014566426320606,0.20320694039238643,0.5400505236009577,0.51601678848467,0.021952265215441986,-0.022705029144811387,0.2784023335573706,0.3125009414219305,0.0891068583605578,-0.1781217146235354,152.43835219632885,166.21706815608954,124.655102187354,180.27660678807823,122.00176094915938,112.96648608236234,462.0606024863272,687.2288728354808,735.5309508128931,2199.017510235551,2303.7372459374997,1547.5896757282176
mbs3,2021,43.071059894,-116.769988,2021-07-14,35.08,101.77,514.08,mbs,peak production,,,circular,60,136.85,0.5028318346733,10.452941588619527,0.1874750175648297,0.22393180607321986,0.14883673421569205,0.27782232767423276,27.155749134403774,0.20528638724835774,0.5510019885541044,0.5319681329192224,0.017564516801763904,-0.03974082823409425,0.27965656831267355,0.3157002378286858,0.08807659242059375,-0.18822613701209565,152.48425684230378,167.32061572118184,125.54274836725527,182.48831622779764,122.98222964405085,113.76999865449447,457.508963117474,687.6498449295718,726.3704259865318,2193.9176335785005,2376.1696256598916,1626.2178193300656
mbs4,2021,43.073200952,-116.761991,2021-07-13,75.11,63.73,427.65,mbs,peak production,,,circular,60,138.84,0.5267252465852293,9.954925382577704,0.19190825765242042,0.21995923329441788,0.2011246045870655,0.3080342438218767,29.774987054650015,0.23817026698299457,0.5330499804197667,0.5205620213473112,0.01147328105622711,0.010065216617072725,0.3147835616107036,0.333794054918574,0.10466463436298258,-0.1833383698192697,149.99866336651945,166.55203345529844,119.58201315998933,183.92001871141787,116.93909110997694,108.0031093106122,479.12396067522445,727.6172454032406,754.9288738348423,2438.476658684318,2390.780242194618,1622.5808339665296
mbs5,2021,43.07346037,-116.7602584,2021-07-13,71.52,18.24,447.37,mbs,peak production,,,circular,60,89.75999999999999,0.5248330661139731,10.164820347272833,0.19482563609489584,0.21610244878230567,0.20762157421310568,0.30427525754916473,29.458068260850258,0.23364038963762185,0.5291005411667803,0.5155526078982787,0.012183723655222661,0.013488644381290615,0.30789894294638703,0.3282669739380671,0.10324573668222956,-0.17826876312290788,148.5448708483878,165.37722449604243,119.68772001985852,183.34426467389935,117.21080587281365,108.22583454249562,461.8763996185575,720.441989910046,749.3310787331966,2403.1302974417613,2341.7452187976855,1578.896281059802
wbs1,2021,43.168158005,-116.7130521,2021-06-07,9.62,27.94,294.63,wbs,peak production,,,circular,60,37.56,0.2404902590218717,12.213347768994833,0.11082652021696143,0.14614289238693545,-0.04810859381739783,0.14482465276249026,13.9284055960219,0.0791586217387132,0.4683183379062756,0.3839637193596379,0.11419011946456084,-0.15808472766855727,0.14484352089834857,0.3911026981591561,0.027546915412382723,-0.23881470562142562,151.32603259732792,153.75503884655595,141.91774468964147,157.388409263423,141.70960170025904,138.44309279657898,773.2068835619602,1037.311249297442,1274.7221807859128,2081.630007528376,2863.6945910436325,2292.2635153789306
wbs2,2021,43.170171842,-116.7223203,2021-06-08,13.76,22.22,154.78,wbs,peak production,,,circular,60,35.98,0.22940056443729837,11.84183232429601,0.1043747338532726,0.13906346834306688,-0.05806494611847466,0.13393513242677485,12.950908489366883,0.06876269254363035,0.4638828174527931,0.37687159963880285,0.11967532792396397,-0.16146003692259867,0.13299693882408387,0.37246253644509064,0.02315890054182688,-0.22756485311338606,152.44506714823837,154.29317198698905,144.32133255659932,157.33268451303692,144.254772389099,141.5927276888939,743.8095629674674,994.0775270141207,1228.5084277105639,1959.993935018033,2715.1455206950973,2202.5861953011918
wbs3,2021,43.17160272,-116.7223271,2021-06-08,18.34,19.89,140.58,wbs,peak production,,,circular,60,38.230000000000004,0.22163833283884715,11.971688148813909,0.10379729132513589,0.12927121331994262,-0.048135888977625545,0.1297157103974287,12.536580710862188,0.0639784104924914,0.4518386528409,0.3606749993900979,0.12523821303422475,-0.15117754766311725,0.12778220409072752,0.37018451469642993,0.022499623076142894,-0.219568482557639,150.728605799658,152.5035071034238,143.84634067843766,155.60953743161335,144.10863860570953,141.9727732474723,739.6673065451735,1001.1557192058049,1245.738445063415,1954.997582051461,2650.9051818837656,2152.834391932623
wbs4,2021,43.170576769,-116.7170546,2021-06-07,7.4,45.48,243.91,wbs,peak production,,,circular,60,52.879999999999995,0.22093608952742663,11.759131690018457,0.10159949538389795,0.1323993172840393,-0.05477066754879101,0.13531844981327515,12.979340984737993,0.06915293645869731,0.45352527445802354,0.36390174985045887,0.12379125050170323,-0.15550585978180803,0.13468717978268002,0.40111027537633626,0.023487118369958152,-0.2401738494564289,149.62201148592854,151.5003320676426,142.34785547086622,154.81916835956233,142.63500405831385,140.40849758737397,802.9157723901401,1084.6202940681542,1345.4112753227448,2108.1635637561712,2883.6095603840504,2352.324907016234
wbs5,2021,43.172316258,-116.7162871,2021-06-07,11.84,18.57,132.22,wbs,peak production,,,circular,60,30.41,0.22130276607383934,12.00355250393362,0.10400723809046193,0.13311527857752745,-0.05174678303249185,0.13692809584493565,13.113985063544884,0.07045822235308392,0.4535842592988923,0.36371129393295887,0.12399182515645925,-0.1549224044872294,0.13663625992626344,0.4077989111454895,0.024204414097557574,-0.24341263753452635,149.38004739728095,151.1198098365961,141.74390680322557,154.33728670186306,141.9834141672812,139.7532050867822,817.8315200293003,1102.7975300181681,1368.7957922160983,2146.2537870491615,2931.9849392583815,2380.0422455142807
los1,2022,43.14323135,-116.7361871,2022-06-22,27.06,77.74,198.22,los,peak production,,,circular,60,104.8,0.3843197141083349,12.481936416319966,0.1640896620181405,0.16920185938045507,0.11499355668562868,0.21910348675477317,21.281322673981997,0.15225155717908026,0.47605904397450177,0.4265371311739265,0.05284280154332588,-0.049853597411926104,0.2172052900428776,0.333063151715562,0.06500843592779623,-0.18139131274155193,147.28397663715518,158.26086987173156,129.99518766502626,170.47562140430472,128.7827663825592,120.94457916494201,564.7618453040936,834.9827180556786,947.3592345113044,2126.4029410818457,2351.5267322335003,1690.6588676663669
los2,2022,43.127015833,-116.7368355,2022-06-22,17.04,134.51,245.89,los,peak production,,,circular,60,151.54999999999998,0.46744511704164843,11.872038073450362,0.19636123261072458,0.1882592743117407,0.18984840403035658,0.2557700674046187,25.054274380858757,0.18663694151003,0.4948128706983638,0.4728182647442553,0.020497922207754878,-0.006607754242659068,0.2566307964113649,0.303942943918737,0.08077909812047444,-0.16021360336871857,149.51084716007105,164.1857457629247,126.29902887588872,179.52226027690998,124.19214145663952,114.87623045516916,485.00811593928677,724.158055777973,768.749974397903,2113.1477578335907,2142.9551351584455,1441.4353610739363
los3,2022,43.128021228,-116.7388411,2022-06-23,13.0,128.1,138.28,los,peak production,,,circular,60,141.1,0.4920880968740608,11.408229493898016,0.20364518557772676,0.19375585790838837,0.21903960273796202,0.2770493203414134,26.98081764522224,0.20504035020984238,0.5063200284936302,0.4801719571512162,0.023315835482601226,0.016599171723606775,0.27687500913954544,0.31129294228388926,0.09222436232950856,-0.16044756484477554,148.60472411441472,162.99325444001906,122.39611789835305,178.25227141708567,120.0833472478128,111.15993011576927,463.8455327849033,711.8765112139819,764.7919968276697,2246.0084271441815,2172.07033495521,1440.3309484024155
los4,2022,43.124853241,-116.7540157,2022-06-27,15.59,94.44,217.96,los,peak production,,,circular,60,110.03,0.4287808882949079,11.43742456719562,0.16770856706073786,0.17195337502806568,0.15562119466687524,0.24341520117009208,23.6702917194247,0.17006051340156725,0.4937744920628705,0.43900650253487844,0.05262306489688195,-0.012310371102685302,0.23801033791956724,0.3240553159647256,0.0776050388239136,-0.17252428223111446,147.6963535379503,158.06141599763936,126.10324693699215,169.4764103277426,124.33049176244651,116.42394396099282,498.5059149445362,764.1394460298952,882.4728470003326,2191.64315222919,2254.4769640558,1610.8566288148602
los5,2022,43.127137719,-116.7549636,2022-06-23,8.64,98.11,144.47,los,peak production,,,circular,60,106.75,0.42240815405933085,11.347877865607801,0.1632747034488907,0.17339812527942505,0.14054038540863775,0.23890550330263932,23.242878668880003,0.16663877259014878,0.49412628710488227,0.4414798090132359,0.05159493339277012,-0.023165920010325147,0.23458182954192197,0.32388660687036774,0.07462521440983068,-0.1756071535655662,148.37377885503363,158.90340003275014,127.32927618227593,170.4371413034687,125.57426690449464,117.60150947661937,507.9005886945382,768.9301882701873,882.3383947917763,2162.410983732864,2271.1695999151734,1637.0974732658453
mbs1,2022,43.064119139,-116.7489159,2022-07-19,67.15,115.9,1117.72,mbs,peak production,,,circular,60,183.05,0.6234797626855846,8.550736472820796,0.2275372864282752,0.21881746634471994,0.33622473599047215,0.36465299923165206,35.24875527237434,0.2913833523007492,0.5298044532136498,0.5467936144585464,-0.010362316284826815,0.11836973810703906,0.3698599586077871,0.3094945629221861,0.13411150447244918,-0.14425943189460722,146.1539143664712,167.64208907598606,110.96668714076766,190.48303069152323,108.18818721557223,99.23338921631571,363.747187039439,629.2416393657933,601.6583775876718,2595.2720127499097,2047.1996043698116,1290.2583523974124
mbs2,2022,43.072781143,-116.7701807,2022-07-18,55.93,55.57,722.1,mbs,peak production,,,circular,60,111.5,0.6770797345076105,8.066961710100719,0.26711404986640097,0.2313082519626485,0.41918494398812384,0.41017469564001746,39.415389767197894,0.3412548045872233,0.5311699673806907,0.573549493933815,-0.023295109424606154,0.17293796816827992,0.4209135292410368,0.3145319406147579,0.15931853341719565,-0.13146754117440512,143.33469651438978,168.67300155475334,104.23714562044263,195.76249127957252,101.45328690460776,92.86552261214626,329.17884802683574,612.2627109478784,544.2533487705043,2840.401571600734,2000.40943221968,1160.405269393544
mbs3,2022,43.071059894,-116.769988,2022-07-18,44.12,153.11,1150.65,mbs,peak production,,,circular,60,197.23000000000002,0.6381597269288366,8.474081980542925,0.2380607207669502,0.23029078776705278,0.3393094828526756,0.37060941884600795,35.890767297827004,0.299552098443871,0.5376134675305161,0.5681392707635725,-0.019591573968338542,0.11079448123102009,0.3773890878861046,0.3079729328666354,0.1361082754919508,-0.1463943203867584,145.30421574471026,169.04324834056325,110.80997833981849,194.31883961367268,108.13996463139961,98.94883349983895,351.1387847591459,624.383095439361,572.0420288240417,2595.562112517661,2073.9069107514806,1278.230305769958
mbs4,2022,43.073200952,-116.761991,2022-07-19,65.93,47.82,544.33,mbs,peak production,,,circular,60,113.75,0.6069029408430779,9.022166838357453,0.22672230891669465,0.217781067653641,0.3255175936318918,0.3588737343373038,34.62387367037599,0.2873278908486136,0.5252967591957413,0.5364160572813704,-0.0064141103483526885,0.1074378271822734,0.362973710810325,0.316843253565915,0.13230209625312153,-0.14860587490688595,144.86169887868863,166.0026571012415,111.13593078928594,188.99938897562166,108.55059903787003,99.68445001153731,377.73530979876665,656.3484119336375,638.7936254326821,2615.1085153942427,2106.4051640973244,1329.1670496934528
mbs5,2022,43.07346037,-116.7602584,2022-07-19,40.82,38.03,675.25,mbs,peak production,,,circular,60,78.85,0.6108353389148627,9.208233667151937,0.23591864609133406,0.2095618757458601,0.35443571019437825,0.3621272116591484,34.919405229858,0.2908590916250051,0.5101258351689204,0.5240860232073336,-0.00774108964349944,0.13012870767051649,0.36470526102067913,0.3134771868413677,0.13503966693890498,-0.13865091237376934,143.01624620729655,164.77458764206614,109.81561172829126,188.9140957385698,107.32907651707112,98.48243724235785,366.9972316937959,657.768059618546,636.4074041807564,2633.1214970745764,2028.7398163907617,1256.1422258306798
wbs1,2022,43.168158005,-116.7130521,2022-06-06,4.21,67.05,292.37,wbs,peak production,,,circular,60,71.25999999999999,0.278575435058354,12.099250292721395,0.12035864558198239,0.15279163584519395,-0.008657054892586336,0.16910112392628748,16.246537899081872,0.10029354946883241,0.47801144819104496,0.39318799180920644,0.10681661293562492,-0.12883428493640675,0.1673870058177245,0.3889624979427514,0.040405253456866776,-0.23303873254671353,149.62352367934065,153.02603126495728,137.0472704887625,157.67834804763388,136.4348843823233,132.03778891317302,720.5138583734541,998.3372775883676,1231.0350530597148,2179.607292242789,2828.6457246417294,2224.5337558650704
wbs2,2022,43.170171842,-116.7223203,2022-06-06,14.81,29.07,85.23,wbs,peak production,,,circular,60,43.88,0.2652083394238878,11.689122375755153,0.11205651454381597,0.14443296542555092,-0.021605097641724823,0.1558508024455406,15.054924328055588,0.08549619977005243,0.47759362247080545,0.384832494291334,0.11854513083363467,-0.13329449643458977,0.1519564810653315,0.36816192226729705,0.03517550696012625,-0.22156400140841823,150.684949973438,152.84924613339388,139.55811553870004,156.30198663887566,139.09754565300375,135.5508862240077,678.0373164959879,943.0415603318561,1184.6735106534088,2040.1650663493442,2669.291549644133,2133.8272954490917
wbs3,2022,43.17160272,-116.7223271,2022-06-07,18.68,22.91,133.09,wbs,peak production,,,circular,60,41.59,0.2517900337135491,11.927156650352979,0.11096361407852363,0.13344549782225545,-0.017437804660395313,0.145499180396302,14.096079569635897,0.07522291852369166,0.4656684565761909,0.367963016737075,0.12609395754237415,-0.12810593282062338,0.14028947983726406,0.35529152754550664,0.03187643942306536,-0.20838018334847977,149.6437888460137,151.58419881724996,140.51071089233983,154.91955411094278,140.43873180009894,137.58215123664834,657.1360209475879,925.3238075810525,1171.9571996265151,1961.5247529791814,2537.0345364935833,2031.448720033182
wbs4,2022,43.170576769,-116.7170546,2022-06-07,60.73,23.27,117.6,wbs,peak production,,,circular,60,84.0,0.2518947174960705,11.578363080365808,0.10744906601321283,0.1351328646151897,-0.019253786562115273,0.15722749775809128,15.041225634410187,0.08763883962176008,0.45931879329660497,0.36654725836966007,0.1200111897211822,-0.1264068144140198,0.15507446909952013,0.40627982334671936,0.03534931205429159,-0.23773372969668846,147.74414449202428,150.0740617114941,137.41741834269214,153.9482747544464,137.30721184505776,134.09960014121583,769.1804933002786,1069.1108407948293,1337.137644317368,2236.1030677290087,2887.502265361542,2330.3563069056554
wbs5,2022,43.172316258,-116.7162871,2022-06-07,12.35,12.55,228.12,wbs,peak production,,,circular,60,24.9,0.25247038405119904,11.809672118473546,0.10993804430024075,0.1350865262122519,-0.015135964438955566,0.15691524477589208,15.01955617736825,0.08629194390441153,0.4612684536865352,0.36571499034985244,0.12302235243552309,-0.12482716523502416,0.15351683911923958,0.40148597893328875,0.03596862082039539,-0.23416807090107944,147.140566411263,149.39055974979576,137.10917950181073,153.25249332436155,137.0870209739086,134.02308336677999,747.7490004184574,1052.1813869357986,1324.3910034085409,2218.5343650346467,2854.171961954255,2291.3597815706125
