Pasture,Date,Sample#,DW kg/ha,%moist,NDVI,DFI,NDTI,SATVI,NDII7,SAVI,RDVI,MTVI1,NCI,NDCI,PSRI,NDWI,EVI,TCBI,TCGI,TCWI,BAI_126,BAI_136,BAI_146,BAI_236,BAI_246,BAI_346,BLUE,GREEN,RED,NIR1,SWIR1,SWIR2
P11,2020-05-11,3.0,703.2,77.2,0.7612407014962892,6.460798716632217,0.3134010255479772,0.29626372840733733,0.5009649431670705,0.5299850554524819,50.097148595528985,0.5159683331092582,0.5113400263628631,0.6480360129803007,-0.06942319911162037,0.22356023314625273,0.5932294428772198,0.3939799184760856,0.2303342469086771,-0.1493504540923099,134.46633535589123,177.64629710496996,88.80359801047175,221.81660432331543,86.42369294856788,78.8017936653314,404.51899252970026,783.5830460090863,519.4638954221315,3816.4482399894446,2431.7964545991103,1275.1807261422987
P11,2020-06-18,3.0,2154.4,51.0,0.6848921840782325,9.194049208428112,0.3296534244482559,0.2632555423485988,0.490360655038764,0.47354684155133525,44.827424949668526,0.4308923601833411,0.5444406096115036,0.5687763243158976,-0.01065421941458651,0.19512506599444668,0.4795671288814914,0.382074015858307,0.21095628333307717,-0.14449824296248784,132.7602739661791,158.06719861907663,91.44494438979703,191.91148268789567,89.32268200160512,82.43876672945889,302.41605485922094,709.1051941778306,661.6638627484411,3602.577143862027,2403.1782587061175,1214.1340631479359
P11,2020-08-12,3.0,4060.0,67.8,0.7585828863901741,7.4669073302848705,0.3736228786032024,0.27302108897112864,0.6036209408273397,0.5587334091126006,52.742096424718035,0.5697932701286379,0.46240167598748777,0.5950998510292553,-0.06159630984505898,0.2978449507361822,0.5945849674690988,0.4142364962904233,0.2653656997247521,-0.11596899912584843,122.98993752391668,163.1474087512192,80.54061804817175,218.5929723280505,78.89477785094624,72.04728605222914,312.47226590550326,845.4387205574112,585.2745417519527,4260.327723939358,2294.229035699635,1046.9670214591238
P11,2020-10-15,3.0,2824.0,47.6,0.5418290166420985,13.257943109134997,0.2876398427065503,0.20345019067096246,0.4134559781384344,0.3999325177700105,37.82598787966925,0.3528296022323322,0.4938267732113869,0.4342235991498712,0.0440918148890451,0.1432723158737205,0.39424669289128994,0.4690506307980488,0.18632810672651082,-0.17756540082812228,130.38599991973376,142.38253359723876,92.28791774637102,160.47171131504234,90.49613500835821,84.62239901614298,542.341910831594,1006.067367150689,1197.240371254854,3854.5500300922276,2920.119959695161,1627.8107493288635
P13,2020-05-11,3.0,1190.4,59.6,0.5517600333197907,12.51200499442506,0.27820616887405847,0.2929580248872959,0.255566705537739,0.3662153171438738,34.764779433169544,0.3115419347980861,0.5773001947390617,0.5707419697813766,0.010333377734771686,-0.022329240091410744,0.37492678279078073,0.41438413656819745,0.14191381622370913,-0.23514079775734414,139.9680783447955,160.02022143583284,107.91287081784354,184.86643654015103,105.90836534112383,98.22541463714411,499.87633643181005,861.0092879863175,886.9171728061772,3078.469706347734,3219.75515929768,1826.2047406308438
P13,2020-06-18,3.0,2883.2,60.0,0.7633081075835142,7.398654229972102,0.38046198600468284,0.3045739092332411,0.5772236402213483,0.5577069848124018,52.59659762602784,0.5536674970078582,0.5310248971974435,0.6336599749420684,-0.04853348909431899,0.25225757542079136,0.5973596492108569,0.413562650358457,0.2616758276495237,-0.1380802118495225,128.63672388216108,165.99257882763266,81.86694640323367,213.17890651026298,79.79442545948027,73.22041875076322,317.36590498853786,765.5565236353748,561.5678232229553,4185.493238108516,2499.8056271709775,1122.1417073085029
P13,2020-08-12,3.0,4727.2,59.4,0.7507312257157662,7.878929566979234,0.3826160216326206,0.28336817391875435,0.5820908019727538,0.532731078769473,50.32495542075646,0.5124089851810192,0.523262522981906,0.6116364894231291,-0.0424062416616808,0.2570154206868922,0.5588437696240093,0.3896794348895629,0.2447467586054039,-0.12555987671957616,129.25415295763455,163.61754164754797,84.53227359106121,208.09073310369587,82.42389884128411,75.56389023110431,294.144341620327,727.4832993482399,560.3711319971383,3937.728681123856,2321.571988581387,1036.7128339224823
P13,2020-10-15,3.0,3433.6,38.8,0.5141873448865212,14.399037973104004,0.29036730307276226,0.25965277652234037,0.27807722765868287,0.33125396408006735,31.56854296218777,0.2412750197377755,0.6252156772520079,0.5246161988051974,0.08522551664317332,-0.012185885479367753,0.31420981382941304,0.38189763499255747,0.13298701305520408,-0.21012715237805105,146.36718079820653,149.57333386032658,108.92626941772346,154.55683289465253,106.20032737789833,100.49639561126976,393.6002182939375,682.3785147596437,928.3065253748802,2870.2495072759384,2944.588396718011,1625.4218715247787
P14,2020-05-11,3.0,1349.6,67.0,0.5547653302109811,12.223153684211091,0.2715893798117265,0.2839107149807378,0.25504092283028085,0.3580785578260551,34.10148430442807,0.30243286113796536,0.5661321044496368,0.5683765130618323,0.0007028082455948487,-0.01634748153444316,0.36659233022384474,0.39350482206409243,0.13513199759318065,-0.2206127991671697,140.22044189682148,161.89103967141617,109.83653858796869,188.70129543961477,107.88843150480854,99.61187845569128,485.6275350646773,836.721737059244,834.3809880260635,2932.0733789204332,3022.932230647866,1734.0260680840906
P14,2020-06-18,3.0,2675.2,56.2,0.7031645263867871,9.022797138822563,0.34993097407727936,0.3053527359298042,0.48508318129976874,0.49987182193053287,47.19995458309517,0.4754378655469467,0.5545940609362316,0.6118057853028704,-0.03015310566898609,0.16407720382875626,0.5252180462229505,0.4133568123535127,0.2244352542231302,-0.16926468832271224,131.84275729542804,162.9108799430669,88.89004911519488,203.0337549911806,86.77875690697229,79.86879491019349,361.6144320365298,786.9442681677273,664.8649152220335,3834.264126940217,2748.77425156059,1325.3989480389248
P14,2020-08-12,3.0,4133.6,66.4,0.7555695653090683,7.7049151191491845,0.3829652869113799,0.2912312874699479,0.5709359074802596,0.5273466379813071,49.86525408630606,0.5019282768545659,0.5346994131786322,0.6291420849866703,-0.045742552814588035,0.24152694768215424,0.5580799520111873,0.3810502700958824,0.23773751688306272,-0.1292655845896283,131.41969749472247,166.6820223647697,86.25347482329555,209.40527328159192,84.00066571335383,76.9173853414858,302.1810467015689,706.0103768138341,530.041482986328,3825.021548385459,2327.7387693913943,1039.0039980498893
P14,2020-10-15,3.0,2863.2,35.8,0.5038695938729273,14.503702008818372,0.2826481952288064,0.2773359817755939,0.22595059805605847,0.317548859975749,30.3372564246049,0.22315698986593455,0.6537055413920594,0.5481083244468473,0.0938511243977458,-0.06008791628080844,0.3022981709010879,0.3779532595995273,0.12261049361271367,-0.22946242935097305,152.0552430519996,152.2202687980233,112.90081553004204,154.11878738553966,109.77412645957527,104.13149648492114,402.20958760441596,646.5500442116263,903.620605760351,2731.815032618237,3083.390383396708,1727.2231013600392
P15,2020-05-11,3.0,1310.4,72.6,0.6448194870939034,10.102917061203675,0.3069509372992981,0.28941624581549275,0.36587169219034316,0.4105147505356447,39.16045578372485,0.3580396831815308,0.5567490250307351,0.6058448355844662,-0.03153794191966112,0.06853753359737216,0.4274685824618178,0.3642679736180207,0.1605305960783675,-0.18060998428072148,138.45778589676874,167.50559312652274,103.65086586486895,201.15138269666033,101.43277493873173,92.78087489813643,403.1108852574331,750.1594172244123,651.4331684991535,3030.8664211407536,2640.70481645179,1405.0352467426153
P15,2020-06-18,3.0,3260.0,48.6,0.7195313122998386,8.697736364822836,0.3636383007914389,0.2918166587335893,0.5189403510812345,0.4957650540903765,46.89672642284671,0.459067889201641,0.5510414163804036,0.6129779394310089,-0.03288813218438463,0.19178467054165388,0.5147122769652868,0.3827405547701987,0.21856225994390707,-0.14704220530762677,132.45932433797776,163.48313908217224,89.75213387712975,202.64281733925083,87.54232980153829,80.35236316053647,315.70662800769577,716.3179322482317,595.0618655049768,3651.672579322292,2476.5674079630558,1156.077406989425
P15,2020-08-12,3.0,2304.0,63.2,0.743831911910373,8.14738818779047,0.3840051879296636,0.2724848859375579,0.5699380935054241,0.4969406989430828,47.14982743373521,0.45224377149782413,0.5351982267577502,0.6141780672629181,-0.039213589057912196,0.23828503242439508,0.513409497096416,0.35160589796386876,0.21634431836020818,-0.11899735074966379,132.78425900602988,164.97653805138364,90.04512798176809,204.0002871868582,87.72837205279495,80.25348452489531,271.6710166224796,652.3206607313109,514.5037274476603,3505.783796236373,2151.006570301415,957.294273500152
P15,2020-10-15,3.0,2752.8,46.6,0.4519633162158258,15.859822690068142,0.26692101795313705,0.26771990199282913,0.14791460370746157,0.26188871050761725,25.362025647228606,0.1716379824148901,0.6378358878314828,0.5454405209235282,0.09356702657863344,-0.12382216658492873,0.24877738308071104,0.345888157621113,0.08933057241436537,-0.22600550161874214,153.73849858690124,155.49042397834188,123.31382577311487,158.33239592674252,120.46680420780979,114.33266028267417,423.1687285619541,650.5591581870005,865.3040756418618,2289.8748363213645,2936.487371312607,1701.9363320757673
P16,2020-05-11,3.0,1774.4,70.2,0.6198085430393204,10.641553786940005,0.2940859723260016,0.2842647618186472,0.3362919878995518,0.39428763994924704,37.62030796676641,0.34077327280116004,0.5553358660654062,0.5909610233256065,-0.02436635029107146,0.04836882336623578,0.40946820135931206,0.36906191662345533,0.15232742351404086,-0.18815867586731014,139.4271420154315,166.3852646793866,105.59526495704367,198.17065742885154,103.38399886147215,94.69816466410113,430.0339857419364,771.8371094111359,696.858403046733,2982.1125322711305,2703.5999967002513,1477.435203062509
P16,2020-06-18,3.0,1758.4,43.2,0.6023359921656491,12.012792609178101,0.3190238552078858,0.28815054356245584,0.37074070526259334,0.4105137476595667,38.868524165532044,0.3514277675662479,0.5896157221413711,0.5636911444835399,0.018861428258349733,0.058688932343237174,0.4074979284474778,0.4050639558466296,0.1740960202818922,-0.1998955627544866,136.9165998089444,154.41671775713246,98.90569497330296,177.41558086424735,96.71872461224682,89.85668257612836,387.2127005456481,765.7025209692256,828.5778841268038,3337.1634689797907,2967.1723847950757,1531.2039591093787
P16,2020-08-12,3.0,2804.0,67.0,0.7892041225184961,6.685229210583779,0.396158193820504,0.29888918472673587,0.6040743336939601,0.5558410253040248,52.5179706234702,0.5440939912622124,0.5133175378333504,0.6574043813390938,-0.065556951781752,0.2735779070223368,0.6004234620691877,0.3825737348286693,0.25233076968576457,-0.1199924395052511,128.84936200279867,170.9449949669659,83.62664428775722,219.03956149451272,81.49879873081971,74.34074688015383,295.2315002941774,726.3455145242001,466.6942324376822,3963.835838387095,2257.101271215447,976.3291441299036
P16,2020-10-15,3.0,2102.4,34.6,0.495975343179863,14.667784528102455,0.2791964684257432,0.2681385082050518,0.23685432146181204,0.3207301995652487,30.536669296674585,0.2297599498271392,0.6356491182552869,0.5293058349579509,0.0924226178074413,-0.045289717576869865,0.30411987252948897,0.39054664617687707,0.12652220751648569,-0.22820554766306392,148.41363119141067,149.7327640499643,111.01404775001029,152.6094687343795,108.1955961667038,102.5806909942419,417.042848510664,693.2312214213564,956.9608858104393,2838.223229364858,3106.9097726510686,1751.5037067945987
P18,2020-05-11,3.0,898.4,76.2,0.7680547898532311,6.293525497853285,0.3205882082166646,0.2726240566271196,0.5355806453518064,0.5240322407837863,49.62104255034851,0.5031185745276474,0.4849186978428815,0.6351858507174921,-0.07140206395363644,0.2622162752878327,0.5856449509241892,0.3702655497006384,0.2257984388225459,-0.12461056054319711,135.07798142681324,178.13667013036996,89.4366408289863,220.4738302094814,86.94185695411136,79.08551619112016,386.83685293891824,745.7396019295603,481.6181341833516,3689.365533900287,2153.94881994142,1113.9469378372269
P18,2020-06-18,3.0,1450.4,55.6,0.6870387049119101,8.774025145299067,0.3099967831853317,0.26443022153444684,0.4745022641741927,0.4776236312418203,45.156052411449046,0.4458895755262956,0.5120912405686496,0.5701835140233618,-0.03212348479848179,0.1933829590265872,0.5008091590232058,0.3941867433982641,0.20868440463969026,-0.1506272015285772,132.34131026100488,163.15168440940047,91.6197709580922,202.70119853022243,89.51691644356858,82.15660639356481,382.8166165140743,793.6213631453513,675.6104825159885,3644.2207474334555,2462.568204391919,1298.3481013354954
P18,2020-08-12,3.0,2022.4,66.4,0.7843271432958976,6.822957567412286,0.39254346003768253,0.2710884427285495,0.6153625984956166,0.5328945151211886,50.478835827265684,0.5009833723389686,0.5080178659240017,0.6374325976096843,-0.05697632538633947,0.2942899456857587,0.5614631151779536,0.35232916080998405,0.23622600561317464,-0.10370974068112462,130.47461573557635,168.67483466189734,86.36682963306079,212.8513977690209,84.14391465573756,76.74796678182062,253.15221387656715,656.1839992539589,445.5592133719127,3696.4335587980886,2011.3915407258737,877.651632738479
P18,2020-10-15,3.0,2595.2,47.2,0.600552547298725,12.259060670402176,0.3269254201598425,0.26349752104561325,0.37318892069947207,0.36410604313613754,34.98442609679154,0.2722442903663352,0.6375232224994328,0.566028600839202,0.050131203064030606,0.0536763592927463,0.3493709246436335,0.32702190583668533,0.14436295265329652,-0.16594623989368065,148.41535152238444,156.49105696312043,107.06183193017839,165.42542559904075,103.91426474385847,96.98492938044582,293.9702878659199,541.3415039917136,678.824753905181,2718.3502910776547,2443.83031509381,1241.9923777502486
P20,2020-05-11,3.0,1052.0,70.0,0.7119507724963806,8.359303808534662,0.3325617124751926,0.2853821443301492,0.45878895339915304,0.45381731984864526,43.301299605467484,0.4117280255437278,0.5216395142892088,0.6300589041065955,-0.06407135144201744,0.15017159760016682,0.4864985781061803,0.3483276309706893,0.1817948540798364,-0.14664951890771974,135.9015831893554,173.59018885489854,98.6720144104785,214.0119624194605,96.39558158267755,87.39660141146678,374.6484566915606,731.252976827678,526.9492724288341,3164.8426589393075,2326.012022811889,1163.7496210450709
P20,2020-06-18,3.0,2576.0,52.8,0.6655500222909212,10.242137069539432,0.34558970137485956,0.27665110865804876,0.4660477439289551,0.45098048993577944,42.71951888947672,0.3999754977621881,0.5584242400397804,0.5795108674232025,-0.0078251775382255,0.14786953608729794,0.45829174959765007,0.38078580298106257,0.1944212239752654,-0.15914676418824983,134.76339377849297,159.21789325327396,94.55097186363793,190.4788622816646,92.3223881421437,85.2505215694998,340.64916457764434,721.2143598791985,688.5470006262277,3430.764984784038,2557.956627326406,1256.2799972315602
P20,2020-08-12,3.0,1653.6,69.0,0.7973536762085272,6.481315244365996,0.40453034292478873,0.2980986551192323,0.6153567045139618,0.5594003545644743,52.86772428814073,0.5475142684753396,0.5099743607573481,0.6642465834077614,-0.0691107256983851,0.282968852759059,0.6180603531782773,0.3774694119631548,0.25295515785317,-0.11448781095288654,131.59987380801513,174.94743299237757,83.72761608947295,220.022386624001,81.35858024068479,74.09005453909631,325.15549273635355,712.6309759410412,440.980005668495,3948.8738745075398,2197.759343440233,932.3796235017049
P20,2020-10-15,3.0,2250.4,55.4,0.6851595411784438,9.666349260553353,0.3498872131520665,0.24977114652876678,0.5124574238749027,0.44924186127668736,42.704827751380584,0.37517988687059467,0.5919191892410467,0.5649137131389612,0.015807830331661766,0.19958199315737263,0.44645553493732265,0.3441293614384792,0.19444174746478574,-0.1303799339425296,142.0270497274712,158.2213722887968,94.58905449813082,176.55134936512889,91.67713994286106,84.97239257315032,270.4881959166595,562.3807694051668,616.0405693962962,3279.5879004324815,2192.5275838906773,1060.0829815896693
P11,2021-05-26,3.0,652.8,77.2,0.5993783197568177,11.05426742630284,0.28431107413152723,0.2815843242054859,0.33017473454803353,0.4029654177708496,38.187874841355395,0.3654373047931039,0.5259439056453564,0.5737778074654258,-0.025046389255210133,0.0527230482747344,0.4269803135178565,0.40712994482128506,0.1603337037359457,-0.20148162602198974,133.75982033036047,164.14953373285286,102.83390564162394,201.1780993400096,101.41613587244258,93.41667177750675,488.47531977780454,907.3058489878073,809.2794388588565,3240.8432222823835,2915.683952390772,1631.6649835357712
P11,2021-07-20,3.0,1439.2,71.4,0.7735792047118851,7.062460205290664,0.38254841399370937,0.31307878180126847,0.5819687748876055,0.57217386871428,53.96116167087203,0.5879247889194862,0.5034246153369698,0.6436864553293997,-0.06815102241254148,0.2570271071983048,0.6204565080316049,0.42544126023929474,0.2699991400951345,-0.13918970008427572,124.55600485269747,167.7413774647639,80.43606004742193,223.08508128849792,78.67390478878768,71.84160599159308,327.4729673347806,841.0648510773495,548.2899243328162,4313.928121189337,2548.2525269552793,1138.5997919731406
P11,2021-08-30,2.0,3205.3333333333335,67.33333333333333,0.6490081180855315,10.904161005669286,0.3452472045246691,0.2724911705226545,0.4847217579011496,0.48087655131661167,45.36341459688932,0.4561231565093921,0.5310651416452961,0.548014616498337,0.0018610367874769727,0.17204599959452122,0.4951869169390565,0.4521271577180256,0.2264158436714897,-0.1727729663356585,128.91796167453253,153.1118898122602,86.64657377363329,187.0345973730077,84.78180296099352,78.83169958495003,416.8977433483922,889.6258709937536,895.5866624154854,4069.5661066598063,2898.3652491338667,1431.5399612411927
P13,2021-05-26,3.0,940.0,75.8,0.6572052788783262,9.916904471403823,0.3239491840968656,0.2876232733094173,0.42435712947805637,0.457109079763666,43.23925690075767,0.4290621844063443,0.5289527032337885,0.5966461891118843,-0.03009059237965667,0.12743477093133712,0.4923643699577834,0.41049226978201636,0.19604105937406793,-0.1778951648958715,133.98177677317798,165.91786841429786,95.2826034625221,201.4231247718857,93.33962123177535,85.74352775002309,453.2760822125268,853.1225070118218,732.7438121348955,3581.9320621733955,2767.3648323419634,1441.208873069637
P13,2021-07-20,3.0,3297.6,68.2,0.7750547807135925,7.162299652647084,0.39248840558927756,0.29260441001416565,0.6067597430411776,0.5594338037215887,52.79411294751014,0.551140176084048,0.5189384927526391,0.6304337421460307,-0.05152287778326529,0.2801693615368698,0.596502756534768,0.3970413185164246,0.2614494975452776,-0.1212126484251389,128.3646879216465,166.18691958689638,81.68311757143351,213.55713941123247,79.57143086671499,72.87266605761562,290.6019824772311,732.7376686420446,521.0722260067615,4119.130330402205,2311.699920188704,1005.4832919053142
P13,2021-08-30,2.0,3566.6666666666665,61.0,0.6789995218294239,10.368442539145631,0.3700628323183162,0.2670006423503425,0.526609220470543,0.47431677520054805,44.832772038770166,0.4274766011577168,0.549242646558713,0.5624243953460846,-0.0026166877732201636,0.19552883260570136,0.48271441764162004,0.3929524235449667,0.2141174250097293,-0.14337225428484188,133.27473986289644,156.4492166365728,89.30040618837663,186.29434667638228,87.00460315265934,80.47305027163807,339.78629920153435,727.851944156606,721.2368128750414,3682.6579286930473,2493.9282117161583,1153.8721255210498
P14,2021-05-26,3.0,1458.4,76.0,0.6672383380937296,9.468435107498067,0.31497442492471306,0.27417959961166755,0.4312210442284383,0.4457336949691171,42.31241591450691,0.40778454968962813,0.5225830316621445,0.5930357105517836,-0.03587462853090454,0.1411974151597205,0.47537101117998726,0.37653637005728885,0.18549044496485512,-0.15887403290520966,135.28341869907518,167.54238755960864,97.7521883797841,203.7621621361768,95.7333144050441,87.66182800221169,409.4693242239733,782.8276609314969,650.8490082267731,3339.7092850857402,2492.091286820636,1306.2265110883855
P14,2021-07-20,3.0,3407.2,58.4,0.7615363323554482,7.582908689085354,0.38777348115307386,0.2951595561795754,0.5787223289401143,0.535283938737297,50.5871684617777,0.5127492905130429,0.5372917525172604,0.633131533777333,-0.04646471321840699,0.24652617051432213,0.5665623401357736,0.3837736609283789,0.2432729058266552,-0.12882311982879296,130.95727971426305,166.54776331330442,85.22845932193941,210.11011670561047,82.984503451103,75.99357676965262,293.1169215191011,703.1188313635736,521.0181906499056,3884.501458439563,2338.5224296752053,1029.2612648752363
P14,2021-08-30,2.0,4050.6666666666665,64.66666666666667,0.6007414743882544,12.292370781543914,0.3283020639432665,0.2679089085513787,0.4153368483108051,0.42039805575885686,39.73374354123921,0.36455393439247724,0.5669413245342088,0.5337358200783823,0.025087800200349945,0.1017187395435095,0.42002376240434247,0.41609428650551045,0.1851136798451312,-0.1841683122755361,135.8816287964836,151.92418142340284,95.35080927592124,172.90562521733133,93.10178249460711,86.6853568066885,416.1452473319503,796.8751477520128,887.1579688977573,3516.5889028645183,2877.63192698292,1461.8833671159152
P15,2021-05-26,3.0,1164.0,76.0,0.7008386713741694,8.609966153975648,0.3245407898169958,0.2837716982982055,0.46276028515426537,0.47094325335778764,44.65256078640469,0.43748363935316686,0.5195851453656017,0.6093812366030666,-0.0519224220937715,0.1643467094392999,0.5029232283858539,0.37880461656394415,0.19756576397021333,-0.15481742202417,133.3901880289434,169.033234848994,94.49207037318376,210.18717056005033,92.39424784333839,84.14191823277051,390.56529695590774,783.6995917233132,606.8030357398483,3453.245928932532,2476.160370606005,1264.1441628858945
P15,2021-07-20,3.0,3400.8,63.6,0.7533585559354008,7.861029341644969,0.3878505043076712,0.28332112138554105,0.5746550543732893,0.5130243605781125,48.580179775393546,0.47788115351011096,0.5305474164349565,0.6263118577064486,-0.04690995292839846,0.2410082918471362,0.5367988705225679,0.36424767360726856,0.2261087514272172,-0.12320964307028445,131.39130340584228,166.2998949557009,88.15520094051121,208.50794432028204,85.92557663751666,78.53964043014562,284.3862535308483,683.5736757036959,512.7690563246424,3646.3498402619925,2230.336462212709,984.6570096193791
P15,2021-08-30,2.0,2944.0,67.33333333333333,0.7082313858703669,9.552798309443247,0.3875835603670185,0.2596371767120422,0.5596977263251243,0.4717951108603862,44.7509480943912,0.4125887165391168,0.553390606705682,0.5838572587106928,-0.00873815250861203,0.2226852460565983,0.47837950192659007,0.3504984731933039,0.20598283830807645,-0.12182401068448487,135.28791219825897,160.09918199245715,91.48253523415286,189.66863500920056,88.99586574026596,82.08313443202536,272.44881878583027,623.9769923595305,587.5524325388787,3413.2919131437056,2183.4187051125805,971.0766404018805
P16,2021-05-26,3.0,857.6,76.6,0.701844328317844,7.384638826851555,0.26521297337698113,0.27321462201160296,0.40187123213182474,0.4559784431339087,43.40801863644723,0.4180712716909909,0.5139754165705991,0.6171707827566387,-0.06153607017595738,0.1544762493597226,0.4981230217638019,0.3639660051680673,0.18221601651168468,-0.15912222007331864,139.50516982836947,176.5009345855862,99.68355392801651,214.8128916744398,97.14118031474786,88.24799919507129,428.32363673374243,761.6159395455179,563.748195104196,3252.664192035757,2370.713410255556,1372.530351914124
P16,2021-07-20,3.0,4028.0,68.0,0.8381923098393762,5.1643628077044665,0.4150155986664848,0.2802623191437426,0.6886304441401793,0.6139670069190495,57.917781484965886,0.6256385059311648,0.47317849996931793,0.6679205014509848,-0.0720082102103367,0.3828600619459985,0.6739964998895299,0.3878402284353378,0.29403980267006125,-0.08597458605716116,126.37238317375707,172.78402890010355,76.5751617201078,223.78017173041547,74.46740791061939,67.99467221981803,250.95160347753742,701.9607779741468,387.88307361040086,4392.344073960542,1961.0211115989719,810.7826413140049
P16,2021-08-30,2.0,5614.666666666667,61.333333333333336,0.7068741058430962,9.411276018609664,0.3752588007640601,0.25124785457815796,0.5605679355337866,0.47730695116069266,45.24052210332417,0.4215706650365564,0.5410849885121183,0.5699360946373159,-0.00881266288484998,0.23722151616413062,0.48202827235819456,0.3605945823155115,0.21140232364785966,-0.12088526799581162,134.20914169031752,158.547103177363,90.14226778564769,188.7242182002428,87.72477333259613,80.90778323132291,281.0828174104543,649.1876787503796,621.5492943436471,3519.1817739902176,2189.155714422605,1002.9962436166514
P18,2021-05-26,3.0,1197.6,50.0,0.4650814385424273,14.623754348880155,0.24879641037233696,0.2628865696994523,0.18328085237572156,0.30847058425950946,29.28211140451812,0.2480914056816193,0.5565154941183714,0.51619587279401,0.03676191031095666,-0.06948681778119664,0.3085649276604582,0.42828454761066814,0.11311531436389058,-0.24976491142355037,140.03155782981295,154.0770404895301,113.8051774692224,171.71521472864382,112.24639408771245,104.54719566112952,583.4964222652361,954.0434060004162,1065.9512280924985,2910.0416859257216,3345.2554506223014,2007.8233424240602
P18,2021-07-20,3.0,587.2,70.0,0.708781371537869,8.917731802553874,0.35945024909351014,0.3058386788006586,0.4870944173987779,0.4910031063605076,46.43115079963495,0.4645952421553546,0.540219039156078,0.6235533420470944,-0.04536233199947959,0.15887729533280687,0.5224932712236137,0.39758933046704475,0.2135126147064229,-0.16368202916894029,131.84558800058593,166.8396967838898,91.15962210670783,209.63763738150823,89.07895197858588,81.54355579712843,377.19398697744947,791.4067879444541,621.3828993660737,3663.5462017072346,2662.425513312024,1265.871091337523
P18,2021-08-30,2.0,3204.0,68.0,0.7587723830079647,7.840944130742174,0.3997669498650315,0.2877642852308663,0.585736638800462,0.5187885408073956,49.107995791221256,0.47741143253589347,0.5590123809437814,0.6339017437601284,-0.03284859011025125,0.2440298208038385,0.5446090811925776,0.36315107787576595,0.23141257132413773,-0.12309629038810582,135.19452353415662,166.48792809847433,87.35839691781811,201.74446394798176,84.79565641832929,77.86504738953758,276.7263925794535,629.852273976313,503.87301131623053,3682.7526471559568,2237.782929942534,961.3194430610408
P20,2021-05-26,3.0,884.0,75.6,0.6795496795895141,9.408061261208017,0.32820345345976115,0.28617430449306375,0.4391920065350987,0.44968125397187975,42.71173963787407,0.41254850263771303,0.5239455529729604,0.6039730383070285,-0.05126079856145675,0.13140622741897243,0.4786854583696782,0.3764084995714739,0.18468283877682312,-0.16174373332635633,134.07966812919,168.59405791330371,97.17619253214065,208.2768056200827,95.11944478703195,86.35470740038002,412.7914502655283,797.5356153416373,633.8683856661452,3321.482377390703,2543.5712104685394,1287.5068098744491
P20,2021-08-30,2.0,1432.0,77.33333333333333,0.7938147051828341,6.7720412227764974,0.4117829645654076,0.30530319707568,0.6235845035144125,0.5701793561715554,53.81422449284004,0.5616845745717056,0.5296695491738476,0.6563660568930725,-0.05694103303244728,0.28190644905414175,0.6196733801177332,0.3937884943819106,0.2653735064769231,-0.1202203075741101,130.1770949518728,170.26066863894354,81.0183731498359,215.21387421644897,78.72216091156209,71.99699595101534,301.5989294132677,711.6865686393608,479.90217059172176,4129.389729454735,2316.0482075282785,959.7696246333686
P11,2022-07-06,3.0,2988.0,57.4,0.6444672630969164,10.792730620826477,0.3330231756974352,0.27382344249947294,0.46314579745147716,0.46803654016888385,44.15740981024415,0.4518222589116587,0.5017720688566697,0.5456015695669241,-0.025513670818666605,0.15537154158594263,0.47725800454812706,0.4346727002544167,0.21219890948835546,-0.17039129490718943,124.99909212793636,153.726785563094,89.52936890476167,199.70687806719073,88.21034285607035,81.10024612526172,395.68150750301544,933.167889891145,830.8394452313252,3857.6382059585967,2814.870917685897,1410.7103068730987
P11,2022-08-02,3.0,1444.8,45.6,0.5291965696229994,13.36510175934251,0.2824238203847246,0.2495933893386584,0.3108645019651684,0.3630401072403162,34.405082690889145,0.31423953627398094,0.5282618877793166,0.505884593959974,0.024387174272726023,0.03724866180072568,0.35746527009911166,0.4135851606382337,0.15045659052398794,-0.19970431540664935,133.17115273396354,150.52649422346175,104.18060727037194,178.37531972778123,102.80295212849595,95.7820658092801,456.3264784674141,902.9756736982463,960.9773190309584,3206.0314367107085,2931.3096993012878,1650.0180321218963
P11,2022-09-07,3.0,2069.6,49.0,0.4408002032684639,15.040821870604066,0.2413019184075518,0.24276227652524082,0.16777961752025222,0.2780839145856973,26.5647883503146,0.20292594425787364,0.5693049929596432,0.5004419219809486,0.06909797666811594,-0.07588747840277278,0.26724297134378927,0.38858408480905066,0.09928310468210352,-0.2287818317561343,142.52896675653145,151.45990377461334,118.14501571473744,162.80852882199483,116.54196545702669,109.87948504329547,496.0179004237207,834.0338400171028,1012.5398396243266,2615.1292854340527,3037.749094374658,1858.6520759705518
P13,2022-07-06,3.0,2933.6,58.2,0.6865771878571546,9.723758628911943,0.35601376334784013,0.27587018314565714,0.5191177870064253,0.4960809680447664,46.81159910243926,0.4723294258553218,0.5268499192643069,0.5649209039175792,-0.019668596961941315,0.20168500056992428,0.5093478177210261,0.41484385138418534,0.2291741528453728,-0.1498686131549405,128.6940485924483,156.41694649883843,86.84114561963437,196.36499840425046,84.92976523420245,78.2799020421123,345.2668030332407,804.0321926243214,723.691235461344,3916.72065586341,2595.605038295774,1234.7396410131942
P13,2022-08-02,3.0,2988.0,39.6,0.5834238941248718,13.042060000592702,0.3290941529349916,0.2673646840694055,0.4005273968110963,0.4072504981337825,38.507458503235156,0.35244544380828335,0.5614771045660057,0.5254464975018839,0.026434155690637572,0.0835243512186209,0.3929370605473364,0.4151573805047207,0.17906506050539178,-0.1874821647561471,130.77678730992426,147.31742724231196,96.2601726407755,172.18698213354833,94.6379375149552,88.0825584517727,363.27021256092553,820.3933455367792,909.9458183856616,3454.4988015294734,2915.6435795282355,1474.2043476677648
P13,2022-09-07,3.0,4208.8,56.8,0.5005156262202952,13.97350789866986,0.266620730959814,0.2418781730732751,0.23845731006391596,0.2956636665406534,28.560540279771345,0.21891013816283278,0.5722068392255106,0.5228760129780831,0.04468711395538903,-0.029153946208797517,0.28509061045728035,0.3391972120500174,0.10625720712976269,-0.18947699864253376,144.13587703717687,156.30271672818748,117.4455554279017,170.58727293637406,115.46399968794054,107.78399652656748,404.27982962114515,704.6572023125541,812.9948210776239,2450.5698675372328,2602.6970409185506,1508.1555835330164
P18,2022-07-06,3.0,1310.4,58.2,0.5973617412334452,10.80552165198102,0.27650581632046767,0.24623564160994876,0.3839451587655762,0.4215911241985595,39.82230179457808,0.3798678276235846,0.519523120196872,0.5155943895412146,0.006693079347597899,0.12329414332850548,0.4303643945466384,0.42010448618902124,0.18285236468875837,-0.18074992686059474,133.990374426442,154.97301922040796,96.60609595817482,183.72127112044092,94.62734010346122,87.74021694474595,456.5296781954684,869.9018160083398,886.0319601105386,3541.477308051703,2757.613391087158,1571.8023137014254
P18,2022-08-02,3.0,1296.8,43.8,0.4708649789673598,14.19616470877435,0.24765985234320562,0.23899714786156073,0.23239097390705307,0.32327056689528233,30.59483162125347,0.24244354057613615,0.5876631897731723,0.4830501278298232,0.09199096262071076,-0.015620518885145443,0.3055580291029938,0.4280436792123595,0.13242601950241434,-0.23299511810847795,141.30828450075302,144.90606143288946,108.09128852692352,150.77783549344795,105.9963847682317,100.7261418329097,472.3532983514624,831.4077155926227,1113.2703206755436,3102.257174627432,3194.758199198156,1928.8617221133109
P18,2022-09-07,3.0,1476.0,43.0,0.4361319911627914,13.296110050841962,0.20393115773480802,0.24594962718291105,0.08960999692792464,0.2575490272114969,24.85908707300143,0.18171509984020293,0.5855736882457233,0.5260242091269487,0.06307177181218102,-0.11623591655698991,0.2573884606202624,0.3640639043177528,0.08162728561948904,-0.23612432832865932,154.39318791901215,161.30062749094208,126.59245295107691,168.7938460301661,123.93447639663172,116.70063045185478,538.2981022706444,769.4812918178105,914.1931229573275,2332.8746889154363,2940.4468673184087,1944.4862282567892
P20,2022-07-06,3.0,3525.6,54.4,0.5971165101304454,11.677141445305194,0.3273834784187547,0.26205894552238473,0.4120135678637096,0.435210951153101,41.06769091437986,0.4092669890572918,0.5134368987896514,0.5400215345538428,0.009819007581528063,0.12348267106581873,0.4516095202918984,0.4379269799072663,0.1959564970743466,-0.18428969050220664,131.15954982745365,154.7924793795601,95.32410068735713,188.7051270278582,93.69134902276305,87.76979118102088,463.5712029850701,917.3737364396848,903.7106605357403,3731.0408634265495,2900.026202648532,1545.5913521956859
P20,2022-08-02,3.0,925.6,36.0,0.3211246826375852,19.879591570204486,0.23857272958382664,0.2397170777629029,0.0702494727337198,0.21323633468158337,20.227948453174253,0.11203047336909283,0.6125896915913337,0.46536145613164326,0.16908249880399426,-0.17422105284920206,0.19281812287942893,0.44610485550194573,0.07385132330411405,-0.2910822733478013,146.5769657560231,140.21488810117452,122.8177013945678,136.8333518755001,121.10877891151367,118.7665825031362,583.1864467042312,905.6225191984125,1362.177896467399,2634.7689535719464,3750.6620270242533,2295.0541770666955
P20,2022-09-07,3.0,504.8,52.8,0.38535129173415494,16.471375326007628,0.2275714028397447,0.2670264780280167,0.030598111510504813,0.21990774006234182,21.364706792466375,0.1463704273241929,0.6011415070466497,0.5419370919344346,0.07173295140794422,-0.19829109024917865,0.21760199027814361,0.366328267357382,0.06232733226950902,-0.25857377709099877,154.38334510734236,160.83539718598567,132.99913117669473,167.84231343168616,130.93347682674025,123.92935030035667,562.1849759420796,796.8726010256969,954.2185287252667,2141.1379179289183,3194.45591740033,2009.5659267723684
P11,2023-05-25,3.0,1077.6,72.0,0.6216578895951729,9.828886209522794,0.2974647529676343,0.288581291972574,0.3553626216346376,0.4369410032592722,41.31918028098752,0.4133230242993945,0.5331881118912827,0.5986928420001643,-0.015695463002819123,0.08649359190635238,0.47744443821128524,0.41937759972560185,0.18547516539268322,-0.19875478939996252,135.91113563432862,167.15112616767863,100.1032379443468,200.68456833587433,98.35613228937774,91.40760408729908,482.4681740255217,876.3212629337512,767.8826207217378,3520.7062048489624,2907.1007820484333,1638.0342682255439
P11,2023-06-26,3.0,4219.2,66.6,0.7982495209430821,6.116645325669347,0.3757287658396846,0.2895832302293574,0.6094990482147737,0.5718979586309122,53.983531077629834,0.5656643900820068,0.5081993819961075,0.6535017862322299,-0.06172797834446425,0.30412434850824893,0.6218623385773508,0.38849470664366714,0.264557782160602,-0.11471093970091538,129.6292966122634,171.49733932730211,81.7774593162205,218.61650636534836,79.58116601015196,72.77512202806365,291.92360409855485,714.4762284201964,459.78578853491257,4112.096076450903,2190.347830482062,995.3242250215952
P11,2023-07-25,3.0,5205.6,62.8,0.7739119412922227,7.052851703592687,0.3829900850793852,0.2623071523976071,0.6429921439503712,0.584150550441193,55.13102962808098,0.5966127217639642,0.4824536393489546,0.5868366928979937,-0.04230424151527537,0.34558866015787293,0.619314202497224,0.4210075065425032,0.2893236899649015,-0.10307752660639462,125.48938884502039,160.85484168669228,76.61720806552606,210.49479665982804,74.66576875338973,68.67408372075691,282.96862104086495,775.3330529355433,583.3823080054781,4518.579568803215,2198.6358422753724,984.1525758437067
P11,2023-08-24,3.0,5122.4,54.2,0.6768587633961414,9.584297226649724,0.3376552463981356,0.23986209677316878,0.5585361670697657,0.5336532616378056,50.40815221743968,0.5574714865836061,0.4505364114756022,0.4986060829733281,-0.0218035968362602,0.27673067676195245,0.5540537570610133,0.4801048541892875,0.27138313342725656,-0.1364902005738988,121.40358605672566,149.37881555200954,78.2122221578868,198.20269607469723,76.76188099672063,70.86071504806065,410.8104174069048,1004.4816632688802,899.8211539258587,4657.768703412628,2638.5910408694117,1320.3405940252076
P11,2023-10-10,3.0,7686.4,50.8,0.5364956669514499,13.046330704913336,0.27649456973946124,0.2025429339916969,0.4046333023376321,0.4059991041321951,38.28944709744819,0.36727788987159826,0.48347186798880215,0.4286720314883199,0.04430941835639404,0.1469090274026345,0.4031821581020522,0.47793531376289883,0.190941344269705,-0.18110901865817053,128.95805938087523,141.92044099653475,91.73174650812922,163.07897569747956,90.18656690265635,84.87236125767322,544.7173243882648,1035.5032394467405,1204.9340098258567,3939.0249129559984,2951.8159719399164,1686.3138606367345
P13,2023-05-25,3.0,1748.0,70.0,0.6499978829481088,9.78220167406375,0.31152042297134197,0.27116787666509845,0.4055490012487665,0.4277603742571878,40.645975955164126,0.38180919564832977,0.5305760159960071,0.5898340268288379,-0.027074413683675254,0.12018061227017612,0.4441807883301361,0.37132412964033407,0.17451891131233008,-0.16634322475601065,135.02058600266832,164.6898390175004,100.30910842599519,199.9845419661648,98.40072114461353,90.31706266467513,384.6751858411672,768.0139610235018,668.2441468755268,3211.6129291064003,2527.241924323863,1358.5606793296465
P13,2023-06-26,3.0,2880.0,46.8,0.7130719433494402,8.58275933726181,0.34529072710239483,0.28544894356576656,0.5009772656780003,0.48897867890295865,46.27616600932575,0.45421712762139965,0.5365477696548043,0.6068105762307485,-0.03801562179597837,0.18893711760768206,0.5095563395548378,0.3822610695948272,0.21305638992792963,-0.14822833179030634,131.97585410901587,164.34307353393416,90.97679994674506,205.32358831524917,88.85990227826431,81.42950850760622,331.0455554610402,741.2491194965957,602.4384405050728,3606.3458134128655,2457.9425107982615,1197.200775910518
P13,2023-07-25,3.0,3886.4,56.6,0.7700719446770458,7.211029475917496,0.38446598999650117,0.28288797567039864,0.6023497662354476,0.5513335436927594,52.04534099353919,0.5394415806669961,0.5078981727673598,0.621970604089074,-0.0518836021066766,0.28418762380292256,0.5869522642114556,0.39114229112429283,0.25524735664944975,-0.11790467514508421,128.41429848819882,166.2315442172054,82.7311809457627,213.21062318951044,80.6378870162051,73.81387688574848,294.7193271785041,734.4728677652299,524.9962140586188,4044.1852605083745,2251.5028388767614,1001.6230165637788
P13,2023-08-24,3.0,4315.2,55.6,0.7236314837537758,8.90952531435424,0.3835151878828809,0.25537350865532504,0.5993720349431566,0.5241951488224139,49.468176906624805,0.5090382909532898,0.485344792726583,0.559649811883248,-0.03305939182716239,0.2824841325647338,0.5443726370534098,0.39731589217660057,0.2465894376208331,-0.11299203779796203,126.21900473835198,158.25428598323566,83.31736639810666,202.84563677155984,81.44405702170882,74.79093627231933,305.3640898168872,774.8388012442986,635.7428714976819,4020.0437458922484,2238.574587160065,999.4480542690959
P13,2023-10-10,3.0,5032.8,51.8,0.6812043156526515,9.692033822785673,0.3451596828343609,0.2604032594036793,0.5016698769293189,0.45998216507635215,43.596357796943465,0.395906155874003,0.5867928513957805,0.5648923499600526,0.012288545175607277,0.1893295318259484,0.45692566007913454,0.36355352092301907,0.2031049551702123,-0.1404324309125539,138.44392055988004,156.4489167039514,92.7093603535328,178.42660834590956,90.06801833739206,83.48079045929526,275.45335263676924,609.3260865368109,648.7102338492734,3440.7246981183516,2337.9234890474636,1137.0708734606199
P15,2023-05-25,3.0,2132.8,69.4,0.6763039738281795,9.088403212651123,0.3130088443636444,0.27277671951763366,0.42600635724478775,0.4364702560874908,41.56495314468865,0.38920778947568285,0.5273744793448171,0.6013917710861723,-0.041442839129335864,0.13633659575833465,0.4556428980860712,0.35728781604207216,0.1758970655971393,-0.15580871909205016,135.68658198565979,167.78065614118321,99.85136728061414,205.31250382788733,97.72690506828309,89.20475872456862,370.4502296540618,739.218733374561,603.5620089601292,3159.432428870072,2401.4748824434555,1269.5156957274662
P15,2023-06-26,3.0,2737.6,46.8,0.7142959376967658,8.708717824212926,0.35475187247491824,0.27307040127083043,0.5232737763593948,0.4853200772168592,45.98262906324843,0.44416391294378793,0.5361917544023749,0.596190710729379,-0.030940286066722566,0.20821022881058676,0.5006382391876355,0.37014486492315074,0.21227932224552323,-0.1356607467923689,132.72638723748582,162.88616572644187,90.96829221106779,200.93601890263437,88.74978272037109,81.40762180225943,307.6789312878417,701.5757807680143,590.0519599003005,3553.706104958805,2322.8822024305155,1107.5938184150757
P15,2023-07-25,3.0,4463.2,63.6,0.7709734967750717,7.291232316379485,0.39253982299671775,0.2703101110120738,0.6167839663532706,0.5402777143543025,51.05751458964279,0.5159235155596574,0.508183283131733,0.6146735712760505,-0.04769011271542703,0.2962298651755231,0.5692996854978142,0.37183896074273676,0.24661373997546357,-0.10725140246688764,129.81204905840104,165.76761075307746,84.10733341578208,209.80064523884283,81.89436666030942,74.94142490320169,273.26359881120237,686.6289683400921,501.94489317939053,3884.6726698084735,2106.3229558595917,918.7203604626648
P15,2023-08-24,3.0,4899.2,51.0,0.6643343994469366,10.77023159123773,0.36508280605236043,0.23470679759846153,0.5462351379667524,0.46115271421996346,43.600682977004524,0.41411236725985157,0.5074656440742248,0.51932934370858,-0.0016617952037639198,0.22981563411204398,0.463374390645389,0.3756133584236967,0.20791566495837646,-0.1210996649486982,130.83888248962631,153.8609942628967,90.1721547876985,184.64313757074342,88.07299830805135,81.32388110500608,320.1063337565418,728.1821613679616,715.2757050343585,3577.07403886637,2236.2598130612528,1044.870372467257
P15,2023-10-10,3.0,4686.4,45.2,0.5933255242383438,12.2282198984237,0.3158156007110594,0.2485367082799836,0.39911475061624385,0.38472845776377596,36.61489703539051,0.3012621622923153,0.6043868199262084,0.5278553453148238,0.05135419394002534,0.09510764623217523,0.36972845273158583,0.3574897228886944,0.16130099504161916,-0.16414050264066424,142.94600778896663,151.92714641402165,101.62662644369331,162.73668001236214,98.85440679316856,92.43160782881912,320.005224567996,618.7597534739405,774.139540292472,3034.565991931405,2505.258748946072,1301.8584664225111
P18,2023-05-25,3.0,1903.2,70.2,0.7610009045042155,7.010752238301522,0.36164085483955394,0.2621717816799694,0.5697225319951712,0.5149672687663416,48.83394896888837,0.4859938890093683,0.4910762196691869,0.6235686456257648,-0.05913726864727734,0.27467854516668083,0.548922775383327,0.35470290183224684,0.2253963839237981,-0.1103873544395859,131.6458707524485,170.34628004863663,89.36056203172548,213.84472288747148,87.17938242555228,79.37802991242346,298.20806499043,691.4151422913164,475.9264231925061,3617.4378734005195,2034.014813626924,970.5411524635891
P18,2023-06-26,3.0,3474.4,57.8,0.8181274832169999,5.7742631698422775,0.40616293770315265,0.2732692001925837,0.6663209850518651,0.58507265621051,55.23262843886204,0.5828983128031959,0.46986130913371,0.6515429701355769,-0.07090482612028107,0.3569063167290595,0.6341822873971241,0.3760429493814792,0.2725593571769609,-0.09019614265681386,126.48161660873036,171.20552880950896,79.82276805148366,221.40563451677238,77.7564429622039,70.88950718805533,257.84712990039264,707.8961063845613,414.96204770856576,4145.521767498431,1962.979900919373,829.3709128057671
P18,2023-07-25,3.0,4898.4,59.0,0.7954259567597453,6.5643285632204105,0.4043602063846545,0.2587925454992461,0.6580574850715935,0.558340143658833,52.75322900049586,0.5373335239400983,0.48588784596291495,0.6197116091844811,-0.054660763438239626,0.34496821910821024,0.5902296141303194,0.36365194085661184,0.25685734673781235,-0.08973342193549345,128.5639104377686,166.92904486968274,82.10598425885163,212.68852788899483,79.91322887036165,73.02569651949887,245.71869207821314,667.1148958868516,452.73519883638244,3951.9733321712783,1926.861127522617,816.5978115066057
P18,2023-08-24,3.0,4047.2,53.2,0.6311736196635549,11.6217108569822,0.34766565129173127,0.24128536590163452,0.4746154244852137,0.41280538580083587,39.249350007982684,0.3405905958609977,0.5632007439169774,0.5315732021791163,0.025305420908681188,0.15679551816456433,0.4041390065741225,0.3496512371014867,0.17620061428163053,-0.13842352133749486,138.03502267181958,153.93395439840302,97.8499854665389,173.7277660198829,95.34890393757807,88.56779274101774,299.68496450730663,635.4656631404505,706.2487471418506,3148.142892733629,2292.992962718742,1117.0146150210849
P18,2023-10-10,3.0,5032.0,47.4,0.5650444967538093,13.364867944149598,0.31739365260349617,0.24691694991522542,0.36068751920690495,0.34573714067375655,33.16754997968093,0.2532829569217351,0.6194409124862175,0.5306113917705277,0.0645411030733938,0.048893333555886494,0.32842654540031324,0.3316455580426771,0.1375703989035367,-0.1645230349877856,147.21821819025527,153.1350339753418,107.97404009028234,160.20373110468287,104.96122172234985,98.36258677366432,315.78217985480757,573.3715116434613,747.573620225177,2695.201994256308,2440.1086238190437,1263.4317835218367
P20,2023-05-25,3.0,1852.8,66.8,0.7018644572635746,8.405459740327702,0.3242240443592169,0.25944217548867,0.4647683986809953,0.43923338539653056,42.01124711834916,0.38818391919006745,0.511508482111531,0.6091417693529868,-0.05274323530635132,0.1737879544273053,0.4607786177800801,0.3303769441494223,0.1749484756053477,-0.13220490846744382,136.42541145359007,170.78063309465915,100.34297104070441,208.3770725523393,98.13027253339102,89.13682224827629,339.15062049981486,684.980711788974,521.1673789453649,3039.424596073591,2125.2996050140764,1098.114947557925
P20,2023-06-26,3.0,3281.6,45.6,0.698354098276272,9.294193037162854,0.35363789342955454,0.2586652294186664,0.513236393939019,0.45389950045097927,43.18685752823303,0.39621309938355187,0.5409081970641049,0.5831135832187045,-0.02261138111883814,0.19523048053012007,0.46244881770070495,0.344589123334003,0.1911152579362374,-0.1290264000559965,135.9528803473452,162.87407281739104,95.15908352131203,195.16896677485738,92.72163609120433,85.02925977459263,303.8228700055763,653.2083804386132,579.7163503665485,3251.5798412853665,2190.4443884852553,1046.2616179952713
P20,2023-07-25,3.0,4269.6,59.4,0.5775724773623706,11.834155526048633,0.3043219832110997,0.25566149476655947,0.3481938759446018,0.37627386707958843,35.7898151463788,0.31269609848493973,0.5546377460138302,0.5514176545087368,0.02070146431788215,0.06593981085026397,0.3804341215819109,0.3768597951268242,0.15033607865687482,-0.1844172903955775,140.1794827296476,158.70238637598013,105.78643100649695,181.09439601103006,103.59400799383332,96.64693668074752,426.7674852351454,761.7120122543853,805.061428748595,3023.523980540515,2687.1794600436087,1496.7155256303574
P20,2023-08-24,3.0,563.2,43.0,0.5037326938289831,14.162127053685687,0.2725870515142937,0.2694395688084086,0.2367766926400135,0.3287836234670608,31.264778183241656,0.2585852355898731,0.5838911953516326,0.5312638436235213,0.04572949964941799,-0.03884278980279643,0.3260916077561209,0.4026334433963664,0.1257162240474358,-0.2281074816132993,143.382919212288,154.66122875175557,110.97013149598438,168.22646584037543,108.67599449244655,101.5730151269944,502.8422277055288,822.8067659330329,956.8176632613647,2897.7269380745106,3130.186716940795,1786.7098170300053
P20,2023-10-10,3.0,1181.6,57.2,0.7396628126327615,7.9864177442020035,0.3632712635683432,0.2922186165511534,0.5229533557619899,0.4925032945062978,46.7348553917638,0.4469135346165375,0.5609562427494283,0.6328618058765455,-0.04081789475852872,0.19534009067531286,0.5218546140466711,0.3601223831849043,0.21058806997236215,-0.13934191548136438,138.06718760595894,169.84796987853173,91.96112583914775,205.1489977678056,89.28327291811569,81.64752662595782,329.6515660914918,657.8210012886973,519.6644197133531,3473.561002288241,2333.9031040135737,1085.5784542055344
P13,2019-05-16,3.0,1567.2,50.8,0.5937457214312853,11.298831362861742,0.286192583647153,0.25878088693935275,0.33548161839331925,0.37044339356095213,35.438281892226705,0.3055026944556957,0.5526474879964207,0.5581810207078179,-0.0014106785471440248,0.05647355962448623,0.3695706921308344,0.3548468430833262,0.14243923189889365,-0.1774695392939145,138.55733001667662,160.4021667747406,107.2462949422064,187.22710914684552,105.23846649076262,96.9306773316484,383.88258321566434,733.5329297728846,729.0178066533452,2845.6729125495094,2559.771879725168,1428.3770567373526
P13,2019-06-17,3.0,3203.2,63.0,0.7556793829360231,7.465283738310724,0.36830992569328047,0.2657004417023862,0.5671565000206137,0.49836089435697695,47.35901185627499,0.4537384801899344,0.522692355740101,0.623250448875189,-0.04736399167806229,0.2534235753882441,0.5191940785392434,0.34248250354086446,0.21419852727084374,-0.1139551835233108,133.38421856563633,167.83058490525505,90.98643266618312,207.5630606952104,88.65607046420185,80.92791510676327,268.68366430975396,641.668935313154,477.01054745673287,3449.592295264599,2050.5563902980375,949.2906644869297
P13,2019-07-16,3.0,5000.8,68.4,0.7899164797488475,6.591271983012833,0.39102829007389667,0.3005684664875325,0.6142465738436625,0.5813031933106378,54.81527207047726,0.5824848790543089,0.5269089335746763,0.6470907019073088,-0.051391495224327705,0.2945218715944154,0.6286076260732046,0.40845343055266625,0.27706239291460216,-0.12261696991525887,129.04845198250717,168.107190815305,79.45919989369494,214.9589894021877,77.29339882114182,70.93797998658171,293.2748242362527,727.266656657635,504.5868969677002,4308.384372958526,2346.6657176045146,1028.8542879585466
P13,2019-08-14,3.0,6083.2,52.8,0.7023353778833448,9.085932831892944,0.3551856556391475,0.2901284278581481,0.49426845482791526,0.48536029223772126,45.9664963039133,0.4457444953442051,0.5696601258779983,0.6067882423671164,-0.018308175473808877,0.17486359604887214,0.4994917132848371,0.3846446522987597,0.2163632593375579,-0.15303885555206354,134.75097155470306,161.68300509753487,91.2029642827928,195.8879042161013,88.90902128670778,81.90087104909487,311.0036018769018,690.5629909586937,619.4884818103343,3637.9389812343697,2521.034411382528,1204.7548366866683
P13,2019-09-18,3.0,6239.2,52.8,0.6567483925314084,10.411333686382422,0.33459564461075897,0.29071740133131563,0.41348816880636596,0.42360645297827804,40.33689520198975,0.3631810644424837,0.5821336077836811,0.6012080222780661,-0.01315500720259013,0.09099142856871482,0.42959442332822967,0.3620847345485038,0.17246175735264896,-0.17143132996377927,138.27224933744083,162.63344933394006,100.0529139455951,191.97901903065397,97.66817264864993,89.78864393167804,345.5697875826267,688.6610325378741,647.7435327273669,3125.50696656101,2603.348199349848,1295.9145727073128
P14,2019-05-16,3.0,1084.0,76.6,0.8380756382542066,5.111173338043227,0.39303675564916407,0.2826831895545356,0.6641391037846386,0.6021075706753987,56.855193944338524,0.6083198769389149,0.4710086354721984,0.6794041476558079,-0.08029293770535859,0.3649392948526124,0.6783878193876762,0.38018356909915374,0.28085729903401596,-0.0909074742602998,129.61643630707547,178.63271158785025,79.04380138372117,226.08189445861694,76.73667525768846,69.82986963943084,303.3365711559659,707.0979286428835,373.14433486343717,4235.804864789279,1963.2868215334154,845.077743263292
P14,2019-06-17,3.0,2997.6,74.6,0.8487696151250952,4.833084827212464,0.41917789852800996,0.2684254425792208,0.7194495574557889,0.6401682617853612,60.37788879881473,0.6680989158809705,0.45519755561064956,0.6602110913750739,-0.0672569348568161,0.43016428081018665,0.7078714359636147,0.39936353316849177,0.3181948671629334,-0.07202199098858166,125.56828987353914,172.05317238573033,72.95509674635997,222.95164579580396,70.85977351860727,64.87482877456257,239.24848703430388,697.0998419663014,381.82056380651335,4679.843817195702,1862.1693034092073,762.2450986123037
P14,2019-07-16,3.0,6267.2,65.6,0.7957897089821255,6.401532627366756,0.39233755377670215,0.29706291209350033,0.6306534765142895,0.59745769137312,56.33976032440256,0.6162438099652201,0.49939897121454296,0.6412520463200172,-0.058846057226673694,0.3175082399684997,0.6493801558808722,0.4208484850731247,0.2908158149555127,-0.11628771391894487,125.62123638440396,167.52657812383302,77.08006273305725,219.28688444431745,75.11466290178632,68.86176557396671,292.7789478684838,776.5834096427242,509.59829071713307,4499.835314417326,2326.673052940438,1016.311413002808
P14,2019-08-14,3.0,9068.8,52.6,0.7060631165213715,8.968542551478055,0.35579828511349826,0.28678301454257715,0.5052115609913924,0.49092738999135443,46.46344162460804,0.45358442206754496,0.5618185206012123,0.6021539327216884,-0.02043955548785794,0.18745457751905714,0.5033649052224993,0.38651442874901387,0.22033394334887935,-0.14930266925922797,133.25846761628665,160.78920548565233,90.12494323868263,196.70417014471545,87.92717113515221,80.95477904045319,302.0234627768377,698.5695668859814,621.1134780091521,3687.0945349727604,2494.5772532747346,1188.9087122470435
P14,2019-09-18,3.0,9870.4,41.2,0.6029984799599275,11.990538259178603,0.3199741545291564,0.2773220258923012,0.36250861916921384,0.38294290530180447,36.568851427221816,0.3115433536547385,0.5956924807318342,0.5716333228345204,0.018082808656854188,0.04883458032807489,0.3772940329814922,0.36291180119442823,0.15354419266813446,-0.18422826929305824,140.794758908635,157.62575774694005,104.44180266762982,177.76614146468577,102.02563389731444,94.52632112446926,355.4407307918294,681.6207073716615,737.4705702413144,2961.4700998413455,2698.8421834937135,1399.9416199510274
P15,2019-05-16,3.0,1450.4,61.8,0.6325676188858371,10.533312507668619,0.305265740192058,0.26364597108100546,0.3811521975738996,0.3899202087542869,37.36222873593035,0.3262609606326564,0.5515166304904134,0.5784485340158594,-0.01840807224506539,0.08656522541093868,0.39362141624386116,0.33800969752417226,0.15085806529243553,-0.15976087969262429,138.7212505011665,163.83873077662295,105.42862673029731,193.67845668039354,103.24230082753184,94.538828369513,354.40394226586545,689.7416707151493,635.8370627432525,2843.1415196115895,2385.6517914682154,1268.5024039530635
P15,2019-06-17,3.0,4064.0,55.2,0.7371961341346405,8.012136458079272,0.3608175282534028,0.2604935698245984,0.5477507925831194,0.47874185673281966,45.55264664752207,0.4232165909873553,0.5399013641133049,0.6087370339471865,-0.03435345170278341,0.23383262416808934,0.49032055425760945,0.335455203248822,0.2030553978532876,-0.11739532755402932,135.37025289206892,165.5478604602594,93.08979094024507,200.9750713531217,90.6389287208433,82.93633990151451,262.5180747976514,614.4491794642965,500.5596343024825,3316.1833977893734,2056.418450660678,966.897378809547
P15,2019-07-16,3.0,6709.6,58.2,0.7603245723007016,7.5170598295610995,0.38207648908907477,0.2949022371630473,0.5750734541811384,0.5382704423925365,50.82492180279046,0.5115811213281571,0.5539742813772766,0.6324863963422518,-0.036401244855125754,0.24826955995826824,0.5663582159164736,0.3880416894726926,0.24666829926294573,-0.13231995130583668,132.42075672912202,165.25386283911254,84.6242881123926,205.36452461263508,82.29033822754647,75.63431001567103,285.7364359452133,679.8097197602374,536.0327580438219,3932.9210587410194,2370.836465364466,1062.6672698242621
P15,2019-08-14,3.0,5572.8,46.8,0.6760792163130995,9.98343660926301,0.3488894609570671,0.28770219400414493,0.4637995749265153,0.45546076438591065,43.2107170095113,0.3988256179967765,0.5930343117583731,0.5936277394063736,-0.0011886947119334821,0.13797026337734908,0.4571969440217014,0.37611949398134353,0.19812411511858913,-0.1624029027747107,137.37682168657005,158.79410491908865,94.41636363442738,185.57062106874622,91.9688016846219,84.96059664743343,306.0661749898376,658.9943075468824,658.4764526639748,3427.537790407329,2581.6631974071715,1244.6911263160653
P15,2019-09-18,3.0,4630.4,49.6,0.6496329591132054,10.716903454233588,0.3359285832359459,0.28286478488441713,0.4085543341495513,0.40545324120802206,38.774461503982565,0.3349874208346202,0.5929747760141255,0.5973002444452286,-0.0046587225404485285,0.08290647799341981,0.404791973778321,0.3425722446463934,0.1615469761454349,-0.16471189239622983,140.44119774661795,162.0078466181037,102.6276510203567,187.04926460785455,100.093495267993,92.05737906282732,320.37753499055157,637.0591509261474,625.6826462077219,2939.659633003179,2489.935953801095,1234.2094662203183
P16,2019-05-16,3.0,2242.4,72.4,0.7422338270393887,7.519147159995868,0.3405548805998682,0.2787337872473634,0.5213877462494907,0.49955768992556193,47.35608518814295,0.468331875404179,0.5093945414519526,0.625246921920608,-0.05962977098760844,0.22150945228691124,0.5352796399231404,0.36533086315536956,0.21344807701588853,-0.13250726982178743,132.68293874439433,171.09107955694745,91.35256126655229,214.5393073784312,89.14831389592509,81.17555153600667,341.7664526968819,731.607876792551,519.5983568309829,3542.226067179416,2251.9773046633095,1107.8912837143923
P16,2019-06-17,3.0,4680.0,64.6,0.7376882129076423,7.922689290817998,0.3558608260266642,0.2759662723427986,0.5511094721416276,0.5169508787702478,48.846826957199426,0.4911663066471144,0.5165499270927371,0.6042109265704382,-0.0424514192061954,0.2437589326527247,0.5422383669932683,0.38543197830564224,0.2323688423635788,-0.13067245773869626,130.0382297420788,164.30324830702855,86.90627425467041,207.5566443096353,84.8156232474636,77.72259638833403,310.8033611843017,738.1273490981563,575.6755257791107,3810.563180010661,2318.2970131397833,1103.0214312726291
P16,2019-07-16,3.0,5430.4,61.4,0.7322558028385733,8.340952835907917,0.3696393841472769,0.3005464964157638,0.5399131939832353,0.526042534273823,49.63994748095846,0.5090974689602449,0.5395325436353232,0.6156044262585149,-0.03940306758023797,0.21296667341796904,0.5542054668775575,0.40949958243209783,0.2413391453363275,-0.14926674486542268,129.64086581339362,163.28617228568973,85.29349678094542,207.6250493214604,83.23160756736047,76.42930108965521,331.82301453554845,772.5461625232427,615.3641252128742,3980.4826747950083,2582.9521153764313,1189.5058656673814
P16,2019-08-14,3.0,6182.4,48.2,0.6797819480809357,9.960169553251326,0.35425383352771966,0.2909948098169284,0.4738428505493997,0.46511057447687,44.06155328784733,0.42013469584919166,0.5690594203076875,0.5938374869793883,-0.015282481578969805,0.14477800100353952,0.4718538232962063,0.3870638392474931,0.20375645881293744,-0.1623952563604702,133.63254909286806,159.2335333185525,92.87871652223586,193.0013994932432,90.7227109549287,83.52555959377429,324.0008818532418,720.1487346970117,669.1711249925262,3531.5474356542763,2624.4325180166343,1250.6423688315558
P16,2019-09-18,3.0,3789.6,55.2,0.6627882280267442,10.420282570860383,0.3437862985167135,0.2893297067071825,0.4296783949145775,0.425309122429692,40.52444582596884,0.36677486984286156,0.5717111852792671,0.6011830435049216,-0.021449225259817125,0.09920053564063933,0.43019496750365027,0.35732872940617183,0.17280932015256628,-0.16480154035604294,136.14674581768935,162.498527581529,99.60513350995453,194.79655901740227,97.40359715777781,89.23463152834886,334.04068974125516,695.7280602670189,631.9671203011859,3109.940475913627,2547.4688195471035,1239.3153711925768
P18,2019-05-16,3.0,1251.2,73.2,0.8284704405630052,5.469990963287153,0.38899225504392837,0.25243500563201826,0.6579359512027947,0.5442126836961638,51.769788468234076,0.5121937583364203,0.4623223924369648,0.6660131713261599,-0.08151675214692969,0.3563545246450101,0.5923346918387258,0.3239912818960151,0.23564366544850493,-0.07764441643420589,132.27802843366845,177.33400524078323,86.97322633423539,220.9209517459146,84.53773405140215,76.50845894494974,256.8546516456249,620.6232704661122,333.15420003933616,3578.630473302137,1680.451736300452,720.290927157591
P18,2019-06-17,3.0,3200.8,,0.7881347010312434,6.515672628231549,0.3823260316980354,0.2600069233428382,0.6322892782906666,0.5545919538226203,52.39302290124594,0.5378774165120754,0.47722967430878116,0.62172930508484,-0.05816848231725698,0.33259817625805493,0.593890800704745,0.36929410194417667,0.25365437638610894,-0.09632306416748972,128.83199183238642,168.79954995442165,83.03291234682165,214.75718151725988,80.86885014206399,73.86662920489303,275.2738557772802,697.9635482337777,465.8318340811507,3949.615647305217,1975.9886263342614,887.4973174975527
P18,2019-07-15,3.0,3860.0,60.4,0.7433143450912286,7.878545991510325,0.3677139119867482,0.2859835754125232,0.558470264094613,0.5270044369314293,49.761969029865995,0.5099678463338276,0.5124465933728112,0.6133233793812781,-0.049127577153289234,0.2416284407711856,0.558633326314881,0.394549008736011,0.23888123431835556,-0.13332772491768552,128.82170902246847,165.36051864698445,85.66373864886768,211.42097935324605,83.6383546416378,76.56045467850288,324.67078492662785,768.17749601154,574.4057118939485,3905.9296564181395,2385.428728265615,1106.5904361613252
P18,2019-08-14,3.0,5282.4,52.6,0.6654178111741771,10.296509671981863,0.3458029897536719,0.28055722513380027,0.45707248198515377,0.44529845526627226,42.26328777182994,0.39093600075936674,0.5721797139623388,0.584547262943086,-0.007279712404911615,0.13485026690845667,0.4493979338052556,0.37327877743246873,0.19093897479345426,-0.1596972719985676,136.18474223333706,159.4274196597568,95.7428942791142,188.88329033851633,93.42706975033352,86.11248812850114,328.029542792186,691.6372093408355,668.620190685747,3358.518425749449,2545.2390410451626,1240.055098168696
P18,2019-09-18,3.0,5299.2,48.6,0.6248700329777359,11.567571035180356,0.333724567206095,0.286787516601187,0.38178543742159027,0.39309073931368393,37.551920133108624,0.32608675466841125,0.5867745334496983,0.5900523721461852,-0.002552959507132268,0.0548591758973362,0.3947793578834517,0.3542203017798532,0.15540606674159108,-0.17649342167292398,140.12161512233035,161.52588753112147,103.98692232202971,186.86095548086655,101.56352033356782,93.49810332286259,361.2346582163848,685.1363576453494,677.9069329409206,2934.5664080417555,2630.636880185939,1313.511739611655
P20,2019-05-16,3.0,1357.6,67.8,0.8181981712693865,5.722465640563599,0.38787690361186783,0.2553604591997601,0.6460941412733904,0.5384760965893168,51.16578649427966,0.5052775322530387,0.46429618887946084,0.6590398491302341,-0.08042166499279313,0.3411414163315857,0.5822186406604282,0.32756230025513616,0.23174822185090235,-0.08313265536921986,131.29653587527883,176.0033027359193,87.34298054390808,220.69126801579614,84.98888691816185,76.95111667576461,261.33709111917153,639.154681379274,355.63572387632064,3557.3619383386686,1740.9030973104877,755.0088061177028
P20,2019-06-17,3.0,3348.8,,0.7994283257477319,6.4220331173318925,0.40456954307284426,0.23565923452433232,0.6690726768139816,0.5329865140107468,50.56812931513052,0.4911478533712386,0.4767945131303631,0.6154914799157126,-0.05407069687555721,0.3628303930162291,0.5531931233263372,0.3269040673255912,0.23564239068398918,-0.07551130261417392,130.41129287009682,167.34869192798593,86.02981542393515,209.87930850895702,83.72814384285051,76.33798602904646,206.20355794278046,596.4666372029046,401.47187578804034,3600.9765326666497,1682.3179741710924,713.21160181914
P20,2019-07-15,3.0,4858.4,61.4,0.7629294003711653,7.531068877387171,0.3889828867228988,0.27288795925292214,0.5981037883036435,0.5224922983979564,49.4472227465111,0.485791671176168,0.5304636279581209,0.6170855610388218,-0.04214213648468628,0.2713370335656403,0.5428141821243329,0.35865754145849427,0.2334913015755709,-0.11171367644413986,131.6606534169041,165.0662604666946,86.64607420103619,205.92031190794546,84.33701236477636,77.1644991227105,255.85182565932806,647.8967475288591,492.0035787949711,3696.6725847233142,2107.4994043824313,922.6404569482129
P20,2019-08-14,3.0,2280.0,50.8,0.41232963947893375,17.300445109128365,0.25872096017705554,0.23864071213479737,0.18991035085665245,0.27812271865365507,26.42741122684428,0.1918562937249867,0.5842315568365403,0.46659774987352914,0.10852260302327832,-0.07819770835414862,0.26401973599891965,0.4419571652942946,0.10912403904791905,-0.24952801922197235,144.1286675778184,143.77864895957862,112.61718206880643,145.30568103653385,110.37574473371109,105.23816558681706,582.6205071371,908.2923499063165,1252.721828955613,2958.189137682538,3430.6972243573136,2000.97520232714
P20,2019-09-18,3.0,2677.6,58.0,0.6746289446699353,9.985556228287017,0.3470687857449078,0.2993561058353114,0.4241446614719024,0.429245040891008,40.94569479782888,0.3710008478945847,0.5810164361410746,0.6222844046764133,-0.026432921984221487,0.09137904002636968,0.44405171708018615,0.35354944221765094,0.17241338215971763,-0.16763513053021262,139.7649783665463,167.06475371893694,100.59693946661054,198.12042412688336,98.04492756953132,89.79610625302115,355.5292981112282,677.6416376121997,593.8386124450954,3079.4467788931265,2558.892891589012,1240.7790232028265
P18,2016-05-25,3.0,2304.0,,0.8203271758399405,5.347507642941359,0.37418335764047383,0.30671801912123986,0.6247517920417447,0.6166077335973595,58.14831423622047,0.641578656585216,0.5067691828041917,0.6746690954043898,-0.06653896312267246,0.3284553538944831,0.7029791612562816,0.4220996258915237,0.2988034011605862,-0.11812447090062121,130.7800170499147,177.34353695379062,76.75823618115132,224.11005972355275,74.45304306333419,68.23909269766365,347.31928694218885,755.0152723805401,448.8754778036041,4572.631371075923,2306.7130722446914,1052.4530199499789
P18,2016-06-08,3.0,3939.2,,0.8050311062796334,5.999236039292008,0.3852779130304615,0.30173130221335515,0.6208266962287865,0.5943056242646572,56.05292844028629,0.6035946347337996,0.5152026695047065,0.6604391309930209,-0.06003538171783021,0.31057441720487844,0.6629251099214485,0.40960095787143685,0.2833909189018541,-0.11840673465306614,130.83529371680638,173.7668675414519,78.8221598272071,219.61756455569733,76.50872820326586,70.11594297152871,329.4394068279294,734.4583796727985,469.81665059166585,4374.750851960714,2296.0637158567665,1020.2163564929965
P18,2016-06-22,3.0,4199.2,,0.7566610069169313,7.43672364821357,0.3721215351342692,0.290592209233431,0.575692159290615,0.5514721831820475,52.02008697601047,0.5448718483999792,0.5197907323921489,0.6228441627478764,-0.04484930970369322,0.26382499872013704,0.5980919779244575,0.40975289192049863,0.2580159800756985,-0.132193411463455,130.64069448688366,167.44329805688935,82.66136299720712,210.79105941409657,80.46201258890818,73.8896435275841,345.1540420838674,762.7989770391969,572.0970482702623,4149.335572659325,2416.106711173746,1115.4599889512103
P18,2016-07-06,3.0,4460.0,,0.6870897343160564,9.383837251020019,0.34346064613870025,0.276382392032295,0.5060579226557129,0.49998608606217326,47.16536901873544,0.4830661688856481,0.5163648894134327,0.5700378590409322,-0.025683058492464994,0.2015088570175058,0.5256052626969376,0.4238364599741781,0.23036728111808932,-0.15479311927600248,129.4863338161977,159.51329952285772,86.9486289570161,200.20658395992706,85.00336609700464,78.29568720875913,389.7978420566674,840.5576977354743,733.3223421356104,3971.7768797194244,2638.6355562506433,1301.0459994609655
P18,2016-07-20,3.0,4220.8,,0.6302960109038966,10.83317801471145,0.31624479624229473,0.27908078929621016,0.4192370663986501,0.4511988821244017,42.588853874169324,0.4131714670634238,0.5545451405946217,0.5528332037457171,0.003464563169558553,0.12106071882424445,0.4596730014664537,0.42923865365014113,0.20166737189224343,-0.18794015713151752,133.56256653856485,155.00243466026708,92.77142226149236,185.1750526344375,90.6902657251903,84.10647316696048,413.89353221745125,832.6074095364656,841.1424958417444,3719.6351383906845,2916.345375241431,1521.814954865953
P18,2016-08-10,3.0,5110.4,,0.5686929861878728,12.234448375906144,0.28757055530067543,0.2756450423518888,0.3199092864471609,0.38907034816202696,36.829217525893,0.32445406235094104,0.5930641418607241,0.5444949241722493,0.03802414419716833,0.03663777173538559,0.38759952559337424,0.41443058319637066,0.1629519669719196,-0.21375168021488333,141.46786424707824,154.0300383975892,101.91985254612818,169.71259929267586,99.4372848266954,92.94291217014668,441.723040030032,779.5424610317102,902.0800287476382,3287.982271210318,3053.6988853414678,1693.499340103662
P18,2016-08-24,3.0,3343.2,,0.5686997727994266,12.29637097805065,0.28910842258237684,0.2769938824543556,0.3103822942229281,0.3777417695463078,35.86250292529124,0.30898816730796463,0.5965476856912347,0.5527660163489946,0.03427069203905242,0.02375652040810336,0.3766162412856946,0.39840490952594454,0.15354311964719047,-0.21046509740467512,143.01900599607495,156.0777879412957,104.39908936048641,171.56759114750736,101.82544109434399,94.95636903500656,435.51635179057416,753.2387715787834,862.135415035434,3125.857940641004,2981.515691388593,1648.5118297386111
P18,2017-05-18,2.0,1889.3333333333333,70.66666666666667,0.7908236435840466,5.800064461370797,0.34274451469461953,0.2601547199430472,0.6011327106173789,0.5568503766458572,52.592939697393184,0.5374806721692746,0.49183103940414935,0.6252632212196548,-0.055889165799660176,0.32822073107729977,0.6123602334862294,0.37552734400789434,0.2524838916072127,-0.10620123798528787,134.9429239253969,173.9161287351906,83.81685534163971,214.7500707920821,81.23195638114754,74.32133151876018,333.8814937921168,688.3689871117065,470.6710322105572,3967.336248909832,2023.7599109799937,1002.9032182968804
P18,2017-06-28,3.0,3583.2,58.2,0.6866695660233088,9.097452149406953,0.3213769940320017,0.2730760538854678,0.47165036068123334,0.477020003052257,45.14014961203387,0.440844786182901,0.5383213788677588,0.5848408237748224,-0.019518489572519518,0.18144539276932897,0.5019700391845774,0.3927227016306413,0.2103934214706981,-0.15508436066861078,135.51578522268346,163.51194280141084,92.0688585075169,196.93262633923183,89.73613299834828,82.70410127054623,372.97962195819207,746.5540749596305,666.0252612316411,3640.2078392964672,2512.736158486326,1293.4244221300548
P18,2017-08-09,2.0,3221.3333333333335,53.333333333333336,0.6867435985157706,9.279150212880836,0.34067041105176676,0.2666109650555047,0.4713647042376684,0.44336463563906936,42.2515190586132,0.38764390052366393,0.5468096910044111,0.595357741976313,-0.024207014384257246,0.16282908015397496,0.456296265024779,0.34984047148560216,0.18373666886375628,-0.1436301509845293,137.6713764827239,165.02707479945605,97.74692013011946,196.70452629603932,95.28379862807365,87.37799716963451,332.10018505782017,672.0439255143015,592.8812430517806,3199.0932017983832,2307.859792853387,1155.1818398532732
P18,2017-09-06,2.0,4406.8,67.33333333333333,0.7527282156034478,7.84734896750555,0.38706893972401796,0.26360791703067915,0.5787492453267444,0.4891440957383092,46.5458838165883,0.4354654679862743,0.5387525364744813,0.619953738366253,-0.03969596812127114,0.24987489023691672,0.5086163301376048,0.3310453187121065,0.20867238064410965,-0.10937318631687196,136.71592144757756,168.10265651106832,92.0952596074449,203.11274486852074,89.4764545499487,81.73597194482748,269.5521010280609,598.5054429150845,465.7754323413968,3346.050337457918,1999.2404827384887,884.5008916606982
P18,2017-10-25,2.0,3636.133333333333,42.666666666666664,0.5773129721864672,12.778847122300315,0.3147616960874062,0.25060598946349344,0.3645416252314845,0.3581714490081001,34.31777398603734,0.2667093333253754,0.6270471382653514,0.5380364237744926,0.06486534843044187,0.057724352666607234,0.34629766470740997,0.33951864608504745,0.1447004616472402,-0.16722670032989428,150.74094747993988,154.882855308392,106.72174966333122,160.26678231532438,103.35325089901991,97.00675467329435,338.8961349273937,569.5192272317563,748.4003119798361,2794.336301883142,2476.1796172239847,1293.7063401315559
P18,2018-01-30,3.0,3714.4,17.0,0.2776505072676194,21.318276837571208,0.23203231897731186,0.20660272891586734,0.06837076957134877,0.18331543924513366,17.408537727760905,0.07819948283767796,0.5862303923438822,0.4243219051785352,0.2007833454441744,-0.1664753439693921,0.1679050532541852,0.43479648341841753,0.06160422749890544,-0.26857650554545504,149.80619481367148,138.8376955105909,125.85157264678514,134.12531379497025,123.85852577648842,124.05203708328813,637.7983769134158,918.3724374090732,1424.6576828250622,2516.1853295095925,3518.961216836238,2192.6052127764215
P18,2018-05-01,3.0,260.8,73.6,0.5911657792903581,7.155102336694183,0.20177529706893776,0.23351862307067345,0.2534299974707288,0.36542812428609545,35.03037368398288,0.3131451503327842,0.5098001524946314,0.5673998892128356,-0.026184118908075378,0.0688450156718658,0.3955129399710877,0.35315505994108587,0.1319025904672783,-0.18131979160395648,147.5135283893573,174.539626221942,114.39057782434624,200.51600006983992,111.94186490241029,102.7919433355045,508.78215679165254,777.9935393240465,691.779831623915,2773.0007478153284,2393.284343332146,1660.1639338280174
P18,2018-05-16,3.0,779.6800000000001,79.6,0.8025641277204637,5.8079785293488255,0.34957160214983557,0.2889045820847862,0.5827050615784535,0.5695798972089724,53.90935308113744,0.5714008992036342,0.49208985598820687,0.6647884238272208,-0.07589769461117366,0.299567444723858,0.6477801791590712,0.3884979273843699,0.26031422309509783,-0.11675579033557537,133.963583482811,179.9613015438365,83.88233668172929,223.6857590198509,81.37270493919388,73.87810029227032,369.7452000097751,739.8068499757292,437.8703624245167,4078.8343009359414,2168.8730134429807,1045.3076486824987
P18,2018-05-30,3.0,2023.2,70.4,0.7976457761472198,6.04033708949348,0.3668375890167902,0.29237228075353744,0.6133884141166467,0.5950877179522802,56.10863179902596,0.6133288451930411,0.4884827870568961,0.6435849932808536,-0.06430268397131195,0.3187930986012185,0.6669197726578093,0.41958684034548416,0.28510118766648257,-0.11830273971009796,128.60258823753108,173.24145396574676,78.22153088206511,221.86784804408558,76.06080742575506,69.66340154922904,351.27532864177016,789.5928976516777,501.5443481785556,4448.719844534348,2300.6817486677146,1068.1458445721337
P18,2018-06-18,3.0,2609.6,57.0,0.669482111163027,9.14142398938184,0.30198464051380547,0.2564562744731843,0.47288751815568014,0.48361577388626714,45.6384896437578,0.4622993339270644,0.5010112054628754,0.5432925688490184,-0.02240135357812792,0.20097511107974045,0.5057329250267034,0.421068299785762,0.21941690265725222,-0.15580569484657264,130.3304282252681,158.9922585970579,89.10419076092914,198.62788912506335,87.15806348066971,80.30399513679912,409.346203447162,854.4804447745521,764.4592401358839,3877.3483096041628,2575.401895743515,1384.8549653973926
P18,2018-07-03,3.0,2532.8,61.4,0.6474991613394898,9.554608910500951,0.2933050617995441,0.2625622675906612,0.4146771614849095,0.4422915261948485,41.88900294476108,0.40531957281396463,0.5149543236921714,0.559928885317582,-0.025275720679816815,0.14176280404839628,0.4600571963704711,0.39364824676575255,0.1870599846954651,-0.16623531280170722,133.39631779085323,162.09911285956295,96.57152814216619,199.5103236008431,94.59474239486357,86.89318090003906,412.1685114864448,823.0987709392886,729.6630051654142,3443.160181229583,2574.67842410772,1415.1903083619552
P18 ,2018-07-23,2.0,2196.0,48.666666666666664,,,,,,,,,,,,,,,,,,,,,,,,,,,,
P18 ,2018-08-07,3.0,1942.4,36.6,,,,,,,,,,,,,,,,,,,,,,,,,,,,
P18 ,2018-09-18,3.0,4050.4,58.8,,,,,,,,,,,,,,,,,,,,,,,,,,,,
