Unnamed: 0,Block_name,Treatment,Date,Site,Ranch,Year,Low.reading_mean,Low.reading_sd,High.reading_mean,High.reading_sd,Low.rounded_5_mean,Low.rounded_5_sd,Low.rounded_10_mean,Low.rounded_10_sd,High.rounded_5_mean,High.rounded_5_sd,High.rounded_10_mean,High.rounded_10_sd,Sample_ID_vor,mean_biomass,sd_biomass,Sample_ID_bio,X_coord,Y_coord,ID,Block_Id,NDVI,DFI,NDTI,SATVI,NDII7,SAVI,RDVI,MTVI1,NCI,NDCI,PSRI,NDWI,EVI,TCBI,TCGI,TCWI,BAI_126,BAI_136,BAI_146,BAI_236,BAI_246,BAI_346,BLUE,GREEN,RED,NIR1,SWIR1,SWIR2,CPER_2022,OLS_2022,OLS,LASSO,PLS,PCR,SVR,RF,GBR,kfold
1,7,AD,2022-06-06,MI,LC,2022,45.7272727272727,5.66679398889302,85.3636363636364,6.96621407423993,47.7272727272727,6.11930449037204,49.5454545454545,7.22249971716871,86.5909090909091,6.24621097267388,87.2727272727273,6.31085095901019,2022-06-06_MI_LC_AD_7,1586.66666666667,329.524910540412,2022-06-06_MI_LC_AD_7,-85.213424,44.306466,7_AD_2022,7_AD,0.8940384952633693,3.2078596793057543,0.4014411051801163,0.2550294933639659,0.7542615207027631,0.6773435990797234,63.88152634405304,0.6958894604828181,0.5106195386835197,0.7063146543363812,-0.0507677779403775,0.5041558941591688,0.7740848765201314,0.3838315715372988,0.3427377349240114,-0.0527192724384571,139.5188749096519,180.38967528168405,70.59147286384436,216.5579055388912,67.8661591286732,62.51502480469023,229.28006780877263,514.9488877736707,269.7979949497185,4836.78355885445,1587.579352692571,675.4859168633903,278.88414646920586,2251.412365086575,1794.1630740228027,2201.8791256552854,2570.228959026136,2666.723826829664,2023.324451357358,1883.921143301624,2159.062784246706,kfold3
2,7,AD,2022-08-22,MI,LC,2022,21.6,5.96310495376823,65.7,25.2137756545627,23.0,5.8131835897618,24.6666666666667,6.8144538746106,67.0,24.5511429609632,68.6666666666667,24.3159282737898,2022-08-22_MI_LC_AD_7,1756.66666666667,314.710063776842,2022-08-22_MI_LC_AD_7,-85.213424,44.306466,7_AD_2022,7_AD,0.704839310164721,8.42802376484504,0.3234509453918958,0.3089306141691387,0.4269283300617195,0.4704560636377164,44.63646750292577,0.424920228985102,0.5836712580040376,0.6423753103514876,-0.0323065912596254,0.1235635655020588,0.5024064845810018,0.379848861006157,0.1965901733435646,-0.1768130012581919,140.94166503917157,170.9116628652702,96.22166051986868,203.4383442102428,93.55459631906872,85.89346067909203,379.671253657784,698.7812991529472,585.8111008578906,3414.261642879232,2663.0071895603623,1366.5453818582992,779.1934978063508,1252.2715692997635,1695.0301675591882,1495.4371127788872,1484.1505841190808,1317.9934302285715,1505.3745638612506,1141.0659447330866,1247.1429101167832,kfold3
7,7,AD,2022-07-05,MI,LC,2022,21.3928571428571,8.47365977915741,80.8928571428571,16.9297880928181,22.5,8.55266906574481,22.8571428571429,8.54493259282208,81.4285714285714,16.3218294440947,81.7857142857143,15.8823385321141,2022-07-05_MI_LC_AD_7,993.333333333333,412.148840428633,2022-07-05_MI_LC_AD_7,-85.213424,44.306466,7_AD_2022,7_AD,0.609451014802485,11.356696362525724,0.3054825732196304,0.2648846094155268,0.4127272717068052,0.4414903367010906,41.68318567662365,0.4075729886510212,0.5356286907842982,0.5251507560017666,0.0085401437557942,0.1229239543356868,0.4488669966551181,0.4381986187570795,0.1996053090263255,-0.185660433349463,132.0463426828148,152.58700301522344,92.78415488367509,182.61337137499007,90.83666319697298,84.36233504919359,441.35599009264735,881.0133805708462,904.7078421303104,3760.744818896266,2913.1872718926184,1548.4493221585983,575.3117935649154,1964.23711678756,807.2599256678377,1644.5433475897566,1829.5586889421447,1937.3127272296874,2651.213593164385,1151.7098944486208,1739.8703344143212,kfold3
9,7,AD,2022-07-28,MI,LC,2022,18.2857142857143,5.40820462341037,71.9642857142857,19.0369662671363,19.6428571428571,5.76203594236084,21.0714285714286,6.28890010655795,73.5714285714286,18.4519969238072,74.6428571428571,17.7392936635746,2022-07-28_MI_LC_AD_7,1053.33333333333,464.872742443205,2022-07-28_MI_LC_AD_7,-85.213424,44.306466,7_AD_2022,7_AD,0.6436713274381338,10.258639247668146,0.3113787050391303,0.2862606461245449,0.381036656659576,0.4173577951683163,39.74048205572086,0.3589271705983678,0.5750330462233934,0.5970981519456448,-0.0114898554479456,0.0803125438070085,0.4323092294878027,0.3751901747170916,0.1684350087706646,-0.1821828391593828,140.93803022901528,164.9001302358241,101.34250796554905,191.4772208781412,98.78606975851214,90.96731302419218,405.2699394674568,729.7327635528793,697.6674849304529,3155.479895578157,2692.6578763487155,1422.246496544017,1067.8322369448902,1183.78772106655,1342.6705980474694,863.5464735417769,949.3409916340696,954.6687788849988,1037.1658000874697,928.6931202866026,678.4568679497602,kfold3
11,7,PR,2022-08-22,MI,LC,2022,8.34615384615385,3.16154781956317,21.7692307692308,16.6236161945774,9.61538461538461,3.44182420326109,11.1538461538462,3.25812593608421,23.6538461538462,16.0970613658327,26.9230769230769,16.9160824706504,2022-08-22_MI_LC_PR_7,480.0,300.786846907785,2022-08-22_MI_LC_PR_7,-85.2134085,44.305256,7_PR_2022,7_PR,0.7762880609652761,6.585653904766724,0.3532492719295843,0.3083533508942859,0.4966246276574883,0.4878434864333999,46.62148662236477,0.4306225823069425,0.5923620839838,0.697275257157763,-0.054015678717637,0.1745679461736717,0.5241789672125398,0.3306970933057515,0.1979618690718902,-0.1423211385013253,143.83955388222444,178.09837312287837,96.37191058592909,210.7718273986416,93.32508289484028,85.09495401698115,300.21533173604485,573.7293951124512,399.6690410747077,3201.5382568875866,2245.8344744840483,1071.2170078090976,972.6406490839688,536.3489765127282,375.72099174415746,938.5950658796348,699.8584814743164,687.0070676001426,734.7699754853453,744.9618495727174,793.3693845662686,kfold2
13,7,PR,2022-07-28,MI,LC,2022,11.2142857142857,2.89772762640408,45.3928571428571,25.8304145816578,11.9642857142857,3.42628340763253,12.8571428571429,4.60043706228236,47.3214285714286,25.6573627746552,49.2857142857143,26.3773993366897,2022-07-28_MI_LC_PR_7,660.0,374.165738677394,2022-07-28_MI_LC_PR_7,-85.2134085,44.305256,7_PR_2022,7_PR,0.6373033301145002,10.149361604554484,0.297431233132015,0.2929156703932251,0.3415325029508858,0.4025800010123076,38.4455072197488,0.3406627038028125,0.5872565326998923,0.6071754605825299,-0.0142123469138415,0.0486507442501051,0.4154157023841717,0.3642053160260303,0.1566084196072101,-0.1907143073340345,142.9727227361484,166.76563904054058,104.92042573537108,193.6644789837205,102.29077759775122,94.02516740970702,400.4262524485048,705.7789952394762,664.3742836656363,2985.232400313508,2711.917086054684,1470.9422390974094,1118.2541741413906,654.2103623261388,1001.7462210508619,872.5500354249448,836.4495261522385,800.9073007003483,1290.1908469346556,892.7481313524471,1041.209307971447,kfold2
14,7,PR,2022-06-06,MI,LC,2022,46.0,6.54828221749796,82.9230769230769,7.86345001598193,47.6923076923077,7.37980612628397,50.0,8.94427190999916,84.0384615384615,7.21376888585028,85.0,7.07106781186548,2022-06-06_MI_LC_PR_7,1720.0,684.923353376128,2022-06-06_MI_LC_PR_7,-85.2134085,44.305256,7_PR_2022,7_PR,0.8827121553262235,3.5431726307481046,0.3968534188872286,0.2507883819626395,0.7370180904111685,0.645195667384671,60.8677367817178,0.6430576273134107,0.5028030565137618,0.6928244687733464,-0.0551569037495203,0.4771157358314576,0.7249873810801999,0.362995919458541,0.3137199026696448,-0.0567247444835538,138.3430101525972,179.24475020052182,74.4737448829886,216.7542143972261,71.69701883384006,65.83380984885136,224.46517422319468,521.4883890849452,276.09523462882214,4475.93061808893,1569.6978885267033,671.9309226249767,386.8760508336286,1506.3565856164278,1578.9359034449442,1536.613581382473,1865.8169843994785,1803.3627920639842,1117.4054344679507,1752.8479646360836,1548.4805885438343,kfold2
15,7,PR,2022-07-05,MI,LC,2022,13.6190476190476,4.87315288572183,59.1428571428571,30.0121404006541,15.7142857142857,4.81812055829716,18.0952380952381,6.01585207518238,60.0,29.2403830344269,61.9047619047619,27.3164872593545,2022-07-05_MI_LC_PR_7,793.333333333333,330.252428706689,2022-07-05_MI_LC_PR_7,-85.2134085,44.305256,7_PR_2022,7_PR,0.610548614886089,11.259326007334296,0.3021089373492068,0.2722928876737864,0.3888682832730627,0.4261527472751571,40.32789846675597,0.3814302099736387,0.5543338170357215,0.5406229074312127,0.0054418892335017,0.0959924581321886,0.4290256520360999,0.4174225307310095,0.1853963149710848,-0.1887881010118415,134.38389112757056,154.59083647919184,96.21715748546684,183.338796661134,94.15345772018335,87.17095488438392,418.8359145054635,829.4305960145126,850.6780302896643,3522.516986682459,2876.305333247155,1532.916005475356,742.2762255194683,1629.2096848750978,1345.7450326211765,1403.8776758173606,1720.3877517447684,1738.219633655476,1542.1663912613494,1141.2853780455553,956.2585914916231,kfold2
21,8,AD,2022-06-06,MI,LC,2022,44.5,7.51541625470482,74.8571428571429,10.2621717639187,46.25,7.53080095095887,47.8571428571429,8.32539304250372,76.25,10.4194440741728,78.5714285714286,10.4400531126383,2022-06-06_MI_LC_AD_8,1566.66666666667,613.666576136151,2022-06-06_MI_LC_AD_8,-85.2125535,44.3018488,8_AD_2022,8_AD,0.8687037625997,4.00414216390295,0.3967058363496583,0.2626797017758395,0.718414789051534,0.6444210008766049,60.79345513198985,0.6515806100744927,0.5079010129750785,0.6864611119282341,-0.0540345309393198,0.4496283418065491,0.7297719019457662,0.3806886357935579,0.3169080480612622,-0.0683292585652589,137.71761775655722,178.75674060965417,74.05393586674458,216.8523128640497,71.34802393753785,65.55088965817185,257.516486530045,565.5476940883857,320.313016848951,4579.507464245762,1732.24514644494,746.5544031927365,,,1785.5738073613086,2036.3727317095127,1941.984843396002,2164.716407072339,2252.7686444748065,2007.627591507752,2270.345165909414,kfold1
22,8,AD,2022-07-05,MI,LC,2022,15.1785714285714,5.46404795969253,67.4285714285714,19.8763372649184,16.4285714285714,5.75054632785295,17.5,6.45497224367903,69.2857142857143,19.4705040792613,71.0714285714286,19.8772689297554,2022-07-05_MI_LC_AD_8,593.333333333333,535.1136950842,2022-07-05_MI_LC_AD_8,-85.2125535,44.3018488,8_AD_2022,8_AD,0.7070668068995581,8.580264866608772,0.336753562596761,0.282417973729466,0.4838124487389992,0.4841889178150041,45.84048532597498,0.4416191747366879,0.5585852754041551,0.613459895043832,-0.0217787747162138,0.1850964128553415,0.5113938174919527,0.3827602363685689,0.2110039449524971,-0.154178524003464,138.2414683843537,166.37985010705606,92.38538392175568,197.96044787064648,89.8142352885941,82.772459248253,360.0321867962392,698.516982891336,613.4524362519633,3588.099001952975,2485.130441075244,1252.500711412529,,,2053.3113741715783,1988.9554437242589,1287.7033250966936,1386.7600019093775,1418.0855034973106,1521.8491455302512,1851.576165574997,kfold1
24,8,AD,2022-07-28,MI,LC,2022,17.0666666666667,3.85900946137587,64.8333333333333,25.0145934417786,18.1666666666667,4.25143653882757,20.3333333333333,4.13840993397334,66.0,24.5441193181472,67.0,24.2330637623546,2022-07-28_MI_LC_AD_8,1440.0,682.583328246449,2022-07-28_MI_LC_AD_8,-85.2125535,44.3018488,8_AD_2022,8_AD,0.5551788439890156,12.222585023666651,0.2759039905366207,0.2775236951521185,0.2832895419050538,0.3745570074112033,35.52158926674247,0.3161153317335106,0.574403888884953,0.5527304208272845,0.0230963375695541,0.0099467634929751,0.3851786305894931,0.4231191041883953,0.1500099065578445,-0.2275230613574785,142.00326751595105,158.5210729188436,105.2626816261172,177.61123999681595,102.89560386012218,95.83630345213842,521.4637817020167,858.1406865053655,933.9042142852755,3211.226728640669,3169.0305123421376,1816.682626547208,,,769.0270388381387,719.1614667000078,564.4679204195518,499.96331833029785,715.5487725135814,1022.1355322152904,943.2961629573077,kfold1
26,8,AD,2022-08-22,MI,LC,2022,20.1666666666667,4.50351076332702,48.9,20.8828423220661,21.8333333333333,4.44958993332112,23.0,4.66091599699399,51.0,20.777972421077,53.3333333333333,20.8993207831116,2022-08-22_MI_LC_AD_8,1983.33333333333,516.9021946054,2022-08-22_MI_LC_AD_8,-85.2125535,44.3018488,8_AD_2022,8_AD,0.8006590062386242,5.862021945082496,0.3591285545066249,0.3168326103186529,0.5451781959043931,0.5447294406873382,51.61012543287355,0.5160891105604734,0.5676438388350169,0.6957312400875005,-0.0626037794771729,0.2307678853985208,0.6019673590665366,0.3669533053949431,0.2378990035691864,-0.1375823566290113,139.0810435664093,178.97312573705787,88.05805052924036,218.04267114112747,85.28350774008634,77.83651758573254,318.61592534923403,637.0993317960294,404.017069529648,3735.463442077689,2313.018856107268,1082.232897468105,,,906.8438413748115,923.4831129805475,976.9486285535723,1228.980947574007,1369.7034694122956,1143.8308089935988,1164.660286950251,kfold1
32,8,PR,2022-07-05,MI,LC,2022,40.28,9.15842053340349,79.68,14.84845670993,41.6,9.4339811320566,44.0,10.4083299973307,80.6,14.3845982448822,81.2,13.3291660154215,2022-07-05_MI_LC_PR_8,2213.33333333333,753.303834230695,2022-07-05_MI_LC_PR_8,-85.2129595,44.3031134,8_PR_2022,8_PR,0.6734046516391425,9.554646492430606,0.3234119838804549,0.2860686510133798,0.4580313020784959,0.4824925589207512,45.565084038112026,0.4514219338795107,0.5572073837229188,0.5770033648618453,-0.0110814970361832,0.1588289995522672,0.5053547578487572,0.4220072233793195,0.2182222063613598,-0.1738857882157949,135.4632899427147,160.50914177552988,90.08480002708748,192.63565434106064,87.72625650661432,81.09468159300592,407.52706984469614,791.1001618983308,747.401784792057,3834.936417090197,2774.601858193392,1418.0965811392396,570.6380564720425,2192.9563373293663,1849.1808002930136,2224.5983200235996,2583.060880247037,2622.9319809817243,2831.7181307365477,1343.452263748262,1793.2205349953097,kfold3
33,8,PR,2022-07-28,MI,LC,2022,7.33333333333333,2.21980544910676,31.625,22.78216789318,9.375,2.2421360157322,10.4166666666667,2.04124145231932,32.7083333333333,22.9355982408715,35.0,23.2191824744673,2022-07-28_MI_LC_PR_8,360.0,113.137084989848,2022-07-28_MI_LC_PR_8,-85.2129595,44.3031134,8_PR_2022,8_PR,0.6980789440998517,8.782615339299674,0.3299831025793607,0.3059485838329492,0.4359254410382739,0.4679930473024168,44.38392395181908,0.4217411901105534,0.5808592017057652,0.6296034202784571,-0.0283965991528559,0.1244274370819847,0.4973423506301526,0.3839665388249955,0.1966872993821111,-0.1761458111138648,140.42919020794258,169.12107384997972,95.53880447985468,200.986328479084,92.85039834402173,85.31385895148178,389.18989432400167,711.4280697780041,614.4132646982773,3438.0721571851955,2683.9158666180792,1357.7406506080383,797.5235926952822,1396.6243820418463,1747.371908550237,1381.5104466502826,1635.7809302018409,1575.071736399894,1639.0849243983203,1156.3433875924322,1117.4195495196666,kfold3
34,8,PR,2022-08-22,MI,LC,2022,8.78571428571429,3.5627407558117,17.6071428571429,7.78098006639593,10.8928571428571,3.34818121676791,11.7857142857143,3.9002102778748,19.4642857142857,7.97441344810199,21.7857142857143,7.72373514927102,2022-08-22_MI_LC_PR_8,456.666666666667,313.784330489281,2022-08-22_MI_LC_PR_8,-85.2129595,44.3031134,8_PR_2022,8_PR,0.8186756190770825,5.456549543206292,0.3762255753694909,0.3121652276027341,0.5739744771581933,0.5473378653191104,51.923753127759326,0.5076789557263935,0.5827526588782922,0.7138871107230955,-0.0580083297449909,0.2520940922389424,0.6020686145331495,0.3503353040253031,0.2374465329599974,-0.1263502867603947,141.85113448150844,179.741836327311,88.1111413105492,215.0231773634712,85.13558594066085,77.81891765960488,288.0767647821744,573.7846120004738,361.3143919053756,3656.686623791196,2177.903938048751,984.1435713623608,693.983180425968,1132.3214216830324,779.5045954647234,1208.8583078532365,1367.2022655378867,1398.2689876112006,1048.146479720409,1456.734603906534,813.8875409389354,kfold3
38,8,PR,2022-06-06,MI,LC,2022,38.6,7.4120126169943,73.1333333333333,15.2738978005939,40.5,7.58287544405155,42.3333333333333,7.73854362727667,75.0,15.4250132733414,76.6666666666667,15.8295518775384,2022-06-06_MI_LC_PR_8,1893.33333333333,393.27683210007,2022-06-06_MI_LC_PR_8,-85.2129595,44.3031134,8_PR_2022,8_PR,0.8966621939488668,3.161233461475786,0.4100169192783471,0.2560208710711819,0.7594102367756481,0.6786615285305311,64.00157617369177,0.6972292645457883,0.5106204292719293,0.7102177169925024,-0.0519866469497068,0.5060566679459764,0.7783579120226128,0.3823907015752593,0.343012198083212,-0.0514006058116066,140.08679391881435,181.19067546512423,70.54527924115345,217.19147426946583,67.7901216034262,62.41978505161802,233.2690565830381,512.3932586595722,261.6665779405537,4831.915899840702,1578.3935283570145,658.0953388206174,280.7198788719594,2176.8831853703036,1741.1957814251157,2086.634497036159,2450.4222767560027,2627.1615751596805,1916.7576730311832,1870.247285163361,2040.076906299004,kfold3
41,9,AD,2022-07-28,MI,LC,2022,15.0,5.08391127441794,61.1481481481481,23.5252788812109,16.6666666666667,5.0,19.2592592592593,5.49540082245419,62.2222222222222,23.259957889593,63.7037037037037,22.727169126933,2022-07-28_MI_LC_AD_9,880.0,750.466521571749,2022-07-28_MI_LC_AD_9,-85.204865,44.3034326,9_AD_2022,9_AD,0.5898371244967007,11.799902208951742,0.298012921259286,0.2657382301697874,0.3469089809700064,0.3796445744828615,36.1715434509948,0.3122698821699085,0.5724993579781534,0.5539027745631075,0.014430797051896,0.0546536030982279,0.382567274863804,0.3758044900306814,0.1507838291100592,-0.1866765931800773,141.99646893544076,159.16649640961631,104.602692166883,179.43246325260387,102.05205400760892,94.50535421173558,430.932132728109,745.4468958203356,793.3523857550749,3013.7908482531857,2723.753019524632,1479.3009949440436,1368.3647953975142,1061.8057940373658,861.9215285183835,942.1606686972555,1105.8917871965098,1005.868519901738,360.06239964745805,1007.5936286817315,966.1974821191158,kfold2
42,9,AD,2022-07-05,MI,LC,2022,23.0416666666667,10.5602995950035,81.2083333333333,18.5823178379847,24.375,10.4582503316759,25.8333333333333,10.5980583400786,81.875,17.558133257219,82.5,17.0038358843706,2022-07-05_MI_LC_AD_9,1960.0,886.160256387071,2022-07-05_MI_LC_AD_9,-85.204865,44.3034326,9_AD_2022,9_AD,0.770443130041928,6.8730025658005545,0.3635063549811419,0.2742011878778981,0.5605316519986531,0.5087552311251409,48.352213849750704,0.4573002585541275,0.5654135115264808,0.6488185407246025,-0.034264428298733,0.2535629978746856,0.5341696656006808,0.3420491551386806,0.2204190128971558,-0.1188432725411476,139.4497122084969,170.0309349789345,90.7118994679516,202.4997931869686,87.90987345729718,80.67345591954368,263.58364288825373,575.131626975988,451.0400939688115,3492.303839836923,2075.152340878378,977.5853625660676,967.4917447801452,1425.6768995873451,2082.0347310471943,1218.2139264580785,1172.7607276550714,1107.7024575501873,1006.6678871388052,1473.2181882251496,1210.5988035768694,kfold2
44,9,AD,2022-06-06,MI,LC,2022,44.0740740740741,4.97629709357598,74.1481481481482,9.85941059130703,46.2962962962963,5.29742183167228,47.7777777777778,5.77350269189626,76.1111111111111,9.54073587443029,78.1481481481482,8.78680699731007,2022-06-06_MI_LC_AD_9,2433.33333333333,460.55039536045,2022-06-06_MI_LC_AD_9,-85.204865,44.3034326,9_AD_2022,9_AD,0.8807972020321906,3.6327199487342527,0.4030977948800684,0.2638505008322123,0.7397945246788933,0.6744093947970724,63.61167388661215,0.6988535841370609,0.5171135137846665,0.6955833699419283,-0.048399589574212,0.480734170942398,0.7714309938108388,0.3973629128281336,0.3441498776945103,-0.0621812405447052,138.79739167901025,179.03588966132298,70.36917727474338,215.80155857428807,67.70248059394436,62.41205638597658,250.59334227821807,547.8817645678838,310.49481856481697,4906.475516902196,1720.0516925366496,733.6282673441773,259.5835727706852,2503.533814225047,2045.3969126581444,1806.680470808024,2101.9724636059095,2126.8184524693606,2447.8569601585878,1804.54951393899,1695.5579877670486,kfold2
45,9,AD,2022-08-22,MI,LC,2022,19.8,5.99079754059623,55.2666666666667,24.999218378586,21.6666666666667,6.20529992235966,24.3333333333333,6.78910553924363,56.8333333333333,24.617183980432,58.0,24.5511429609632,2022-08-22_MI_LC_AD_9,1756.66666666667,340.035648755013,2022-08-22_MI_LC_AD_9,-85.204865,44.3034326,9_AD_2022,9_AD,0.7896418048071583,6.139075023295577,0.3562310065477732,0.3033579855016005,0.5566690733912015,0.5492285955902785,51.943231762185945,0.5223306921468026,0.5655085488496681,0.6771537563100183,-0.0480111120416327,0.2532371328031189,0.6043942709732817,0.3757822143256323,0.2461627511583612,-0.1329106878320971,139.42222648723742,175.92665901936962,86.4461652214609,212.1877603267388,83.69569751981903,76.78111995277216,319.29867499231426,634.5541812378453,443.8084211580471,3864.463654313284,2287.2301865046184,1087.549845174527,586.707293104898,1599.1157935296137,1620.948352054837,1449.7627387510097,1258.3855055797155,1317.7684647378737,1133.7137985174086,1514.6497291108492,1945.0374003413724,kfold2
51,9,PR,2022-08-22,MI,LC,2022,11.1724137931034,4.81863173760561,28.5172413793103,19.8235442442551,12.7586206896552,5.60392192011091,14.8275862068966,5.74499139323762,30.3448275862069,19.817517254888,33.7931034482759,19.349011252599,2022-08-22_MI_LC_PR_9,826.666666666667,785.56677088275,2022-08-22_MI_LC_PR_9,-85.2076735,44.303247,9_PR_2022,9_PR,0.8015599894550247,5.97562779868466,0.3713039714243646,0.299433753396058,0.5720085853163049,0.5372735753115828,50.95919689117662,0.4986746950165198,0.5635295487305966,0.6880388741466092,-0.0557844694334284,0.2553925783666863,0.5888630486854511,0.3516529476203216,0.233322692181456,-0.123039571458678,140.56703745371854,177.84920449903387,88.5537410038758,213.6425384773497,85.64845187159945,78.26178701192923,303.30247781152974,599.4835593945576,395.7669688829486,3638.092711221205,2150.20818435046,982.7346073640738,717.3486169090344,1012.2341640205688,951.5964152330727,980.2658805797278,1104.0491370476057,1160.2662793919603,1247.3845813601374,1344.995467676788,782.1559375476323,kfold1
55,9,PR,2022-07-05,MI,LC,2022,36.68,9.29031754032121,82.44,13.9942845476287,38.8,9.9247166206396,40.4,9.78093383408081,83.2,13.3759734848222,83.6,12.5432584814845,2022-07-05_MI_LC_PR_9,2460.0,1031.50375665821,2022-07-05_MI_LC_PR_9,-85.2076735,44.303247,9_PR_2022,9_PR,0.6713749237861054,9.637791031320733,0.3272802221397595,0.273411929997398,0.4726169011941337,0.4812756480092673,45.45294016925082,0.454759180182763,0.5305160925932799,0.5682190890234773,-0.0167708498806092,0.1785401448651317,0.5053785567717121,0.4192213467580806,0.2177126022042693,-0.1637485734656056,133.05604031323128,160.18385867197642,89.93547927418979,195.7780550942512,87.79811076353181,81.02221466363548,409.8202636377651,820.6067259079799,750.5692985468296,3832.745281285882,2678.1170900666216,1370.5670240849613,583.99825346389,2080.6584915091244,1992.6624745182178,1799.7515960367489,1460.7897944407437,1400.9413159418082,1562.3625337834778,1894.3505611013954,2391.467607169509,kfold1
57,9,PR,2022-07-28,MI,LC,2022,13.6923076923077,8.88940596786638,67.5384615384615,22.9490405363375,15.3846153846154,8.35740114187143,16.1538461538462,8.5214661071546,69.0384615384615,22.1819399859088,70.7692307692308,22.0767890641872,2022-07-28_MI_LC_PR_9,586.666666666667,656.130068406156,2022-07-28_MI_LC_PR_9,-85.2076735,44.303247,9_PR_2022,9_PR,0.6468640558033358,10.165154644189016,0.3114388422854888,0.2883349045986277,0.3933702826790324,0.4310164983335957,40.90898338894658,0.3818262373653996,0.5623618416572548,0.5887242066533481,-0.0180411057753051,0.0923994781046468,0.4506810296891368,0.3890734122931285,0.1775768167523664,-0.1834946495038844,138.97692670036034,164.67620443571894,98.9351256367618,195.2113335260476,96.47584042503745,88.71069543492952,427.5543385296282,771.2462064771724,714.3693325377415,3304.323811918634,2747.666758301596,1444.635622695262,886.4179801889627,1304.0130966803586,1295.600379829422,766.2436783015577,1010.0285404418029,1014.4975767234697,1132.6077732097701,996.1998852347867,890.4076704689076,kfold1
58,9,PR,2022-06-06,MI,LC,2022,32.8620689655172,9.08579793622613,63.9310344827586,7.27977155490649,34.6551724137931,9.15452995621358,36.551724137931,9.36401244467559,65.6896551724138,7.64434173694066,66.8965517241379,8.49514494783515,2022-06-06_MI_LC_PR_9,1700.0,385.953365058526,2022-06-06_MI_LC_PR_9,-85.2076735,44.303247,9_PR_2022,9_PR,0.8989763582208126,3.14117286441656,0.412447868890633,0.2419411259930357,0.7727999470023327,0.6682212777010921,63.117091669166925,0.680823560510687,0.4862770936322942,0.6969061977091673,-0.0556058594867686,0.5218415821826828,0.7605780546478247,0.368109358381552,0.3342505452561182,-0.0423971233410961,138.5754208103177,180.51768481330163,71.76459059363532,217.5646318400292,69.00117856099152,63.37133078352451,216.856926147739,505.803776334806,247.72323109540216,4696.077366188041,1460.140873525267,596.9091008622537,319.7354370844927,1640.39887231012,1597.293608541824,1495.0763403482401,1628.2754015872097,1692.4738856901613,1722.3013203696642,1845.2181633748728,1764.2130102902145,kfold1
3,7,AD,2023-09-19,MI,LC,2023,17.2666666666667,2.94704215634327,26.6,4.49213872724648,19.1666666666667,3.23859626182802,20.0,2.62612865719445,28.8333333333333,4.48817091485157,30.3333333333333,4.90132517853561,2023-09-19_MI_LC_AD_7,1320.0,289.551377133662,2023-09-19_MI_LC_AD_7,-85.213424,44.306466,7_AD_2023,7_AD,0.8002393676003611,6.028025884495233,0.3755667777707178,0.3329763414953233,0.5412009238669638,0.5463531762737189,51.7248830617165,0.5176925102384989,0.5827326898003269,0.7109637989236448,-0.0613561931427687,0.2092128777650326,0.6089095898510625,0.3750307851233153,0.2382018154744617,-0.1484567156079797,139.90383551517988,179.9895462616268,87.96945963025534,217.7137216175393,85.16840833950046,77.85989648844418,335.72702423092056,647.1008124425474,415.5543120317425,3759.7991465762807,2456.4096892496327,1116.8867713061309,595.371382845734,1324.1191754204588,1535.335306222069,1202.432681085902,1363.557339750813,1388.6698323414896,1305.3873260519144,1591.5267687267142,1804.3406253854646,kfold3
4,7,AD,2023-07-20,MI,LC,2023,6.46666666666667,2.97962429167508,22.1333333333333,16.8025723263317,8.16666666666667,2.78026708383768,10.3333333333333,1.82574185835055,23.6666666666667,16.8632089500176,25.3333333333333,16.9651434404199,2023-07-20_MI_LC_AD_7,926.666666666667,528.494717728254,2023-07-20_MI_LC_AD_7,-85.213424,44.306466,7_AD_2023,7_AD,0.6219438973982753,10.64644294474706,0.2958410770557586,0.2888739834897706,0.3325829242449977,0.3941767977272704,37.64834933484541,0.3346845158878875,0.578097702396472,0.5958339035761557,-0.0130536901348544,0.0408605628284237,0.4171747096332346,0.3700262269526544,0.1525053136728064,-0.1926181762041286,146.88423661973425,169.18191985675173,106.0630015095199,192.87479717374592,103.06445212246878,94.71702556655308,466.7317864504894,734.8419705099274,697.9167008785449,2982.112352443767,2746.4355317429563,1492.9019843547849,1105.5569124931653,704.017414285486,747.3916615596808,995.6080047110999,1131.8006799445031,1130.1931612732571,935.1037947081044,897.3579842819298,717.9136198658817,kfold3
5,7,AD,2023-05-24,MI,LC,2023,25.3,6.08644621977447,47.0333333333333,8.48724533245819,26.6666666666667,6.06478434863123,28.6666666666667,5.71346463723366,48.8333333333333,7.73297165226361,52.0,8.05155799872898,2023-05-24_MI_LC_AD_7,2346.66666666667,494.233413142684,2023-05-23_MI_LC_AD_7,-85.213424,44.306466,7_AD_2023,7_AD,0.880823908890394,3.703366309899548,0.4113597381368628,0.2474377368388568,0.7535274481212753,0.6577881472145886,62.02310110938875,0.6647431988264119,0.5015850447557807,0.6815911435899585,-0.0492630135879218,0.4934696508171677,0.7346291252886117,0.3743624591667026,0.3280855667291937,-0.0524013091792019,136.69979117081164,176.34158917806576,72.15528285622284,214.4984169689304,69.50021189958655,63.9583678205758,209.6915391839056,524.142529340749,295.1095127146783,4663.262625442073,1575.440943895714,653.4121908335487,329.97377262777843,2026.1132191314957,2001.3569905473837,2286.721681837168,2129.248321104888,2144.2938745924976,2083.288860804084,1871.6484730459445,1948.6918846872386,kfold3
6,7,AD,2023-08-22,MI,LC,2023,13.8,4.31037241370483,23.0666666666667,5.13898777993282,14.8333333333333,4.82152739666401,16.6666666666667,6.06478434863123,25.1666666666667,5.16675936142284,27.0,5.95963433268438,2023-08-22_MI_LC_AD_7,1186.66666666667,507.017422448841,2023-08-22_MI_LC_AD_7,-85.213424,44.306466,7_AD_2023,7_AD,0.7155427154582938,8.390772312050103,0.3395224531082417,0.3017942549270935,0.4553033346190526,0.4657751360099835,44.30378770176272,0.4154087033578169,0.5736676521818099,0.6428695197324109,-0.0391787539043266,0.1379965540773447,0.5012206044018209,0.3606316353131469,0.1912065748394813,-0.1604170922700317,142.6545652855273,173.40918271301646,96.9711622142789,205.065261260839,94.0554593566318,86.06741370234853,382.6591230884551,673.948394376906,543.4945651648897,3286.9522457256007,2488.748017968982,1229.5301303556994,915.9962489764231,1031.4982370371645,1092.8009262880344,1009.2248075771338,1254.0998185314133,1273.119446600288,1100.4502070997032,1144.793946717904,1327.3090462491891,kfold3
10,7,AD,2023-06-19,MI,LC,2023,40.2,10.6536378763313,85.48,8.15536633144091,41.8,11.0754984838908,42.8,11.7331439378654,86.2,7.25718035235908,87.2,5.41602560309064,2023-06-19_MI_LC_AD_7,3186.66666666667,514.328040586291,2023-06-19_MI_LC_AD_7,-85.213424,44.306466,7_AD_2023,7_AD,0.679927834165537,9.352402541905631,0.3270496788356822,0.275729219287705,0.4826705487510592,0.498816479428667,47.07416226653238,0.4789217587797622,0.5385369101567429,0.5737429055112003,-0.0122979057504888,0.1944361857379665,0.5361870281818591,0.4317784671993628,0.231723583861849,-0.1640730070785637,136.15752210880868,162.37751599682088,87.90878105721043,193.8309274333756,85.51542868085862,79.10835018049609,442.5518939632821,811.1956926128394,754.2380054611757,4018.379391461888,2708.916182376522,1390.438787837873,480.900736136553,2439.7407676223265,2101.088431057578,2753.286746354189,2672.5662326369993,2863.908417980921,2860.675512294458,1585.873024154354,2199.240076229973,kfold3
16,7,PR,2023-06-19,MI,LC,2023,12.4333333333333,4.51574512378506,58.6666666666667,19.8656406431033,13.6666666666667,5.07416263404925,15.3333333333333,5.71346463723366,60.6666666666667,20.074573613084,62.6666666666667,20.4995093857749,2023-06-19_MI_LC_PR_7,1256.0,766.080935671943,2023-06-19_MI_LC_PR_7,-85.2134085,44.305256,7_PR_2023,7_PR,0.7463616386876901,7.506155785653984,0.3495403044592119,0.2643655571789614,0.5525242711076629,0.5059423905655642,47.97768086379477,0.4626460017253786,0.544995971022956,0.6105071465128079,-0.0303986323049246,0.254626610250269,0.5378435419955963,0.3573970581584004,0.2235333735220902,-0.1194769162590046,139.80578377148157,169.0370344133157,89.88718541544398,200.82997067082368,87.06872993286319,79.92844879437911,316.3364941773855,623.6721220081073,512.9719427161982,3605.8662049095374,2116.913683694476,1021.2889418647222,860.7492100399003,1713.2276363883432,2099.313322868782,1391.4138387753833,1358.9431019671506,1274.7061571928382,1454.5311094466153,1842.920013770698,1910.8569187517342,kfold2
17,7,PR,2023-09-19,MI,LC,2023,7.4,3.40992466293561,13.2333333333333,5.21062133652443,9.5,3.30881789496928,11.6666666666667,3.79049021789452,15.0,5.2522573143889,17.3333333333333,6.39683829949492,2023-09-19_MI_LC_PR_7,620.0,296.91749695833,2023-09-19_MI_LC_PR_7,-85.2134085,44.305256,7_PR_2023,7_PR,0.8205572185237646,5.52830309796943,0.3935849089439214,0.3183594757150152,0.5812298876878688,0.5497830299938552,52.13649299283584,0.5167996000935808,0.5650263411952874,0.7248827001951383,-0.0683700715166391,0.2483819969067259,0.6133785054534746,0.3538976885356527,0.2375635981998921,-0.1270584833700321,139.58676640284602,181.61504671239075,88.00382235306263,219.02871309237457,85.16474958794092,77.65874127953556,308.056659987784,612.5221126973789,358.2959163203889,3671.7703153396274,2214.2847666781395,971.453113067043,652.9194903172566,734.4371211595408,507.51442668196404,1194.494997650408,1007.261283874192,1081.6058292922226,586.2295394182305,991.8964715417743,750.6150264574975,kfold2
18,7,PR,2023-05-24,MI,LC,2023,25.7666666666667,7.87262096887309,43.4333333333333,9.56532290614648,27.8333333333333,7.73297165226361,29.6666666666667,8.08716877841527,45.5,9.8567323395633,48.3333333333333,10.1991660691327,2023-05-24_MI_LC_PR_7,1926.66666666667,991.940858452089,2023-05-23_MI_LC_PR_7,-85.2134085,44.305256,7_PR_2023,7_PR,0.8421150488390167,4.832665356575161,0.3933016801457757,0.2507256042179623,0.6964137204926578,0.6016017912796496,56.78920978859453,0.5825282670219761,0.5108768124240007,0.6563050919080722,-0.0471700108135162,0.4180956057681939,0.6578576049386126,0.3588075759794531,0.2845946758555041,-0.0725131290969401,136.7877073904063,173.87274001264092,78.5784667453098,211.15984741926803,75.85985676297052,69.65980206631848,236.444928413191,555.3494641581675,357.0321851106002,4187.523653795015,1714.4127713431956,746.8141348515917,516.0484751179076,1608.097482487348,2357.2544204488945,1549.2837244812476,1808.3551257396286,1732.3772957243034,1748.2971489335864,1931.0087972482552,1694.0369272746582,kfold2
19,7,PR,2023-08-22,MI,LC,2023,10.0333333333333,3.38845233040134,18.2666666666667,6.59641142426402,11.6666666666667,3.30447276125633,13.0,4.66091599699399,20.1666666666667,6.08606850808118,22.6666666666667,6.91491807283521,2023-08-22_MI_LC_PR_7,733.333333333333,456.537694683217,2023-08-22_MI_LC_PR_7,-85.2134085,44.305256,7_PR_2023,7_PR,0.7239029158685213,8.184151535557563,0.344001961362898,0.2917392808527537,0.4641724666405728,0.4533176023370058,43.338191801665005,0.3959035956599218,0.5681602968004491,0.6512937873506416,-0.0450893080971926,0.1458536915541792,0.4856628556439367,0.3352305627657266,0.1809745677084171,-0.1466605768818487,143.70711412619636,175.11262416297458,99.52764205042364,206.0256034363073,96.53344229550024,88.03674535399556,356.5001728462054,631.2775377943058,489.1687410468708,3084.5480699866066,2295.69893749896,1123.5572493340724,1113.1207267266418,590.1283523009603,519.8942972928078,930.0469773960035,781.6680542270137,732.5263748919799,815.3022658945442,704.4467915124675,546.8029165087859,kfold2
20,7,PR,2023-07-20,MI,LC,2023,11.0,4.29915789669205,35.9333333333333,18.9844461442071,12.6666666666667,4.49776445108804,14.6666666666667,5.07416263404925,37.5,19.1072291789404,38.6666666666667,19.4286197236915,2023-07-20_MI_LC_PR_7,786.666666666667,443.741666588418,2023-07-20_MI_LC_PR_7,-85.2134085,44.305256,7_PR_2023,7_PR,0.52555453579759,13.14886719785675,0.2695153016195878,0.2629831244273795,0.2566962234843155,0.3386822006205059,32.26108818543603,0.2695834304055601,0.5716454646732558,0.5377307581424202,0.034397250334595,-0.0117747206446623,0.3462958970885559,0.3957177387251775,0.1282152718306137,-0.2180537119862306,146.3477353307928,159.33322363731597,110.73147135944588,173.52961157217032,108.0659601664681,100.7973717962715,528.5894515091917,815.4814680701431,916.807824174726,2898.685198882192,3003.981200142076,1741.57979247986,1225.8365571027655,403.7084375365771,279.85787518740153,825.4473747969213,999.7753803669253,891.0703732707257,114.12335372461762,1016.1378525350544,987.4525385301449,kfold2
23,8,AD,2023-09-19,MI,LC,2023,16.0666666666667,3.76859374973938,28.2,6.20011123370741,18.1666666666667,4.44958993332112,20.6666666666667,3.65148371670111,30.1666666666667,6.49712580131868,31.6666666666667,6.47719252365604,2023-09-19_MI_LC_AD_8,2173.33333333333,451.604546773686,2023-09-19_MI_LC_AD_8,-85.2125535,44.3018488,8_AD_2023,8_AD,0.7396908562159523,7.564975751907264,0.3445355433315139,0.3222960893538643,0.4594822479258237,0.4950715601436697,46.96252694793479,0.4572072962269449,0.580828250107751,0.6774072135146147,-0.0491089955944599,0.1441376459471734,0.5430843333669849,0.3771287979497943,0.2081247688436653,-0.1695560235679014,141.09979468638062,176.39167448094307,94.29207166972868,211.39811175202,91.53744959614892,83.7515966227942,381.2361877348643,691.4282188983469,514.983580371463,3498.8858902100123,2612.4229214258185,1287.8737859556563,,,997.3524549973647,977.5793362768128,677.1641213446802,672.3824866124277,924.1774138519213,1064.4735821765644,861.9697327319593,kfold1
25,8,AD,2023-05-24,MI,LC,2023,23.7333333333333,3.93860935841077,41.1333333333333,7.17626996250229,25.3333333333333,4.13840993397334,27.6666666666667,4.30183067152076,42.8333333333333,7.27339665153597,45.3333333333333,7.30296743340222,2023-05-24_MI_LC_AD_8,1820.0,203.568170399992,2023-05-23_MI_LC_AD_8,-85.2125535,44.3018488,8_AD_2023,8_AD,0.8426771487174269,4.8738768636727325,0.3994839426860614,0.2509358725703134,0.7093577866376035,0.6185232194489304,58.3332682058321,0.6158940612360079,0.49080312609237,0.6455001877036572,-0.0500823802768894,0.4326034273649148,0.6823005379281414,0.3762477047900308,0.3002836069424415,-0.069833320499542,134.19954058113916,173.20461390134358,75.81801369593698,213.5545518376886,73.2525247531303,67.26963405330265,250.7024703168912,597.4737131039851,377.53314216721856,4416.306282235775,1748.1416986576437,750.1465578834187,,,2518.36074928774,2403.3948470374035,1995.5739686850468,2161.36297802326,2750.8419966082856,2228.811852844848,2541.4836566284516,kfold1
27,8,AD,2023-06-19,MI,LC,2023,41.0344827586207,8.13933464559029,80.8620689655172,10.2668820483667,42.7586206896552,8.30083976996903,43.7931034482759,8.20008410385801,82.4137931034483,9.6010313485409,84.1379310344828,9.07006118238553,2023-06-19_MI_LC_AD_8,3733.33333333333,431.431724996358,2023-06-19_MI_LC_AD_8,-85.2125535,44.3018488,8_AD_2023,8_AD,0.7115109411824877,8.379486565543752,0.3382050561835332,0.2701574668031066,0.5071638597973612,0.4954871961227893,46.861114457831405,0.4576466117730314,0.5462443537122605,0.5999078280697138,-0.019134261375904,0.2182664557003419,0.5305956295987191,0.3847076217789102,0.2207687151339985,-0.1431300637456655,139.58266571388913,167.12952840026557,90.711129616154,197.19066969300096,88.06253463036965,81.26263768353718,371.2469525172644,690.4762636620009,609.4886729501969,3699.853586991794,2385.456247116489,1207.7569089461456,,,2351.108514963751,2870.0143559656453,2004.6047318937026,2147.3266433912504,2325.2002617039057,1793.0806315544908,1933.179704861788,kfold1
28,8,AD,2023-07-20,MI,LC,2023,5.76666666666667,3.16972024582322,23.5666666666667,15.1035125700621,7.83333333333333,3.13031157789646,10.6666666666667,2.53708131702462,25.1666666666667,15.1135548508577,28.0,15.1771152590407,2023-07-20_MI_LC_AD_8,633.333333333333,321.413544622293,2023-07-20_MI_LC_AD_8,-85.2125535,44.3018488,8_AD_2023,8_AD,0.5942044004942706,11.085091528994118,0.2821854175486955,0.2781464769142312,0.3159304030602909,0.3879305244397498,36.91765975613865,0.3324975506935171,0.5624966618359719,0.5718243437118083,-0.0034605296090565,0.0382080560375636,0.413099787353679,0.3947983148044926,0.1517440537540332,-0.2035482286534643,145.4662205628772,166.57275478540456,105.57818781713148,189.25484865622724,102.77898728576224,94.87308698467922,525.118737905639,813.0696758319236,803.9031329511221,3102.9834802019,2886.354274908428,1630.1825296239117,,,1026.1260287910072,997.7628653746712,1036.5949871563487,917.2858353085156,1306.9098071639626,1018.4173343849301,1101.6464264039269,kfold1
29,8,AD,2023-08-22,MI,LC,2023,16.3333333333333,4.30183067152076,29.4666666666667,16.7326509912626,18.5,4.76155581644313,20.6666666666667,4.49776445108804,31.0,16.9380208915959,32.0,16.6919348685277,2023-08-22_MI_LC_AD_8,1160.0,441.089560066887,2023-08-22_MI_LC_AD_8,-85.2125535,44.3018488,8_AD_2023,8_AD,0.6919931995498846,8.838794613724717,0.3280254850470998,0.2984214720567902,0.4202206230436635,0.4499569591432063,42.818563994517845,0.3984909470921347,0.5754262800587167,0.6405330841872398,-0.0301258520659853,0.1165742334766473,0.4835846870485792,0.3653302744149917,0.1830614172505834,-0.1711789689400997,143.58339242090616,172.50922565944884,99.5003572726864,201.37336079911773,96.63608511471288,88.69876871447637,399.3405927437974,687.6713683864832,581.3756627163145,3233.5202252690124,2570.950007324435,1324.806975152737,,,1122.2636756436823,1224.5198363417612,735.6524645593505,702.8066041699632,789.1253766730423,897.2232224230632,764.8442465186222,kfold1
31,8,PR,2023-05-24,MI,LC,2023,19.4333333333333,6.84651098324381,36.1,7.38754777101072,21.3333333333333,6.14947899858378,23.0,5.95963433268438,38.0,7.38124370419306,40.6666666666667,8.27681986794667,2023-05-24_MI_LC_PR_8,1426.66666666667,939.333096758901,2023-05-23_MI_LC_PR_8,-85.2129595,44.3031134,8_PR_2023,8_PR,0.8646121171722438,4.253034551466089,0.4127972899852487,0.2552520758996191,0.7266428915951875,0.6268669784206774,59.13786863822964,0.6145080273146186,0.5227894896120012,0.6785668727138265,-0.0469995545569446,0.4470678435443804,0.6917299975440941,0.3619605161155119,0.302502562932789,-0.0648474379012249,138.11525813869764,175.5234976100222,75.8708888380877,211.88197668032623,73.10274615913565,67.21289015543981,219.1363046918929,521.5122851801191,316.5952623419703,4362.018677285495,1664.612257082891,689.7255374236667,443.1236445346971,1898.886063940393,1988.0655559479485,2260.3487089604755,2087.293327388864,2198.038713819156,1881.9665118168425,1855.1873731740432,2077.2029787561905,kfold3
35,8,PR,2023-06-19,MI,LC,2023,30.4333333333333,11.9038774712517,78.7,14.3650677831256,31.6666666666667,11.9144459790838,33.0,12.0773369980935,80.0,14.2635295723769,81.3333333333333,14.3198279062413,2023-06-19_MI_LC_PR_8,2633.33333333333,684.18321133061,2023-06-19_MI_LC_PR_8,-85.2129595,44.3031134,8_PR_2023,8_PR,0.7963803721553553,6.270711388847984,0.3803812803953829,0.274358826904842,0.6112741811440674,0.5463244879994951,51.772293893457366,0.510271791335459,0.5538227934801292,0.6517575089311792,-0.0405268965798756,0.3034796460751192,0.5916185391402389,0.3543517882182461,0.2471056082747334,-0.1048596753535646,140.63934766488777,173.22888593033386,85.76153633876348,206.3068070448857,82.84183596201697,75.96747810342346,283.6554440864202,575.0775780170615,422.0078290438323,3799.73637415241,2001.552445148954,897.1734997258637,722.9953187593483,1833.1025614341827,1831.2283499527418,2211.826910116763,2152.6554151401824,2293.7597189403537,1669.288054926102,1628.6937704139941,2078.9292163582313,kfold3
37,8,PR,2023-07-20,MI,LC,2023,6.46666666666667,4.00631685125424,34.5,21.3940855507246,8.16666666666667,4.25143653882757,11.0,4.02577899936449,36.0,21.5518620685241,37.6666666666667,21.922014338187,2023-07-20_MI_LC_PR_8,946.666666666667,517.635650498173,2023-07-20_MI_LC_PR_8,-85.2129595,44.3031134,8_PR_2023,8_PR,0.5786091439095813,11.95390815433043,0.2893053844582411,0.273740366736248,0.3266477999622154,0.3909803662824131,37.09651622497946,0.3354010587461395,0.5650646311492197,0.5529942659514719,0.0145881490314532,0.0448482237001033,0.4068155092570257,0.4185104018348198,0.1596766408158881,-0.2119050296410705,142.65671116400227,160.04200443089812,102.6958507327329,179.85627863457685,100.09120757534208,92.92693004868713,525.8268505505783,846.3461428057561,899.4575189164675,3286.168862106818,3046.844943579574,1695.5389884621836,858.5581785269723,1182.968652819656,1347.5308119796414,1317.7047259135782,1214.6016675257315,1392.3154049710006,1435.5552442134863,986.7856916348645,1060.1155133465654,kfold3
39,8,PR,2023-08-22,MI,LC,2023,9.73333333333333,3.22632847092463,19.0666666666667,10.6833203328054,11.1666666666667,3.86927181363834,13.0,4.66091599699399,20.6666666666667,10.7264845715811,22.3333333333333,11.0432795395438,2023-08-22_MI_LC_PR_8,280.0,203.960780543711,2023-08-22_MI_LC_PR_8,-85.2129595,44.3031134,8_PR_2023,8_PR,0.7425788540734676,7.658463258542469,0.3524335036347589,0.2993608778156548,0.488810315854322,0.4790926338156009,45.621246782800654,0.4279896129657565,0.5717636927129601,0.6623828142309648,-0.0461005833120273,0.1689034043184926,0.5185924574778848,0.3463948744306412,0.1972529726872224,-0.1456081115044791,143.0773227996292,175.81154002590372,96.03358486219906,207.82708311274345,93.0497140270108,84.9968993501963,351.75423512059234,631.6405072288893,475.9907528828164,3279.520275714547,2324.879848194964,1117.8761806739317,943.9410823881217,926.4705101367349,832.8435907211364,936.2414287936269,989.2119733935405,1035.049348480401,817.9166301773915,1255.7401898612932,1057.6454922254693,kfold3
40,8,PR,2023-09-19,MI,LC,2023,4.53333333333333,1.8888663510037,9.23333333333333,4.6807259482156,6.5,2.330457998497,10.0,0.0,11.1666666666667,5.03150990797226,13.0,5.34983080621924,2023-09-19_MI_LC_PR_8,620.0,28.2842712474619,2023-09-19_MI_LC_PR_8,-85.2129595,44.3031134,8_PR_2023,8_PR,0.8374148756265042,5.022473950557986,0.3997589225723363,0.323112695458233,0.6096965295073978,0.5826773758987143,55.08741944821385,0.5626175134132378,0.5694315596623992,0.7325001500957462,-0.0649813891372804,0.2822414789011864,0.6615139837783686,0.3706484634568292,0.2621630467178572,-0.1226709074053418,140.57784534487928,182.9729846065224,83.61077752576958,219.809008050897,80.72447658488076,73.83059766157417,314.8385800196749,608.2611934634145,347.9398763675585,3972.9911815500896,2224.648177436571,960.3638417874696,528.7390158271223,1429.9921539083537,1229.2758305185544,1171.9460298014842,1179.6196424498858,1375.8953464989456,1036.239366429564,1581.4105486225908,1154.9335229868104,kfold3
46,9,AD,2023-08-22,MI,LC,2023,21.4,5.85220265046153,42.8,15.0181499388642,22.5,5.68573532684178,24.0,6.21455466265865,44.6666666666667,14.6765901642914,46.0,14.2876845931901,2023-08-22_MI_LC_AD_9,1346.66666666667,380.035086099516,2023-08-22_MI_LC_AD_9,-85.204865,44.3034326,9_AD_2023,9_AD,0.7197282297420944,8.089733958896078,0.3318504155499948,0.2915462303799498,0.4629661250087732,0.4668511449165108,44.42661885701146,0.415028022448361,0.5667465913918354,0.6360728278876252,-0.0385106000226826,0.1561070493079606,0.5011861210228419,0.3543991571711704,0.1918144596087053,-0.1525424176555543,143.00629953325588,173.3963548666641,96.87434406911034,204.6721699277828,93.91356076621622,85.94512219630205,372.0927105656869,658.9110120949045,530.4890302166674,3273.504261295529,2386.2420050216474,1199.1962355356484,949.3021980348418,934.9935397350395,920.3932719379565,1098.1416879306405,935.5497720753001,903.1429154101111,979.2687118537505,893.0691281922487,1030.4627538828322,kfold2
47,9,AD,2023-09-19,MI,LC,2023,25.3333333333333,5.73755524852572,38.0,7.35316024014446,27.0,6.24223655762735,29.6666666666667,7.18395402284138,40.0,7.65641493488776,42.0,7.61124395107387,2023-09-19_MI_LC_AD_9,1173.33333333333,250.013332977797,2023-09-19_MI_LC_AD_9,-85.204865,44.3034326,9_AD_2023,9_AD,0.8265459996217273,5.278372006932944,0.3910004355737324,0.3229105267495041,0.5941560623588495,0.5773528815111177,54.56883439442402,0.5580102361274137,0.5689596711227138,0.7236237222856594,-0.0619207422403801,0.271045539429513,0.650831905697978,0.3758415533297142,0.2600777864381757,-0.128493437941825,139.36417476127068,181.1683144044104,84.02248041429506,218.66118831195493,81.23388565307977,74.37363084375147,314.1696359234513,623.6690734064316,373.1602196240767,3976.846712244676,2282.3079136976635,1010.3112500930408,526.0041762977389,1365.1240101063688,1270.8824407440916,1399.1055670471421,1181.531419446758,1301.7522723831134,790.8172187647242,1164.3390971446174,879.8597624445326,kfold2
48,9,AD,2023-07-20,MI,LC,2023,12.8,6.68193653532185,41.6333333333333,23.398324922853,14.5,6.74025477877199,16.6666666666667,7.58098043578903,43.0,23.4005599697219,44.6666666666667,23.0042474838637,2023-07-20_MI_LC_AD_9,1460.0,225.920339943087,2023-07-20_MI_LC_AD_9,-85.204865,44.3034326,9_AD_2023,9_AD,0.5878743324976561,11.27658950673023,0.2789413059776579,0.2714865350116287,0.3077864682917198,0.3733921839091138,35.6692992692728,0.308541439442377,0.5763428098842629,0.5676735113878731,0.0081275708598039,0.0316270722971355,0.3845015234375442,0.3761766409289443,0.1444434720363717,-0.1973564924957454,145.581251013275,163.4922365815265,107.40792624251162,183.2924553078664,104.62579038081782,96.737234760368,464.6811955554678,751.3401698614902,778.6344706198979,2950.852181458013,2778.052896981879,1573.4222946002485,1218.8320660926602,659.5646096352039,564.607251208942,893.6283816303242,916.8135682864502,825.8249890251628,443.94129812314833,930.784940469606,1056.8894920297382,kfold2
49,9,AD,2023-05-24,MI,LC,2023,25.6,5.56218761230532,42.2,6.86520462060372,27.3333333333333,5.68320777155935,30.3333333333333,6.14947899858378,43.6666666666667,7.30296743340222,46.6666666666667,7.58098043578903,2023-05-24_MI_LC_AD_9,2793.33333333333,401.131732310804,2023-05-23_MI_LC_AD_9,-85.204865,44.3034326,9_AD_2023,9_AD,0.8493541421236438,4.713482023191243,0.4048188589288442,0.2533635301620347,0.7192159642282306,0.6271672944009027,59.1289765256581,0.6283364120071877,0.4910353873508151,0.651310222159101,-0.0514153772428021,0.4410585853369603,0.6951342686455176,0.3790287388694676,0.3062872092437393,-0.0677470738674805,134.19613737855747,173.88351722781357,74.79059938225478,214.5471743022073,72.22733626380712,66.34011101143096,250.48131796402708,597.2963350543008,368.1036146317421,4483.258806446106,1742.0708804412072,735.3711626831514,384.3675130373169,1804.8508751837267,2351.906156010212,1709.8586297769118,2154.327501162099,2137.4170617031377,2272.298984088578,1919.365748237148,1849.4503615080205,kfold2
50,9,AD,2023-06-19,MI,LC,2023,37.0333333333333,7.27529278156359,75.7666666666667,15.9734334040194,38.1666666666667,7.82164694418894,39.3333333333333,8.27681986794667,77.0,15.1771152590407,78.6666666666667,14.3198279062413,2023-06-19_MI_LC_AD_9,3600.0,385.331026521354,2023-06-19_MI_LC_AD_9,-85.204865,44.3034326,9_AD_2023,9_AD,0.7477825441527486,7.428463362461014,0.3470680430152358,0.273430394565768,0.530151024658408,0.4956665338914535,47.15098256859312,0.4467525446792718,0.5678532962474474,0.6280446277567397,-0.0290975961196149,0.2283504631301413,0.526175686409826,0.3470770627775507,0.2155397311704633,-0.1247843543098281,142.55146109605687,170.65098441270618,92.36122915317269,200.34428637699745,89.39042537843558,82.05015878148107,304.433411108988,587.6043578371955,483.6002107476274,3473.3772783399827,2131.117584777552,1030.3135236680605,957.7007325449258,1523.84316780086,1886.0514846453896,1257.96931872314,1104.3847596009111,1019.5063871378464,1221.9704614437449,1062.221163177678,1032.8075888003266,kfold2
52,9,PR,2023-07-20,MI,LC,2023,5.1,3.69855516990454,33.3,18.8261556864654,6.5,3.25629364091479,10.3333333333333,1.82574185835055,35.1666666666667,18.7305454627817,37.0,18.96457677919,2023-07-20_MI_LC_PR_9,666.666666666667,539.431799828919,2023-07-20_MI_LC_PR_9,-85.2076735,44.303247,9_PR_2023,9_PR,0.6132176512888052,11.084664411557291,0.3030399088339632,0.2748995639911,0.3499644903824935,0.3846176079310354,36.77977134691804,0.3215863291704384,0.5665394469470244,0.5808319943380034,-0.0082373599902525,0.0534783046494927,0.3982236687030677,0.3619900842982471,0.1485343544237548,-0.1818242624087906,143.54852018254047,165.44803133648838,106.08413171407952,189.7429884552812,103.40886604674796,95.09388637835444,438.21092251825263,734.5581511308932,712.9563872418117,2922.792873378908,2642.329131479918,1422.7918136267144,1317.6393599742746,1030.7453250029205,822.5980574370459,595.0871326929775,749.5494088343033,701.9423432442007,689.904254943694,1005.4812921447846,1069.7166317925346,kfold1
53,9,PR,2023-05-24,MI,LC,2023,18.2666666666667,5.95924858335016,32.8333333333333,9.09749239164793,19.3333333333333,6.1213776527687,20.6666666666667,5.83292280985675,35.1666666666667,8.85548080173432,37.0,9.15385729888094,2023-05-24_MI_LC_PR_9,2026.66666666667,714.497492414541,2023-05-23_MI_LC_PR_9,-85.2076735,44.303247,9_PR_2023,9_PR,0.8626653519697265,4.3301713430631255,0.4132846498569598,0.2563300903573696,0.726920186882697,0.6279923309241633,59.23255340698425,0.621273980504663,0.5059924462376411,0.6727429987774225,-0.0525771570587017,0.4452302813093615,0.6957259059255759,0.3663513271329305,0.303295077296813,-0.0649830208589835,136.1217344822748,175.72824220889865,75.51049031548955,214.63073553730777,72.81930139355443,66.83768937843747,231.88927783080507,553.0545320770312,324.60777948275734,4391.526439899119,1683.3319303590044,693.9498734447644,421.7791394513657,1601.6282692209777,2085.83978007285,1755.5977928371208,1809.76409902944,1744.3819182805248,2320.9456313348014,1935.4712386953095,1682.9903386268238,kfold1
54,9,PR,2023-08-22,MI,LC,2023,7.3,4.83628526582271,15.1333333333333,8.70486718127727,9.33333333333333,4.49776445108804,12.0,4.06838102172486,17.3333333333333,8.58359836662575,19.6666666666667,9.27857499958849,2023-08-22_MI_LC_PR_9,533.333333333333,403.716071845879,2023-08-22_MI_LC_PR_9,-85.2076735,44.303247,9_PR_2023,9_PR,0.7321031984412606,7.923108488727969,0.3477482626320198,0.2859977456218811,0.4768407474425341,0.4530926970883255,43.39101393986565,0.3902480724068187,0.5759712493135223,0.6549014262245604,-0.040301379813063,0.1590025415175983,0.4844203145203598,0.3244709589865656,0.1806271263940096,-0.1391216191296305,146.1136278379091,175.59030672072558,99.83748143812676,203.6867701297253,96.6393109929636,88.2444114528407,338.65456412154714,589.3250386709437,462.5087919681656,3035.180583087508,2196.738830852526,1069.1831139564194,1264.2673858034927,864.3962503752234,602.4843296132238,946.4136004982823,993.753365477893,801.282398404827,697.7509380738371,889.7365410159404,780.1116804276936,kfold1
59,9,PR,2023-06-19,MI,LC,2023,25.5,9.64811934506159,73.1666666666667,18.4822064165237,26.6666666666667,9.85527456652575,29.0,9.59525744924238,74.5,18.1635292028683,75.6666666666667,18.3234037896015,2023-06-19_MI_LC_PR_9,2360.0,748.331477354788,2023-06-19_MI_LC_PR_9,-85.2076735,44.303247,9_PR_2023,9_PR,0.7870808972728042,6.492609905702765,0.374006855983332,0.2712534102522606,0.5986856972715132,0.5351553500736794,50.77789666070501,0.4985411190884775,0.5450178305861115,0.6424094656096828,-0.0422425358170708,0.2921145284798029,0.578179656781767,0.3513188986772148,0.2399576955771907,-0.1059586170218665,140.0240148755627,172.95526573604965,87.18981262551661,206.84588270783448,84.29288522083682,77.20060410400288,290.14158675825246,588.201996167123,431.3104856655279,3723.435787403226,1998.53552148193,908.0146584904988,760.5628635139368,1591.7666495159517,1702.9470973411758,1832.8893089873395,2078.9947909019106,1995.886954599099,2238.8353469043223,2045.935843863271,1952.396398097117,kfold1
60,9,PR,2023-09-19,MI,LC,2023,9.33333333333333,5.51695401550488,14.8,6.81984932587123,11.1666666666667,5.52163976977188,13.3333333333333,6.06478434863123,17.0,6.89827564660559,18.0,7.14384229659507,2023-09-19_MI_LC_PR_9,806.666666666667,559.094506024399,2023-09-19_MI_LC_PR_9,-85.2076735,44.303247,9_PR_2023,9_PR,0.803383824340403,5.955892741489769,0.3825296768235985,0.3123457347417526,0.5631160721504866,0.5391824339250019,51.127641657207256,0.5037212589244765,0.5678008984737782,0.7090815501583414,-0.0605144415263347,0.238419538247179,0.6007796273809417,0.3574439090162052,0.2328588616336464,-0.1316270011147675,141.3188415424388,180.4202908897069,88.97583973259111,215.8331265246537,86.06581923970342,78.60272118378072,327.13164947887344,617.8722732248609,393.8048525992683,3649.129445008186,2251.453318334311,1019.7037401821408,680.940115241759,931.177321978364,646.3782401644299,786.567477742657,703.020460203145,621.9305174791509,814.4269096071836,1019.5072171608003,710.7125126267877,kfold1
