SiteID,Pasture,Date,Year,Season,biomass_lb_ac,biomass_kg_ha,Lat,Long,_geometry,sitePhotos,ID,NDVI,DFI,NDTI,SATVI,NDII7,SAVI,RDVI,MTVI1,NCI,NDCI,PSRI,NDWI,EVI,TCBI,TCGI,TCWI,BAI_126,BAI_136,BAI_146,BAI_236,BAI_246,BAI_346,BLUE,GREEN,RED,NIR1,SWIR1,SWIR2,CPER_2022,OLS_2022,OLS,LASSO,PLS,PCR,SVR,RF,GBR
FE-01,Campbell Springs,2023-10-13,2023,October,1156.0,1295.7604,40.81234792,-105.207515,SRID=4326;POINT(-105.20751503041302 40.812347917656446),"2023_RobertsRanch_USDA-ARS-27.jpg, 2023_RobertsRanch_USDA-ARS-28.jpg",FE-01_2023-10-13,0.2622049537059751,15.99149530098454,0.1582258768111139,0.1773310373275441,-0.0126938524285527,0.1613270688975504,15.466842374021972,0.0734411898344157,0.5439783524436695,0.4141607190105641,0.1677192671466821,-0.1705972837008888,0.1493240239810143,0.3986559001500136,0.0426496059622478,-0.2544492171493961,148.68347120553918,145.27468366275227,134.82049633228016,144.68301606018065,134.10697345189806,133.12915182457104,623.2497791568734,921.2716765950591,1293.548976194101,2206.8576468320607,3115.9078348316834,2263.3142483405823,1226.6757969620626,684.3850510194626,633.2140098026715,793.980771715783,827.239689871523,717.6785910220617,775.3317616880807,947.711666652,1088.0068537588893
FE-02,Campbell Springs,2023-10-13,2023,October,1054.0,1181.4286,40.81524434,-105.2019108,SRID=4326;POINT(-105.20191083218589 40.815244337721715),"2023_RobertsRanch_USDA-ARS-25.jpg, 2023_RobertsRanch_USDA-ARS-26.jpg",FE-02_2023-10-13,0.2708507608360921,18.982582849573504,0.1977895552251232,0.1850698699327966,0.0360781752082751,0.1641299322393169,15.772799718892092,0.0783013859430472,0.5402389638942469,0.4151667760774542,0.1590306831745888,-0.1628814115177927,0.1526493955766386,0.3836278176699478,0.046077208711347,-0.2346593240539716,147.95108633030236,145.02438517075566,133.162182466358,144.68829833520675,132.30360382614637,130.6783933552352,613.9360461164883,899.8436487801622,1246.647313642293,2166.110908514097,3010.4736007607085,2014.8148146048525,1810.312796270127,921.0067325558431,754.8652264751598,1227.865151459308,1066.3639675112966,1232.887633116451,1253.2362246526427,1145.94833333,1540.1681905977603
FE-03,Upper Campbell Vally,2023-10-13,2023,October,1054.0,1181.4286,40.82179557,-105.1990793,SRID=4326;POINT(-105.19907926349288 40.8217955673524),"2023_RobertsRanch_USDA-ARS-21.jpg, 2023_RobertsRanch_USDA-ARS-22.jpg",FE-03_2023-10-13,0.2434332120346883,17.68691037395623,0.1697405298261755,0.1534285489225222,0.0331038730669578,0.1610295469568517,15.29539923902886,0.0745101444879751,0.4973757141954363,0.3682225742032585,0.1659245368310957,-0.1373739070602847,0.1522964598393289,0.4402203972640998,0.0451623288356421,-0.2517410800914224,144.47205581126016,140.74323565241372,130.40174155003118,140.16650114003113,129.9277204275141,129.32290071256034,760.8759371672312,1092.71067861094,1503.188701895678,2465.304786065082,3250.822844231654,2306.374057169769,1036.0180101180608,489.8623466464915,572.2059751265765,610.036079862994,634.866197884113,672.9522427965528,674.0174547222449,787.2233333249999,798.401064038341
FE-04,Upper Campbell Vally,2023-10-13,2023,October,986.0,1105.2074,40.82038633,-105.1969489,SRID=4326;POINT(-105.1969488811203 40.82038633308888),"2023_RobertsRanch_USDA-ARS-23.jpg, 2023_RobertsRanch_USDA-ARS-24.jpg",FE-04_2023-10-13,0.2401060191182266,16.618717066610646,0.1566727610467551,0.1690662206312707,-0.0154087929843704,0.15916882927781,15.11313041960064,0.0742831020634581,0.5172773896898787,0.3953998650838428,0.1628325988557454,-0.1716794489628544,0.1512215955522753,0.4543971615939244,0.0405645989924979,-0.28138730226627,145.8756980208744,142.95592416458285,133.14997526102698,142.9123014085415,132.83462569229755,132.20804176000158,773.1036376813978,1109.9532831999434,1512.5339588663894,2464.517899612388,3485.90539423276,2540.632381254093,746.4691453796695,433.93084148736574,406.06985064895076,477.0370968833494,548.325971879976,502.7181714106163,534.3399219793681,576.2700000005,408.3668545725629
FE-05,Horsehoe North,2023-10-13,2023,October,1088.0,1219.5392,40.82893058,-105.1809275,SRID=4326;POINT(-105.18092750364805 40.82893057841773),"2023_RobertsRanch_USDA-ARS-31.jpg, 2023_RobertsRanch_USDA-ARS-32.jpg",FE-05_2023-10-13,0.2665808652930144,19.378559064865836,0.2004284954255665,0.1636385470821286,0.0768096719215163,0.1677713729850892,16.034975176146443,0.0797359944506011,0.5126827470250758,0.3792608873764177,0.1645251212733329,-0.1255583554292088,0.153939199396793,0.3971333697833105,0.0513649236053795,-0.2228605683876027,142.31320632194883,140.1918058107659,128.91430612291126,140.92372799096432,128.64390594497394,127.4427824665426,621.6390537346291,959.2673597739866,1339.8834043049626,2305.939636231584,2966.5708406000454,1974.4733072471968,1886.5365149750278,803.44153687197,735.7429412030988,1161.0257918510638,953.5918792094221,941.6768536027936,1059.9322990602013,1085.140000005,1361.165967837669
FE-06,Horsehoe North,2023-10-13,2023,October,714.0,800.3226,40.83033399,-105.1799918,SRID=4326;POINT(-105.1799917797434 40.830333988968206),"2023_RobertsRanch_USDA-ARS-29.jpg, 2023_RobertsRanch_USDA-ARS-30.jpg",FE-06_2023-10-13,0.2486240386900362,17.983042819213495,0.1750331694160251,0.1609882740811976,0.027843311734219,0.1584055442196377,15.11817767756236,0.0773656859498425,0.4959732022529322,0.3798905630854916,0.151875817145072,-0.1469986980509411,0.1501864961451298,0.4200206335749188,0.0420936892654371,-0.2438443494277616,144.3436165161791,143.11416749208854,132.52551516687856,144.3723974177647,132.399935931332,131.0069331139686,731.7674466011969,1058.7838852520908,1413.2363700195417,2334.488269835965,3142.042370721508,2205.7680581664063,1243.7611499220013,657.0071560121673,749.294865078123,756.5561183448451,746.6500550730135,863.7932218033044,847.2435198845384,929.8283333285,1160.1082213218028
FE-07,Horsehoe North,2023-10-13,2023,October,884.0,990.8756,40.81859712,-105.1676411,SRID=4326;POINT(-105.16764109747054 40.81859712377868),"2023_RobertsRanch_USDA-ARS-33.jpg, 2023_RobertsRanch_USDA-ARS-34.jpg",FE-07_2023-10-13,0.2190819942994164,17.35594065490596,0.1565067563547427,0.1335806175857294,0.0247996553935945,0.1527068564003595,14.436636236436591,0.0747044158417996,0.4534812113696025,0.3411149977432599,0.1503242554192044,-0.1321357540745708,0.148089726841123,0.4855166527052709,0.0388553521246189,-0.2660975606740217,139.62073426277755,139.00308699184384,130.06802519043086,141.18130499383665,130.73186233609664,130.04876390300734,906.98690797063,1302.0071292666496,1701.7317719538669,2653.547467099739,3465.943962490254,2528.42124113767,666.6216777942234,346.60601542596766,521.8728423908311,361.8743392875042,430.35493674948236,630.5407895208288,525.5962572170318,571.0200000005,375.92864066483025
T-106,Red Nose,2023-10-13,2023,October,646.0,724.1014,40.87709,-105.23915,SRID=4326;POINT(-105.23915 40.87709),"2023_RobertsRanch_USDA-ARS-46.jpg, 2023_RobertsRanch_USDA-ARS-45.jpg",T-106_2023-10-13,0.2726941935092514,15.545645817448971,0.1573234041473698,0.1714156153608061,0.0035388869189706,0.1635042708759002,15.735367340874197,0.0791378687527363,0.5326491838378484,0.409251465500309,0.1556593738138082,-0.1538617608340807,0.1521607345338217,0.3766125704753619,0.0435671745655213,-0.2345021530396673,149.0718519987987,146.9477859979187,135.18169630801322,147.13910479557882,134.40250547902218,132.57039170593887,598.8315972298922,882.1341431717381,1213.0423652619115,2121.09480553138,2893.321849728893,2107.312880708604,1545.2565815011606,882.0726315388623,802.1595301507152,900.7373881534661,967.902786565232,862.7036599412987,872.1204328401726,1028.6899999900002,945.7978707390787
T-111,Horsehoe North,2023-10-13,2023,October,680.0,762.212,40.81559,-105.16849,SRID=4326;POINT(-105.16849 40.81559),"2023_RobertsRanch_USDA-ARS-54.jpg, 2023_RobertsRanch_USDA-ARS-53.jpg",T-111_2023-10-13,0.2767410466335054,16.320644637844797,0.1678919763665535,0.178535802079254,0.0227907690245266,0.1855865633471131,17.600282535396943,0.1023240474302809,0.5215279868475932,0.4055891510414885,0.1454090998000456,-0.1455628980852533,0.1765027719791907,0.4562484420564489,0.0545675825616598,-0.2768993624187089,144.23290027599586,143.0793112362387,128.5710709184275,144.49892594484731,127.98185533430927,125.67375832727087,739.1846587690821,1092.5269088766313,1470.4685043827142,2590.488895557922,3478.8129346074,2479.064995809356,732.4456673587592,415.07512067408516,323.59546506948095,392.5584737294983,563.34008338881,373.0308179479781,427.42123567499937,732.7349999894999,700.1063031620515
FE-08,CR80 West,2023-10-07,2023,October,1088.0,1219.5392,40.848061,-105.218514,SRID=4326;POINT(-105.218514 40.848061),2023_RobertsRanch_USDA-ARS-13.jpg,FE-08_2023-10-07,0.2834268058415225,17.444295592413763,0.1849387789201735,0.1796689812221571,0.0322837930781383,0.1642563907968606,15.906317250573958,0.0818857091523444,0.5367196228286525,0.4188380798884797,0.1475827742128364,-0.1536206799108583,0.1517178570293751,0.3545890451368033,0.0452814467643551,-0.2176875286796709,147.36901601435363,147.1891413303809,134.7789821402557,149.01779903809893,134.27946016465097,131.8785256209214,545.8691266325588,833.0244338896174,1132.8579895680214,2026.3284328886848,2759.5909103326394,1896.6379593530664,2137.49444754423,1223.2684614063753,919.2149911795491,1428.4928268060835,1246.802756670929,1413.0297247082099,1321.5899701509115,1198.2416666650001,1475.5574189980016
FE-09,CR80 West,2023-10-07,2023,October,2040.0,2286.636,40.84417666,-105.216554,SRID=4326;POINT(-105.21655402743436 40.84417665971506),2023_RobertsRanch_USDA-ARS-14.jpg,FE-09_2023-10-07,0.2893557812250124,15.717881771739169,0.1660188835594176,0.1927253500189039,-0.0101556389606663,0.1687380134926129,16.320100869119575,0.0869547063592973,0.5541406075214536,0.4427033852008653,0.1419270142207312,-0.1759071598649492,0.1569635424995116,0.366873005843337,0.0441994232652585,-0.2408666491281647,149.28400042376467,149.47159428361763,136.25698372739808,151.43639234788296,135.60564758718172,132.81566050780677,557.6120964111445,841.4566184283044,1134.1682483154589,2055.1246415216647,2932.123005301249,2095.420847898081,1498.0192754905495,974.0659654955583,735.568032962193,1020.9199708660152,1075.3731589504628,1146.5229749982996,1126.6542142950784,1087.81999999,1222.8306988206489
FE-10,CR80 West,2023-10-07,2023,October,884.0,990.8756,40.83741558,-105.2079236,SRID=4326;POINT(-105.2079235993641 40.83741557628499),2023_RobertsRanch_USDA-ARS-15.jpg,FE-10_2023-10-07,0.2582687301306891,16.988454424949,0.1679045398774864,0.1608047557939707,0.0311059629640497,0.1667654092033345,15.882219184440997,0.0805669060997889,0.5095139026880764,0.382224048593225,0.161013653728811,-0.1375415425548835,0.1554384100032439,0.4217576574770965,0.0477059275047623,-0.2465926431949474,143.60622137872795,141.6167284961738,130.50714316485653,142.37171448691774,130.25321345269427,129.08893627482874,683.0370574644157,1025.600608167676,1411.494484586123,2389.038587510198,3149.9287673556323,2241.828127477145,1166.5911522950476,582.5885795424316,579.6076983997458,683.0839578908118,714.6514175646201,643.7201849394554,674.0317946222566,951.8983333134997,1151.9678281415436
FE-11,CR80 South,2023-10-07,2023,October,1088.0,1219.5392,40.83654049,-105.2058977,SRID=4326;POINT(-105.20589770971465 40.8365404926462),2023_RobertsRanch_USDA-ARS-16.jpg,FE-11_2023-10-07,0.2503376958067278,16.242268531896254,0.1563343594632397,0.1672934080981258,-0.0048542113447137,0.1609750464407011,15.338217935998763,0.0761353665088587,0.5187631476488896,0.3954403963100466,0.1611064430577388,-0.1610950422153798,0.1500516476250712,0.426650491345666,0.0426249148365711,-0.2622483106470283,144.40459566670089,142.8933548235133,132.9793153266875,143.97166420039423,132.9617157985591,131.98228531679783,687.5888468594184,1033.350087204573,1413.5034043804558,2354.053987632515,3256.593993068547,2373.955308160724,979.3741453108017,551.9237495576966,537.5511941595381,644.5026783927517,661.3265626187302,569.2572857209559,580.5149039294519,761.7233333275,858.5714086231608
FE-12,CR80 South,2023-10-07,2023,October,1496.0,1676.8664,40.83674323,-105.1904097,SRID=4326;POINT(-105.19040966415317 40.83674322718163),2023_RobertsRanch_USDA-ARS-12.jpg,FE-12_2023-10-07,0.2498190392858642,16.66725704743755,0.1611328612504396,0.1642243666490907,0.0055443683325207,0.1583767829423974,15.11697584172538,0.0735087299870805,0.5154877549659093,0.3904166998846802,0.162598089444845,-0.1557457160916237,0.1474485131221618,0.4135714652535817,0.0421789502397966,-0.2503553937165669,144.80840073767865,142.98497517608223,133.24511694729557,143.79995812971453,133.15319669433566,132.27442238390068,671.640111893736,1004.6930326846552,1378.3642109672453,2293.651945683667,3138.6779134291583,2266.7401753151457,1177.6320235892279,634.6297001377715,668.4907179023753,773.7918638285246,740.1370376965012,689.5654566084007,698.9854499914471,935.2716666484998,975.1823318664734
FE-13,Mid Campbell Valley,2023-10-07,2023,October,1632.0,1829.3088,40.80787411,-105.18923,SRID=4326;POINT(-105.18922997279262 40.807874111971145),2023_RobertsRanch_USDA-ARS-17.jpg,FE-13_2023-10-07,0.2891986441600626,16.068889313223007,0.169971373296151,0.1785261775359418,0.0229968778842746,0.171729158893094,16.557678191820017,0.0872541275136367,0.539202347164199,0.4189092585371095,0.1486769972378462,-0.1475752017398089,0.1607050932064088,0.3699594671958617,0.0477381717359227,-0.2287946796173599,149.77105030193565,147.92643072535338,134.04121320511953,148.3389084296971,132.94569402279132,130.5260708588739,584.1271591654851,856.1125620058347,1172.5556818952632,2121.3005028423995,2856.335353008796,2025.2207920901856,1711.9300011431724,986.7219059554637,763.5457998746289,973.8710306109793,1072.0605346108337,1075.3594376049455,1089.4098376744514,1089.443333325,1314.7180431781208
FE-14,Mid Campbell Valley,2023-10-07,2023,October,1428.0,1600.6452,40.80604878,-105.1857773,SRID=4326;POINT(-105.18577734809142 40.806048783910114),2023_RobertsRanch_USDA-ARS-18.jpg,FE-14_2023-10-07,0.3116254070093316,17.88956022298324,0.204755293096686,0.1927730697924425,0.0702721956988753,0.1867530502604148,17.972976763067617,0.1035428754218547,0.5420266862762737,0.4303963289744776,0.1337691529932257,-0.1365450333657878,0.1765648214596901,0.3695681666545019,0.0558639844189157,-0.2226298668183844,148.72843873793457,148.18008284405656,130.85847794842172,149.64931343573528,129.52163249754278,126.04859610097472,580.677146707672,852.6047917279126,1145.6150105323818,2182.0904935556587,2879.246390631389,1899.6256902758896,2000.4135899087726,1129.4748118575399,656.1437806701981,1260.8277389864074,1217.7377477769123,1438.783153474203,1556.9256338424602,1201.6033333335001,1559.5857326818525
FE-15,Lower Campbell Valley,2023-10-07,2023,October,748.0,838.4332,40.80647096,-105.1637883,SRID=4326;POINT(-105.16378826887374 40.806470964222704),2023_RobertsRanch_USDA-ARS-20.jpg,FE-15_2023-10-07,0.2723550886958233,17.44575145483093,0.1796575024073398,0.1439677797180823,0.0959480540581259,0.1902251943033271,17.984216086548255,0.1128015961040888,0.4603355614529738,0.3494838454856955,0.1337391953861014,-0.0851863544918799,0.1849528578741161,0.4725465117312865,0.0611694752819698,-0.2440938352354921,139.05521179783156,139.263137918786,123.11141646601428,142.20467168008477,122.76479212822288,120.04520515432472,838.3280414051438,1224.1491109649985,1598.248089424263,2786.86640014464,3306.747616027158,2298.537985005056,782.9814263306864,333.909624968249,317.60806622218075,231.59387614596528,518.0173970156246,526.7020041544171,572.5157384904886,799.31999999,775.4921672298115
FE-16,Lower Campbell Valley,2023-10-07,2023,October,816.0,914.6544,40.80321532,-105.1637789,SRID=4326;POINT(-105.16377890559535 40.80321531751338),2023_RobertsRanch_USDA-ARS-19.jpg,FE-16_2023-10-07,0.2783559428007366,14.682397910177489,0.149233758854786,0.1620397037743146,0.0217501549064513,0.178218871029209,16.98903476022275,0.0869119187931674,0.5300540496679266,0.3923232236731317,0.1674185809390155,-0.1279045765204193,0.1647013210771746,0.4132449736106339,0.0529676503061162,-0.2487637407628195,146.6245661058622,142.88966887858362,130.1444268087016,142.24410572353918,129.2205728496275,127.91128187056268,630.8186255633595,949.9632788963536,1350.5377811500384,2388.0484835440834,3089.3492038321165,2285.932972433991,1102.9290683328702,560.9280193416487,484.10372718666696,519.1462334741813,716.6753821306875,440.0020463424112,453.75355858693354,858.824999987,953.0025332181286
T-103,Mid Campbell Valley,2023-10-07,2023,October,1734.0,1943.6406,40.81096,-105.19125,SRID=4326;POINT(-105.19125 40.81096),"2023_RobertsRanch_USDA-ARS-40.jpg, 2023_RobertsRanch_USDA-ARS-38.jpg, 2023_RobertsRanch_USDA-ARS-39.jpg",T-103_2023-10-07,0.30563413286455,17.198623121515503,0.1922143701853616,0.1821057101523171,0.074295360088316,0.1945522533717279,18.56119287031829,0.1090062201544641,0.5298304185564362,0.4101828786541825,0.141208949883266,-0.1196640509289942,0.1826011275021148,0.4057223748553515,0.061474120576178,-0.2367086856100202,144.84699516222835,143.98655393706562,127.1249973372112,145.55981412716656,126.10094262357444,123.0777645441262,625.036247706557,944.7008290107397,1287.278712994482,2415.3923939384267,3072.499900337136,2080.346223017267,1397.0621558123617,695.9149409668869,440.6689180636109,737.6371898329601,884.246913563249,714.3848667558764,981.1763661575095,1049.7799999899999,1249.832310681122
T-104,Lower Campbell Valley,2023-10-07,2023,October,850.0,952.765,40.79993,-105.1617,SRID=4326;POINT(-105.1617 40.79993),"2023_RobertsRanch_USDA-ARS-42.jpg, 2023_RobertsRanch_USDA-ARS-41.jpg",T-104_2023-10-07,0.3210052926389526,14.640318993959967,0.1655681109062419,0.1752970207951755,0.0558207050927681,0.1937745901842817,18.631091648982608,0.1076169073183864,0.5366450892272264,0.4172324107045279,0.1378567677278118,-0.1107416061157606,0.1825240705455652,0.3721392570186661,0.0586266781917755,-0.2221460636398074,149.7806326179859,148.34063543413495,130.30496678214126,149.03200563365814,128.746868209553,125.38164465066768,572.5070284716995,843.8751477948689,1152.8362092005275,2234.8836598787857,2794.7205576567003,2000.0085302043017,1677.0871509823755,954.0410470375664,615.8094716318619,667.1617007336032,1044.3245007458363,834.440381971225,951.1922003359504,1041.743333325,1197.0474778690707
T-105,Horseshoe South,2023-10-07,2023,October,612.0,685.9908,40.80374,-105.14214,SRID=4326;POINT(-105.14214 40.80374),"2023_RobertsRanch_USDA-ARS-44.jpg, 2023_RobertsRanch_USDA-ARS-43.jpg",T-105_2023-10-07,0.2759728775817408,16.95350069360591,0.1752188729264361,0.1564289970742199,0.0671163635068091,0.1789347783514791,17.029655742682994,0.1020564722734257,0.4793303565160255,0.3741013515508658,0.129363293074421,-0.1093944433361698,0.1708702742597753,0.4191371467954166,0.0527132680971195,-0.231068178976122,141.12139160267284,143.1484288394675,128.50154354807347,147.45181634603233,128.467468736907,125.37683732906646,711.4630116196595,1068.2986817367212,1384.502804140363,2435.782771976432,3035.098262700953,2129.7179641665507,1256.0318738720807,675.2533465853444,623.7187459514142,570.4953845964637,744.9062523388142,731.3734117418865,806.6451620768929,915.53666666,1067.1347040389535
T-112,CR80 West,2023-10-07,2023,October,1054.0,1181.4286,40.84739,-105.22089,SRID=4326;POINT(-105.22089 40.84739),"2023_RobertsRanch_USDA-ARS-55.jpg, 2023_RobertsRanch_USDA-ARS-56.jpg, 2023_RobertsRanch_USDA-ARS-1.jpg, 2023_RobertsRanch_USDA-ARS-2.jpg",T-112_2023-10-07,0.2698448927298866,15.83464539284454,0.1595089352849253,0.1709696600285677,0.00797686750896,0.1658149147691182,15.896966617715629,0.085167684983637,0.5184809806847442,0.4051846857966236,0.1442220139277435,-0.1517914508625041,0.1553643591091975,0.3929440271453149,0.0441627838547128,-0.2407294517290246,145.72753620186043,146.0442673062793,133.99548485683562,148.38640236706067,133.7878012069454,131.48265034131535,633.0708631916144,951.22064626876,1270.1123193460587,2207.020555343946,2996.405173221473,2170.424781764834,1330.3611034237192,800.4721260334071,736.172579545915,833.8457097922649,857.5230560005498,794.3421779576479,814.4517581339823,997.7483333199999,1000.1453738607511
FE-17,10Mile,2023-10-06,2023,October,476.0,533.5484,40.86874134,-105.2525244,SRID=4326;POINT(-105.25252439006051 40.868741344861846),2023_RobertsRanch_USDA-ARS-10.jpg,FE-17_2023-10-06,0.2931029744528554,13.577554777589873,0.141786070767136,0.1793241190780355,-0.0107883446514553,0.1769708231392597,17.011065518839555,0.0906097114728967,0.5514785956290689,0.4276821593142984,0.1522060176035853,-0.1525913603658217,0.164313675814095,0.3807564379576874,0.0487076267526502,-0.246020745239635,149.7151951036373,148.0620343007187,134.28433603063914,148.64682511558095,133.2895749794285,130.94250761446176,566.8816921901143,855.3402531507637,1185.810002109492,2173.0530042654536,2953.881348077916,2217.612959395246,1257.1784013426916,778.3290428273839,645.5705269681745,690.6686903411097,891.2364827153536,637.7715925010293,679.958701232339,960.7416666625,1145.962413407281
FE-18,10Mile,2023-10-06,2023,October,816.0,914.6544,40.86911472,-105.247881,SRID=4326;POINT(-105.24788100278685 40.869114723600504),2023_RobertsRanch_USDA-ARS-9.jpg,FE-18_2023-10-06,0.3372530448722373,14.384758997515608,0.169304694089434,0.1903119799899167,0.0512355117517788,0.2036999473557924,19.5791513495296,0.1198353139347711,0.5492772094053602,0.4394796120213319,0.1255181086513294,-0.1191831426801056,0.1921760415202601,0.3723960482288284,0.0620386357650039,-0.2292629336596871,149.02925658537606,149.6578497090346,129.83378067065252,151.95372184204814,128.34337935473738,124.17294078729628,552.2994047467864,831.9130992654822,1112.9045517896025,2249.50163879331,2856.508451323797,2026.207736823965,1518.9709638130207,955.1964814038593,582.4670752770583,795.0102853170314,1055.0263112207729,844.5641305447973,1014.1745461843092,1292.0500000285006,1372.6045437515738
FE-19,Red Nose,2023-10-06,2023,October,748.0,838.4332,40.87195298,-105.2466507,SRID=4326;POINT(-105.24665069031889 40.871952983779366),2023_RobertsRanch_USDA-ARS-7.jpg,FE-19_2023-10-06,0.2829204876805146,14.444252895452848,0.1482187398194455,0.179314569227571,-0.0100273885422477,0.1737559563821253,16.657422013436094,0.0881936613591131,0.5438470118692755,0.4220651247928868,0.1525997643957124,-0.158018288298548,0.1621120919764263,0.3944330069986561,0.047127806182061,-0.2527443824529735,149.0780317212333,147.2048464595783,134.10226510679206,147.61727349214345,133.20997841826306,131.0518325247368,608.9667469065391,904.4169256826442,1244.372329483074,2225.1133319273818,3060.669177183485,2270.4286421043525,1162.950357017124,708.4314496613854,611.7613402087325,686.73527946472,824.66820708192,604.8621287520425,661.8864856014915,916.038333316,1046.5317518637203
FE-20,Steamboat Rock North,2023-10-06,2023,October,1156.0,1295.7604,40.86985136,-105.2432443,SRID=4326;POINT(-105.24324429616809 40.86985136170565),2023_RobertsRanch_USDA-ARS-35.jpg,FE-20_2023-10-06,0.3031676470069426,14.34658350822815,0.1545553460448966,0.1902194241404979,-0.0161688310697551,0.1695448738804302,16.529855118569294,0.0865731398908418,0.5649672261377858,0.4502622211725572,0.1428293133384549,-0.170337774935788,0.157289106916775,0.3425923775415825,0.0441369543289285,-0.2285459733661828,152.6435003512077,151.87779689341633,137.79597405277374,152.86381240616294,136.65032472086483,133.66861006063127,511.1022858056904,761.7635087302106,1039.0488881320057,1940.6437428370184,2738.178432586886,2002.8796812362384,1722.2403622323511,1138.3330575588889,784.4304381246753,1019.0910823447003,1246.9740351781952,1411.0018582689609,1206.7712790517544,1242.7283333500004,1118.766464381452
FE-21,Red Nose,2023-10-06,2023,October,1496.0,1676.8664,40.88140887,-105.2430569,SRID=4326;POINT(-105.24305688453512 40.88140887255807),2023_RobertsRanch_USDA-ARS-8.jpg,FE-21_2023-10-06,0.289304298827726,14.414084501886194,0.1503245432951975,0.184582229612827,-0.0140317489176036,0.1729140219645458,16.65040397959852,0.0870831008419661,0.5551294078784097,0.43274677186364,0.1529998521737176,-0.1640217507292461,0.1604389196231129,0.3780353083533915,0.0465906716819472,-0.2469110127169968,150.19701918357683,148.35447938575177,135.1512299897203,148.7220055169671,134.1694398016767,131.90547558417623,568.3013553615108,850.5922147526271,1177.1112909646456,2135.58404604132,2972.627846451989,2195.609450918904,1318.0390170548574,812.4852932971525,667.4457518913528,784.7107867185723,938.6751440386107,745.3952937434244,809.154922515343,962.1899999955001,1146.8146265482756
FE-22,CR80 North,2023-10-06,2023,October,1292.0,1448.2028,40.85266053,-105.1990504,SRID=4326;POINT(-105.19905042450821 40.85266053246918),2023_RobertsRanch_USDA-ARS-6.jpg,FE-22_2023-10-06,0.2714842843468693,13.811707389427266,0.1369746407405895,0.1680526602193199,-0.0187816490676383,0.1652487498519388,15.86654412682794,0.0796272803393794,0.5349647119480976,0.4095223341775782,0.1586707177040274,-0.1553711947563471,0.1525756298400993,0.3886743307634555,0.0434786791969203,-0.2471261736892569,147.83481297985372,146.29927798149325,135.1417987215672,147.06437924232753,134.6680094574788,133.05259977252982,594.9808136846151,902.7581385877796,1248.737137784393,2176.514944826416,2977.0436893187675,2259.895006920808,1213.2911074421957,726.4721441742997,691.4644818067128,710.6919995628948,815.786626797198,594.64317393514,601.4940357109771,927.7616666655002,888.2450829184887
FE-23,CR80 North,2023-10-06,2023,October,816.0,914.6544,40.84872236,-105.1959854,SRID=4326;POINT(-105.19598536114279 40.84872235587729),2023_RobertsRanch_USDA-ARS-5.jpg,FE-23_2023-10-06,0.275175085573856,17.302825284177047,0.1794402741954615,0.1802300364184376,0.0298753979259687,0.1750543345340782,16.700881217209584,0.0904431113365995,0.5293336200586761,0.4089567772437449,0.1513260069485683,-0.1505132507810497,0.1640083302605187,0.413491025257806,0.0505177080241396,-0.2507557883703907,145.15865293343523,143.8483938913406,130.74495700745197,144.97309487955795,130.1795938468984,128.1309612119924,655.9929307571322,981.5870446290584,1337.9517474912936,2352.090670985101,3182.1171034447807,2211.175948869857,1208.8338816090998,649.549262015983,525.4555266122421,747.9618919127385,796.9847410056198,727.7819501968596,864.2952632190207,1050.3199999834997,1283.0895138440892
T-101,CR80 South,2023-10-06,2023,October,1020.0,1143.318,40.83548579,-105.1956234,SRID=4326;POINT(-105.19562343449537 40.83548578877903),"2023_RobertsRanch_USDA-ARS-11.jpg, 2023_RobertsRanch_USDA-ARS-3.jpg, 2023_RobertsRanch_USDA-ARS-4.jpg",T-101_2023-10-06,0.3350965583505645,14.746655436668693,0.1731511791073704,0.1635985525670073,0.0967517909188248,0.1976440768366326,19.076436837137773,0.1081569269790808,0.5335765644386287,0.4029547153546639,0.1434244138652886,-0.0775093327409602,0.1815861582571116,0.3464451483210843,0.0632770754000696,-0.1961644896475041,147.60852982603944,146.4523297152047,128.54277028542745,147.67972998451677,127.12017536236628,123.86917910640469,491.0595785483433,771.3324242903811,1080.8688524465133,2167.2897536370515,2532.1235452668693,1784.8875036805102,2511.241114725225,1277.0238280167207,592.2419197565516,587.1105875522248,1272.3436161482714,811.8888541491423,1003.6566616857889,1508.6966667050008,1428.258889156051
T-102,CR80 East,2023-10-06,2023,October,1258.0,1410.0922,40.84287,-105.17639,SRID=4326;POINT(-105.17639 40.84287),"2023_RobertsRanch_USDA-ARS-37.jpg, 2023_RobertsRanch_USDA-ARS-36.jpg",T-102_2023-10-06,0.2839178469876577,16.751278331763555,0.1765758993718106,0.1744263309265858,0.0379983521710182,0.1725618387918608,16.572710378212157,0.0836327372669724,0.5406730257592317,0.4073726652757213,0.1627980507152115,-0.1395751166094858,0.1590187691431988,0.3784843300653256,0.0505977532171451,-0.2292519628162922,147.7699236842665,144.6717580753429,131.88450137303232,144.32735767875556,130.9020250445662,129.2040184616641,574.6602965713919,865.9227351316877,1223.2558797102324,2191.1496840242985,2901.321132226138,2029.3149176649429,1755.2603732091823,884.0256195661018,698.5698530122835,994.9310085065065,1020.2821263958812,878.8611384500895,1005.2786184466457,1116.696666665,1474.4718247439039
T-107,Steamboat Rock North,2023-10-06,2023,October,918.0,1028.9862,40.86487,-105.22506,SRID=4326;POINT(-105.22506 40.86487),"2023_RobertsRanch_USDA-ARS-48.jpg, 2023_RobertsRanch_USDA-ARS-47.jpg",T-107_2023-10-06,0.2765578087758182,15.654225940915918,0.1601641858397361,0.1829709121783787,-0.0143329201832544,0.1601164537277617,15.505909943448122,0.0775158553065798,0.5484501357175534,0.4300164430772796,0.1522713170937054,-0.1741311175468193,0.1478582902673829,0.3608895715226087,0.0410421941614496,-0.2346941181821368,149.25357174146043,148.54895217632728,137.2054102183998,149.80037465750772,136.69758691221796,134.66152377628129,550.5817012239676,832.872130285823,1138.7433797574945,2008.4084507586097,2855.8676491191727,2066.2677105940024,1629.0974897024375,998.3516194480221,828.9348584015493,1073.3480848266056,1094.5842333836306,1115.0962342270607,1055.665329217245,1067.82999999,1120.7869010536185
T-108,Steamboat Rock South,2023-10-06,2023,October,2006.0,2248.5254,40.86003,-105.24036,SRID=4326;POINT(-105.24036 40.86003),"2023_RobertsRanch_USDA-ARS-50.jpg, 2023_RobertsRanch_USDA-ARS-49.jpg",T-108_2023-10-06,0.3265291749561667,18.07324234521308,0.2168114212370158,0.1757043853782814,0.0811726505388528,0.1561469740568338,15.79335271769372,0.0804396748393527,0.5472459228382127,0.444245610108141,0.1211859463511332,-0.1380321768370549,0.1427286635268526,0.2601075790543494,0.0420595527272597,-0.15773928806116,152.73006683571123,155.11729043421906,140.38764795509468,158.5105669446026,139.5025991554306,135.15929315017044,388.28517540198686,600.1351016369056,789.0669497967627,1552.3519716876688,2052.563830189186,1319.6099148220528,5248.163892969534,3975.260075068245,841.0642881222379,2414.9523598691485,2819.952991587715,4841.053452457368,2513.207827160237,1365.0500000400007,1485.533845625112
T-109,CR80 North,2023-10-06,2023,October,782.0,876.5438,40.85662,-105.1985,SRID=4326;POINT(-105.1985 40.85662),"2023_RobertsRanch_USDA-ARS-52.jpg, 2023_RobertsRanch_USDA-ARS-51.jpg",T-109_2023-10-06,0.288037524136682,15.25450230914882,0.159854227365568,0.1923992161095807,-0.0147896593337433,0.1730185668986759,16.64739275877934,0.0886580324440672,0.557077049850714,0.4401181462521489,0.1483932867354839,-0.1742367583218182,0.1615348121399456,0.3845467807887024,0.0461217617555674,-0.2532150102834375,149.98777775217582,148.6556610736213,135.19364003672862,149.4011891940789,134.25864604529346,131.79837550005067,587.334626887741,871.733031798193,1191.8659262527697,2154.357342773472,3063.131910628824,2218.337177435714,1256.388710203139,795.8013176080752,640.0894685388632,795.320406924495,928.6712942483294,813.5837562199772,906.8024142546418,1029.4416666504999,1136.0607729817789
T-105,Horseshoe South,2023-07-28,2023,July,1643.0,1841.55655,40.80374,-105.14214,SRID=4326;POINT(-105.14214 40.80374),,T-105_2023-07-28,0.4704324450941358,12.404789018013288,0.2088647989157713,0.2056944496702776,0.2276742135525147,0.3145881936482788,29.85858468340158,0.2619801878411437,0.4811224628907911,0.4549978801676777,0.0237242111158285,0.0199409449077476,0.3207479220037877,0.4170940004301425,0.1177558252402522,-0.2065441595098742,137.5017786591429,154.424143901217,111.6622373747392,176.60619278448326,110.23210036524998,102.30882420527789,618.0772667556869,1001.8542888852488,1075.3023228157936,2974.177886248493,2863.3595381545515,1876.290742711961,843.3220362363957,621.976901982684,341.74871178771645,1638.524200912668,891.4498606544036,752.1763757735893,1708.9316424014396,1349.3166667155006,1146.4925290198662
T-106,Red Nose,2023-07-28,2023,July,2163.0,2424.39855,40.87709,-105.23915,SRID=4326;POINT(-105.23915 40.87709),,T-106_2023-07-28,0.4626375349638569,11.046175122253128,0.1780417013732738,0.2260558148073031,0.1202571138421137,0.279686725482995,26.880870719359905,0.2100108743641216,0.54770334942138,0.507767242788866,0.0385970685336888,-0.0589743801652316,0.2797487614000217,0.3683443229678717,0.0917830534917921,-0.2225380676261469,148.16392042078084,161.0234004001981,122.79173620017455,175.39494532585633,120.72720788546933,112.64168535027596,528.3758617513397,812.8191794903744,908.57582677749,2470.7210444227107,2782.530104975352,1944.963887023693,1088.3800525075094,1248.0185876299972,1305.1109972473246,3122.3315160264233,1172.099567852911,1914.044600845947,1928.7157843480818,1610.3766668600013,1542.3565865220369
T-108,Steamboat Rock South,2023-07-28,2023,July,4430.0,4965.3655,40.86003,-105.24036,SRID=4326;POINT(-105.24036 40.86003),,T-108_2023-07-28,0.438742313808827,13.991525085900667,0.2189626366670824,0.2047000084924584,0.1722964425578974,0.2479992761574441,24.126653313260675,0.1746085887848161,0.5264331614019987,0.476710102362487,0.0484258866614498,-0.0483913650583344,0.2405648887039178,0.3225661370005335,0.0802341153939928,-0.179432065888032,145.85296959374597,157.563346187147,125.15261983034218,170.79282421588994,123.5910963454573,115.5045153990888,464.6452547142856,743.8044547380928,849.5336681466691,2176.633293678294,2397.0314747790944,1535.997600005163,2293.4553115085378,2310.712676775878,435.46704822627396,2972.3997980154377,1800.3138390096008,4754.626544835582,2917.512372017256,1595.8733334870008,1608.7517917942398
T-109,CR80 North,2023-07-28,2023,July,1915.0,2146.42775,40.85662,-105.1985,SRID=4326;POINT(-105.1985 40.85662),,T-109_2023-07-28,0.5186295165021216,10.560233294049867,0.2004234148491254,0.2338058514462029,0.194879572113276,0.3180973691004586,30.50197846896068,0.2536952671295044,0.5367039916973485,0.522809459743363,0.012021979762636,-0.0055855065015585,0.3228099034276653,0.3627644549816288,0.1113713580486168,-0.2027077229011651,144.85559766217884,163.04532767227664,116.81719173337127,184.02454330986984,114.705617250545,106.03347653497497,494.006502716088,797.6979712575899,827.5072602209641,2621.573344997289,2646.768491166937,1763.028485944116,1075.0186952144923,1338.2708759481966,1328.4409355070145,8614.548706594136,1327.455347256256,3050.6447848358816,2593.710888336005,1530.0516668450011,1370.9228175697733
T-110,Reservior 15,2023-07-28,2023,July,3763.0,4217.75855,40.79403,-105.12008,SRID=4326;POINT(-105.12008 40.79403),,T-110_2023-07-28,0.4973687691433648,11.597391057831356,0.2109746165673756,0.185224645067815,0.2885816330211176,0.3322500362579909,31.56131041242732,0.2845277310018015,0.4442807862558493,0.4326882789560139,0.0100100508119806,0.0831414590768201,0.3326522412322465,0.4022592092612426,0.1292939038714958,-0.1759285267746516,131.95439673443832,151.99593040409914,107.80720738646149,181.26243963708825,106.90882293834534,98.71123037707989,546.7197029754661,991.855368562404,1023.8436582178848,3034.3846595238338,2570.909142902145,1683.544546120139,933.0717345529522,628.482111261143,84.8362766501016,850.9786238196948,980.1454280054945,540.2672399193242,1418.8796799256816,1302.1683334135014,1092.4461302126774
T-111,Horsehoe North,2023-07-28,2023,July,3831.0,4293.97635,40.81559,-105.16849,SRID=4326;POINT(-105.16849 40.81559),,T-111_2023-07-28,0.5849420646701401,9.448287798805069,0.2206799708983869,0.2380906355986225,0.3068285875576838,0.3974629220005851,37.79313634790436,0.3578929457971451,0.5141108969427218,0.519433361535769,-0.0047636233324554,0.0925102995770874,0.4255428876274095,0.4162782123887939,0.1623116643491736,-0.1983312808830659,142.593525010927,164.3801279773945,103.57648938318322,190.4734321327488,101.0554421898878,93.30267529396356,561.2665122652181,887.8326462659504,871.7907653626473,3339.7797401975777,2783.4454064641486,1782.2902670500089,623.329176732908,408.89442840307964,3291.5463249641725,8533.295062594978,1019.5787106526936,417.11110769383345,1643.083501289715,1465.0716668100013,1253.7161297533066
T-112,CR80 West,2023-07-28,2023,July,3380.0,3788.473,40.84739,-105.22089,SRID=4326;POINT(-105.22089 40.84739),,T-112_2023-07-28,0.4751305288866319,10.605848704141884,0.1755806944533535,0.2242010617968968,0.1292369005695094,0.2835967995996081,27.312025604525715,0.2183725093364046,0.5328494747325226,0.5108432623636533,0.0204743184699562,-0.0474215563566663,0.2852760014073459,0.3585951000191972,0.0921990723807817,-0.2128463201343518,146.1604156897698,162.79617712577306,122.80266001647878,181.78826339306343,121.03075345984809,112.16943480717816,516.5025917426024,814.7604828568425,863.977908275512,2433.772545092992,2673.964369293475,1875.012715112991,1078.4719758720887,1511.3191066080992,1282.1183616689839,5761.014799944782,1247.41774321475,3014.9605486255878,2252.1580687729293,1585.2266668500013,1254.655474160962
T-104,Lower Campbell Valley,2023-07-21,2023,July,2800.0,3138.38,40.79993,-105.1617,SRID=4326;POINT(-105.1617 40.79993),,T-104_2023-07-21,0.4994978267767938,10.150583961427945,0.1788503276162872,0.2169029414932567,0.1887038302897672,0.3216829512478724,30.68886624426657,0.255204623687936,0.5369454582330827,0.4921419105634977,0.0387706396527689,0.0102019174716826,0.330487853754233,0.3953324731928916,0.1179509175186616,-0.2159706965863301,149.61890476130813,160.7003580737138,114.87247095004768,172.82460076397717,112.11704784751753,104.697655290036,571.4604951413864,841.3228295090645,954.248168701332,2848.8382839925107,2799.2459942464293,1952.340965820063,890.514509786182,701.9035961515345,1452.0512444935061,946.9015625256644,1004.832222842496,544.4005729966165,968.9326809117337,1473.0633334650006,1187.7731287072172
T-107,Steamboat Rock North,2023-07-20,2023,July,1556.0,1744.0426,40.86487,-105.22506,SRID=4326;POINT(-105.22506 40.86487),,T-107_2023-07-20,0.4663966675991334,11.244619755949453,0.182748647643988,0.1942707898980685,0.1913933376387585,0.2879812998390723,27.58756190487372,0.2177221703513013,0.508338145835554,0.4600219440010587,0.0443463217742484,0.0092332116392543,0.282950517446917,0.3614456310745935,0.1013121157895704,-0.1895768495523396,142.6395390652442,155.63711021540917,118.01047437605928,171.32130364497357,116.33574117603338,108.69596427463516,496.0279955453954,819.9743687884145,930.9995064290794,2563.2362552016148,2514.9569798396155,1739.7387179731716,1398.5811005927221,1185.1612041141404,348.63934219688065,877.0714845003137,1218.2934506788527,1020.7600327522358,1409.9600521278335,1311.6016667750018,991.8455306770162
T-101,CR80 South,2023-07-19,2023,July,1512.0,1694.7252,40.83548579,-105.1956234,SRID=4326;POINT(-105.19562343449537 40.83548578877903),,T-101_2023-07-19,0.5729513980588805,9.344949284889069,0.2076374912430423,0.1802784243440426,0.3499414500683291,0.3547831492937813,33.97933944562553,0.2792966549910204,0.4985121910044123,0.4598105336162682,0.026168907456676,0.1535329971461324,0.3461147900695078,0.3297612115611144,0.1384594804933283,-0.1378120900503814,141.01805513561416,156.40638792363376,107.75689779737964,174.7799911229135,105.45685238594504,97.78922706647192,359.546093154201,676.4734708977144,747.9014254757637,2764.8418137062927,2033.164564693565,1334.2689400286863,1946.0330424448873,1102.856417248825,46.68273919386571,52.82268495470399,1693.689629977734,470.67116068878676,1052.339081113576,1277.9833334350014,984.6852576567886
T-102,CR80 East,2023-07-19,2023,July,1548.0,1735.0758,-105.17639,40.84287,SRID=4326;POINT(-105.17639 40.84287),,T-102_2023-07-19,0.5570254733812657,9.717530055669982,0.2053482998177962,0.2232213098680696,0.2600862724445134,0.3463732162312549,33.147832277355974,0.2795524704341788,0.5301023849920362,0.5158550814684815,0.0109575968046952,0.0578010807089079,0.3507912282990371,0.3557200081726994,0.1283000199646954,-0.1807040825703052,144.4125692560596,162.4791032151216,111.79755067273464,183.22721631808892,109.37232136705916,101.08921507447708,452.7371220185661,752.6541801625435,782.1419609352265,2755.4236570096537,2450.9119912112938,1615.9072202464013,1178.885169105082,1138.9799490940102,658.079874882268,3171.426184531361,1437.148535818004,1901.3640190175774,2189.489536034176,1451.9650001700013,1263.390820911248
T-103,Mid Campbell Valley,2023-07-19,2023,July,2128.0,2385.1688,40.81096,-105.19125,SRID=4326;POINT(-105.19125 40.81096),,T-103_2023-07-19,0.6112008587795661,10.317853524815302,0.274061804938782,0.2017803677177595,0.3997728704621405,0.3540445580888563,34.384917714943406,0.2863495094973505,0.4930249259604963,0.5110112642300444,-0.0119373471595629,0.144461827130593,0.3591098177492539,0.3055936238007753,0.1328923057380986,-0.1304462133282141,143.29611726726654,165.22808778801982,110.79703203162146,189.30784091153524,108.41889777589394,99.28113149233884,370.7822442183989,651.7611338874415,623.0653831343133,2580.5165802166925,1966.470932523724,1168.9176742393709,2148.741996499346,2296.4864288529775,138.26328055045656,1995.5790590763525,2484.535291061876,4908.196848939311,4229.794218133902,1408.2483334750016,1152.6239272825285
FE-24,CR80 South,2023-07-18,2023,July,1944.0,2178.9324,40.8317341,-105.1954024,SRID=4326;POINT(-105.1954024 40.8317341),,FE-24_2023-07-18,0.4715977001799594,10.83486444416176,0.1777192361663908,0.1990844781627277,0.1969893897544147,0.3120963689643387,29.63634759256488,0.2470364688259922,0.5095169869148313,0.456841617360905,0.047782416522102,0.0204422571211722,0.3105544084821253,0.4051568731812329,0.1166926575781724,-0.2098019626853138,141.2605600274669,153.523006277139,113.18381191729677,168.9982702695888,111.3968802673313,104.39313141856186,552.5723330841129,905.6013084478022,1042.091974525538,2905.487896290253,2785.523049219364,1946.3290123594345,879.6469136537858,583.751713437915,315.81358715797194,500.66998650277856,884.6613030226446,308.6734399441776,493.00054389541026,1313.195000070001,881.2623669065151
FE-25,CR80 South,2023-07-18,2023,July,1008.0,1129.8168,40.8318167,-105.1955244,SRID=4326;POINT(-105.1955244 40.8318167),,FE-25_2023-07-18,0.497929247328867,10.99340796306366,0.194697750314686,0.1948325940517575,0.2520773729926813,0.3276253359079319,31.14167828068957,0.2647622918933303,0.4951041235459294,0.4518662489543787,0.0362712208080647,0.0603013601555833,0.3277130767118358,0.3899711524716829,0.1259536373234581,-0.1866922434802609,140.0994151304921,154.27562705586925,110.44302593129996,172.0585972066663,108.5686868001966,101.24457975585334,522.7346953875282,872.4321592787041,975.8250651202742,2926.461073485658,2590.0170604087675,1745.1634246149258,1049.0059040405351,634.9860479958882,180.86167396866065,419.00305001501033,1047.7086507512645,372.82400585961,822.7100660201976,1286.2216667550015,944.236843789195
FE-26,CR80 South,2023-07-18,2023,July,1436.0,1609.5406,40.8318313,-105.1953985,SRID=4326;POINT(-105.195398487073 40.83183130352453),,FE-26_2023-07-18,0.4715977001799594,10.83486444416176,0.1777192361663908,0.1990844781627277,0.1969893897544147,0.3120963689643387,29.63634759256488,0.2470364688259922,0.5095169869148313,0.456841617360905,0.047782416522102,0.0204422571211722,0.3105544084821253,0.4051568731812329,0.1166926575781724,-0.2098019626853138,141.2605600274669,153.523006277139,113.18381191729677,168.9982702695888,111.3968802673313,104.39313141856186,552.5723330841129,905.6013084478022,1042.091974525538,2905.487896290253,2785.523049219364,1946.3290123594345,879.6469136537858,583.751713437915,315.81358715797194,500.66998650277856,884.6613030226446,308.6734399441776,493.00054389541026,1313.195000070001,881.2623669065151
T-104,Lower Campbell Valley,2022-07-19,2022,July,357.0,400.14345,40.79993,-105.1617,SRID=4326;POINT(-105.1617 40.79993),,T-104_2022-07-19,0.2239228373645696,12.722515132678282,0.111753783077883,0.1711511739490467,-0.1035322246323458,0.1443447305684673,13.745868209284293,0.0633912779830722,0.530607397070066,0.4168948899462804,0.1616752720253295,-0.2128449307489865,0.1397530156740029,0.4512016957178296,0.026337632304168,-0.3086384178992148,152.48440184058376,149.03315409730547,141.27783153101203,148.16138952295557,140.78577978722004,140.5858424333423,797.0655779546363,1089.8716171566732,1462.5094121688287,2306.417564981111,3553.297262376462,2839.571224855824,563.587566704178,832.3218856397581,770.0830142013793,1212.265597154983,814.6026299903706,787.6690566758784,727.4409917913597,976.065000004,1018.8828678455494
T-105,Horseshoe South,2022-07-19,2022,July,256.0,286.9376,40.80374,-105.14214,SRID=4326;POINT(-105.14214 40.80374),,T-105_2022-07-19,0.2663167024676355,13.890897788871046,0.1365978731680298,0.1716850287883594,-0.0225715222530836,0.1764414874840411,16.750424874847035,0.1146575638765837,0.4794526622110087,0.4077646680413519,0.0948463252484962,-0.1586936726527549,0.1786047945416064,0.4603079760786671,0.0412860200474228,-0.2828446217294341,144.43314100510136,150.63631407851904,134.39839703908396,158.73835777765908,134.63979666599496,129.8412765059993,861.5669575286596,1214.0286115763563,1451.706131144808,2505.4231931535737,3451.146071258901,2621.991228723305,606.1488128530856,1104.8935866133652,869.356358090106,1212.265597154983,932.9467713849746,843.0549645839641,952.867274547976,935.233333333,966.739209656932
T-110,Reservior 15,2022-07-19,2022,July,139.0,155.79815,40.79403,-105.12008,SRID=4326;POINT(-105.12008 40.79403),,T-110_2022-07-19,0.1952446249170284,13.065898234409632,0.1076112106710076,0.1314908723897999,-0.0704376731719456,0.1382784856390663,13.0574795450068,0.0703533098645019,0.4512461195965231,0.3595492487059978,0.1327949356558281,-0.1767229590234854,0.1346665208909465,0.5229332647991733,0.0226088949887326,-0.3173640509451704,137.8857562759176,141.7809554826378,136.43917106006776,148.6473686210618,139.15897433191964,138.23957709031313,968.234766859526,1444.4903015680031,1799.6134293523944,2672.8948029556373,3820.142062873733,3078.0524209184014,358.02296291715953,786.6997901319022,569.6881998821145,1212.265597154983,698.4270747773168,588.4529727102934,340.68218866449456,951.1883333319998,960.8863320377193
T-111,Horsehoe North,2022-07-19,2022,July,127.0,142.34795,40.81559,-105.16849,SRID=4326;POINT(-105.16849 40.81559),,T-111_2022-07-19,0.1965379046719187,14.268046776152811,0.1192477999457582,0.1671952286940917,-0.1134460889758205,0.138773236887373,13.108493416320789,0.0601924950179626,0.5134109465238095,0.4076873968785788,0.1583468016919721,-0.2295869968193714,0.137406665906131,0.5382312829615605,0.0202738107097243,-0.3644481522543046,147.84796882871828,145.73347939504953,140.08745591855043,146.19693816465767,140.5672410313836,141.14906007470907,997.664102626484,1365.39956086515,1786.9216763197394,2661.574072353619,4244.774707464152,3341.6590902833127,282.70398112614964,720.165776203893,774.4996638231272,1212.265597154983,677.9950712516321,579.9317041238866,527.9330828024649,942.8633333334999,1009.8237425487735
T-101,CR80 South,2022-07-18,2022,July,277.0,310.47545,40.83528,-105.19559,SRID=4326;POINT(-105.19559 40.83528),,T-101_2022-07-18,0.3713924205051841,12.163386557909856,0.1535050122091083,0.1822040337511838,0.0822510056199556,0.2323678788340458,22.217026007199618,0.1510866066384099,0.5319612031975247,0.4320289309797707,0.1054505189191388,-0.0721233827293347,0.2232206515125743,0.3871127360333222,0.0755822396021247,-0.2266986252597291,148.2429809094739,150.71584591278207,125.39662209502306,154.7023644717819,123.60027840044152,118.37979380476898,574.8682885804199,865.4213750189831,1124.0259246561782,2453.393399529876,2833.561898503578,2080.89341163985,1216.0867306452565,1121.1332536637549,1093.3233463503836,1212.265597154983,1294.8293092488389,1304.7351741176865,1145.3666369090272,1338.1833333206669,1217.2606546872075
T-102,CR80 East,2022-07-18,2022,July,416.0,466.2736,-105.17639,40.84287,SRID=4326;POINT(-105.17639 40.84287),,T-102_2022-07-18,0.2258809029877668,13.001805538429547,0.1152547290174661,0.1714590403330453,-0.0972503565214989,0.1449229788387216,13.809851601309024,0.067654931085725,0.522245188446758,0.4161662328793177,0.150820138227552,-0.2101612065896879,0.1414677457420763,0.448020641885928,0.0261762256394923,-0.3030326304771949,151.8150727182864,149.789988564201,141.34652461879165,149.9402138172427,141.00646231760865,140.16508069770242,808.5678554704299,1102.9960577701895,1448.88585748306,2293.425717489539,3512.7586012349893,2787.5996789215383,593.1405794046341,868.3065542468789,785.4673284833386,1212.265597154983,827.2662688953139,796.934538587252,782.0361803115023,955.4766666669999,1004.2335051525891
T-103,Mid Campbell Valley,2022-07-18,2022,July,325.0,364.27625,40.81096,-105.19125,SRID=4326;POINT(-105.19125 40.81096),,T-103_2022-07-18,0.2293491760343066,13.82527502473491,0.1243048214575265,0.174424145322677,-0.0840436227756865,0.1516532157786589,14.401654801569483,0.073575561108818,0.522004587648859,0.4158214984237738,0.1497711476694887,-0.2062234669218987,0.1479202816482518,0.4700365593648362,0.0299124546372304,-0.3144286592591616,149.4360266701112,147.92374645052962,138.8478762992454,148.6325868795563,138.66121858256946,137.6407920865134,836.2190177565393,1158.906005195155,1522.4074951106222,2427.142172441393,3686.5272232815846,2872.694769038981,511.01935811424795,836.9383411869569,832.779241315174,1212.265597154983,815.9045447601472,758.930523323351,762.3693218162869,940.4033333319999,1007.9542435233782
T-106,Red Nose,2022-07-18,2022,July,480.0,538.008,40.87709,-105.23915,SRID=4326;POINT(-105.23915 40.87709),,T-106_2022-07-18,0.2364913590339655,13.188733563796353,0.1196561828599003,0.1795947687658604,-0.0936807864826774,0.1524933255945008,14.52037683457566,0.0794463866830883,0.5214020847882752,0.4262306674873659,0.1347880436139338,-0.2109474455199479,0.1509560807933071,0.4531968393575891,0.0283736971462875,-0.3080934112906168,151.29797916569294,151.34018617438102,140.8183044470839,153.12052532749823,140.51134694555574,138.46891914471965,824.1665907908925,1124.1972599469234,1437.8298446454671,2329.3094967014467,3575.8827057918525,2811.682122724921,560.2846701961383,918.5434916064789,848.7149640855846,1212.265597154983,849.1098396712191,806.7316388481406,873.717712164093,989.6316666639999,1009.3536852035793
T-107,Steamboat Rock North,2022-07-18,2022,July,171.0,191.66535,40.86487,-105.22506,SRID=4326;POINT(-105.22506 40.86487),,T-107_2022-07-18,0.2429527711832545,12.468051191269115,0.1143305395296279,0.1736197436067288,-0.0835197586800585,0.1606051290227635,15.252658470369187,0.0775445853175639,0.5348651020480767,0.4189982592581023,0.1580912623243823,-0.1959955653199924,0.1545753743773965,0.4649881214105913,0.0352755957896186,-0.3141873898290845,150.7769254480785,147.765378025547,137.6699585183889,147.34690557559506,137.03261692868142,136.07377507546377,787.9663312100358,1102.5036588175742,1489.7919482449013,2447.858326496478,3638.132654180765,2890.358196635573,496.15279434126734,808.7563359190597,791.3056112685763,1212.265597154983,838.5549890303909,794.3278609321048,691.2534427500607,950.3783333355001,1016.3572644159708
T-108,Steamboat Rock South,2022-07-18,2022,July,240.0,269.004,40.86003,-105.24036,SRID=4326;POINT(-105.24036 40.86003),,T-108_2022-07-18,0.2705336757239652,15.588216835709428,0.1571962694177251,0.1997885229493949,-0.047258435055465,0.1638489259483104,15.745292787485608,0.0942446965375601,0.5312301157801687,0.4487752885715935,0.1124110800915665,-0.2028931985353571,0.1608940277613544,0.404374010836139,0.0362088480048231,-0.2711123682456074,150.25294594196032,153.45941640253656,139.16937524836425,157.924611170214,138.77967965221862,134.8242075095182,711.5859429342173,996.2501633652962,1238.5736636048432,2155.5678481529653,3253.90704765152,2370.395689128841,931.9053913325155,1068.808097936735,1214.8482317576077,1212.265597154983,1015.1628470474108,1005.9948727543547,1317.023569593354,1139.2899999850001,1077.2406868809721
T-109,CR80 North,2022-07-18,2022,July,160.0,179.336,40.85662,-105.1985,SRID=4326;POINT(-105.1985 40.85662),,T-109_2022-07-18,0.2260583578012842,14.233198773722592,0.1275161477916641,0.1866884973873006,-0.1042004573857387,0.1485203455579214,14.115000500795142,0.0728605664406761,0.5322103887251344,0.4323268935587308,0.1448355763166463,-0.2286922180487005,0.1454553243744257,0.4729797516368287,0.0264768492926393,-0.3279089188188445,150.15658265244537,149.48444281761326,140.79661220637672,150.77124426290118,140.78293576772032,139.5802018344871,840.9681661411303,1162.7260116492523,1509.746216742422,2391.6609280980506,3806.259557235139,2945.785539522504,479.019886039566,861.2608400571902,920.8295160515578,1212.265597154983,808.7225068660606,750.8745278769914,864.0663899984677,977.334999994,1018.9261528181652
T-112,CR80 West,2022-07-18,2022,July,228.0,255.5538,40.84739,-105.22089,SRID=4326;POINT(-105.22089 40.84739),,T-112_2022-07-18,0.2425088492998953,12.898492183316938,0.118350216237522,0.1760657153875001,-0.0833970246296178,0.1578314406179643,15.015540150669793,0.0871190787967631,0.5117017869004065,0.4218220711004298,0.1255373703685983,-0.199761334812612,0.1542296851685059,0.4587962163591971,0.0312606903308408,-0.3068250528854532,146.62655278519753,149.59892908642897,138.91844759620454,154.28921775885783,139.4275508882642,136.7499083181794,805.5683049183858,1156.210612684581,1456.4662679925034,2386.736830664719,3578.5971500607484,2821.9750566228545,537.3674777918691,949.4150729939855,823.7983992878286,1212.265597154983,858.008261890668,800.3654512919368,831.5282306879926,958.2983333304999,1007.9756125903248
T-106,Red Nose,2022-06-02,2022,June,589.0,660.18065,40.8771137,-105.2389385,SRID=4326;POINT(-105.2389385 40.8771137),,T-106_2022-06-02,0.2325185447301588,12.41998113014097,0.1110369822007045,0.1582188747739425,-0.0726618435266149,0.151906010954836,14.443590989768587,0.0852359391703162,0.4825034534777559,0.3978342148150479,0.1180004055778728,-0.1822325035079987,0.1511980513606133,0.4578792281827462,0.0281946011480845,-0.2920070382699024,146.49750291807194,149.92827745346452,139.3738600287282,154.98598128411152,139.99528793378755,137.1147778583901,862.5056677308149,1204.3048129048968,1486.3008501202264,2383.7128013418087,3447.289426429803,2758.910581983432,571.9316731132539,975.3777214476515,699.682070052148,1212.265597154983,837.647587054728,776.0344425923581,736.258659896562,940.5383333319999,994.1834678517914
T-107,Red Nose,2022-06-02,2022,June,635.0,711.73975,40.8779583,-105.2404601,SRID=4326;POINT(-105.2404601 40.8779583),,T-107_2022-06-02,0.312879549604279,11.151523928326624,0.1199070899281205,0.1745067988354893,-0.0150039190513663,0.1890424590919877,18.169921864062548,0.1143264763396341,0.5190491139495191,0.4295291876786434,0.1083655628137213,-0.1346570061171904,0.1829334169492557,0.3871251203575555,0.0493019089748329,-0.2460837073954242,150.31165413877028,153.50073442923184,135.10015739763796,157.9900538417506,134.08595318538997,129.4282492205887,640.6128097974008,923.8482650575428,1165.0377876390503,2220.260300572032,2913.947133361983,2291.369956624064,1005.8489215580377,1129.7149994146412,863.6695279586984,1212.265597154983,1101.6875453862192,1125.2282238126209,1033.4173205551547,1092.5516666590001,1150.4263375046896
T-108,Steamboat Rock South,2022-06-02,2022,June,1065.0,1193.70525,40.8599928,-105.2404228,SRID=4326;POINT(-105.2404228 40.8599928),,T-108_2022-06-02,0.3296996543765164,14.255068902444313,0.1650420725101964,0.1900883803766303,0.0443750542687447,0.2080911855396772,19.88150705030886,0.1432733143631821,0.5003124911384378,0.4338730463599786,0.0788290993429043,-0.1215460779473775,0.2059182473020367,0.4104831667629487,0.059899084188908,-0.2455948116027596,143.7755839223422,152.11882383539074,129.5519091218458,162.53886616771425,129.10759493187365,122.83889407669344,691.0130193501245,1029.1936013226868,1219.3113852141305,2420.225889729736,3085.119885210759,2209.849169432543,956.2153413572198,1284.4354809871882,1191.2462117012901,1212.265597154983,1178.9876832862294,1122.6324973267465,1297.0852309777113,1088.0049999765,1047.3646576993228
T-113,10Mile,2022-06-02,2022,June,476.0,533.5246,40.8652921,-105.2598501,SRID=4326;POINT(-105.2598501 40.8652921),,T-113_2022-06-02,0.2376987974502698,12.563096444696296,0.1137027556771516,0.1747847532495638,-0.0925089077442737,0.1559930026777457,14.824535172734468,0.0923042571114273,0.4976435890069109,0.4211780480818232,0.1087881260685767,-0.2040976935601604,0.159175435358031,0.4703818130683967,0.0270729973548951,-0.3134451745061373,149.38665975964884,153.22739948269478,140.90314634856514,158.3872026360291,141.11482320530405,137.6584803958298,902.6217141202446,1222.8336481880165,1484.7546364971902,2409.504159328151,3646.0843975276816,2902.5042063119245,484.75578067839155,1024.4520265775136,796.2685645942828,1212.265597154983,835.345031183789,765.5855401269264,859.4608643150664,971.830000002,991.8176825094739
FE-27,CR80 West,2022-05-26,2022,May,456.0,511.1076,40.84745651,-105.2208478,SRID=4326;POINT(-105.22084783762693 40.84745651298932),,FE-27_2022-05-26,0.2320476454874698,11.999630721265772,0.1065351395985752,0.1616242559611734,-0.0857163262434081,0.152223506303162,14.467717620666695,0.0838111192108556,0.4927554430871982,0.4047067220640843,0.1237749087223914,-0.1904962116100427,0.1498166599245857,0.4624734217638276,0.0281275156908517,-0.3020255628705988,145.9067309353788,149.2978555781391,139.52379846509967,154.4859931845712,140.35327399053511,137.86953349333947,839.3721855898616,1197.662641915881,1493.3454722482452,2395.690199628137,3521.2925438784296,2843.7723857124583,522.1685952985652,950.3645482365871,701.773624953398,1212.265597154983,827.3774262272411,766.5415512077994,703.698294950938,949.7433333319999,996.674183234179
T-102,CR80 East,2022-05-25,2022,May,1216.0,1362.9536,-105.17639,40.84287,SRID=4326;POINT(-105.17639 40.84287),,T-102_2022-05-25,0.2502915267818264,13.32668294960464,0.1255217384219997,0.1706659673522125,-0.0543072735267146,0.1640468587513206,15.592570291566249,0.0929509492638852,0.5026531624382602,0.4107591231754923,0.124889178914288,-0.1786118141239042,0.1623818525739923,0.4548647886012096,0.0360282233959261,-0.2919814032691419,147.6126642686254,149.50180684903873,136.92144957675418,153.10897391269074,136.84145913892468,134.05547610366085,823.5217269239251,1151.3173691748827,1452.38587130958,2424.036118510261,3475.5351341644578,2700.7831881784314,599.2287667846089,953.5243264275025,819.4110087193993,1212.265597154983,884.9996358883653,825.3786544844246,840.0631541368376,944.3933333319999,986.5412222092571
T-101,CR80 South,2022-05-13,2022,May,329.0,368.75965,40.8354812,-105.1957198,SRID=4326;POINT(-105.1957198 40.8354812),,T-101_2022-05-13,0.2390801293713806,11.962550619906786,0.1080029127641011,0.1292933584553065,-0.019250334915046,0.1572879374226082,14.945835853803814,0.0727200219139688,0.4814187002657261,0.355206723235218,0.1623319701500261,-0.1269950734701805,0.1496100087417738,0.441100696217889,0.0391157017196748,-0.2588450635790608,146.37796630105186,143.4429110402284,133.84584447455157,143.28858373338883,133.53884798279785,132.99070967389503,773.0299991941833,1104.013943416343,1500.8436490724978,2435.742649047005,3146.052124815526,2534.8474394837167,768.5649208569068,799.343080855517,559.4387021411933,1212.265597154983,856.0459940601879,819.8345252147888,437.35462470263485,922.6483333334999,1025.642247664713
T-107,Steamboat Rock North,2022-05-13,2022,May,456.0,511.1076,40.86487,-105.22506,SRID=4326;POINT(-105.22506 40.86487),,T-107_2022-05-13,0.2264452475283906,12.35047536026728,0.1085592333566939,0.1440585081891264,-0.0566453461915231,0.1523207867168357,14.438683725044324,0.0775945313216136,0.4799595592927853,0.3765640151665934,0.1414317234461832,-0.16419752917517,0.1490017478928318,0.4713415960926356,0.0316640675957336,-0.2912235275263491,145.43524534200722,145.83147393049424,136.6220975262211,148.33762206218432,137.03240259589742,135.68053469827507,864.234432038819,1220.412062494635,1572.952278700345,2493.72175821218,3474.3930803661187,2794.010561986526,534.6951518244376,836.5036406923888,621.7892918839104,1212.265597154983,804.3467921445048,736.4394271210325,525.9666743886258,911.2433333319999,992.6692104783092
FE-28,CR80 South,2022-05-11,2022,May,785.0,879.86725,40.83766222,-105.1842645,SRID=4326;POINT(-105.1842645 40.83766222),,FE-28_2022-05-11,0.2094090603541049,13.299907422159125,0.1131127362679521,0.140860615969098,-0.0629650089364164,0.1367787011672568,13.00784840899239,0.0658569253257097,0.4679175261968893,0.3703760946024808,0.1380834551003587,-0.1748107231300948,0.1331302804819129,0.4525037953713424,0.0241083731521397,-0.277269086691974,143.8819635414556,145.87171350262537,139.21511251370092,149.8997998125697,140.52246117726506,139.5367951960007,848.3474186535109,1211.214911089132,1535.4293614818564,2344.001441946959,3335.641824162009,2658.187160569315,666.5973735809473,902.3233685108894,622.0996813219017,1212.265597154983,798.0208629012046,742.2331492450878,604.8459205929862,915.3883333319999,963.4409554980991
T-102,CR80 East,2022-05-11,2022,May,513.0,574.99605,-105.17639,40.84287,SRID=4326;POINT(-105.17639 40.84287),,T-102_2022-05-11,0.2006118488630347,13.22723466728552,0.1103756170584836,0.1398862650887355,-0.0742517686125312,0.1337296350402449,12.689397278503746,0.0614041648515631,0.4696541375386469,0.3698705696728471,0.1435336818547873,-0.183128494516296,0.1312843125809683,0.4725155090632689,0.0215000597231501,-0.2924002307127193,144.85620946094377,145.63714610947935,139.681499547561,148.49755593229787,140.82712374784734,140.4545160208166,903.1624836223097,1264.172021086148,1611.848707422296,2414.916262422312,3497.703190461263,2802.974988815491,553.9482298143845,846.9179826839134,609.4877089018764,1212.265597154983,755.7985756196268,688.8391884840215,530.5988889926864,905.5249999985,982.0829714342669
T-103,Mid Campbell Valley,2022-05-11,2022,May,329.0,368.75965,40.81096,-105.19125,SRID=4326;POINT(-105.19125 40.81096),,T-103_2022-05-11,0.2142924388497803,14.565934293796223,0.126979538625829,0.1414711481058639,-0.0386680944508353,0.1525773140178582,14.407152291607488,0.0761046525571043,0.4721343266630579,0.3660720533121822,0.1472298142322721,-0.1648477963370154,0.1511234523334341,0.5236274661309307,0.0326766334324758,-0.3133318551992291,143.15303425828975,142.29286667652227,133.49883021218244,144.0326583407611,133.96518700934632,133.37522472280767,992.7223942388534,1381.737723098548,1788.4784878467449,2757.618847970515,3846.0184859578753,2980.1748093021147,367.47776144634776,651.9442995718925,667.8080467678702,1212.265597154983,735.4048977802496,623.8997643668874,438.140237327309,892.6833333335,969.9665719887602
T-104,Lower Campbell Valley,2022-05-11,2022,May,481.0,539.12885,40.79993,-105.1617,SRID=4326;POINT(-105.1617 40.79993),,T-104_2022-05-11,0.2001551113788702,13.141181902273363,0.1093026602381853,0.1354043583587955,-0.0685768170198074,0.1378260651964231,13.042156031401827,0.0634229658326306,0.4677100659547193,0.3637263831179322,0.1484712125225509,-0.1765370674171494,0.1383552725983526,0.4965863034878011,0.0232193956201146,-0.3033077921779266,147.38281057134776,145.64962133216167,138.57824422350583,146.34877457085696,138.84058212433055,138.72957853802032,985.4122981051604,1321.84181120661,1700.3188676114878,2550.7729414433734,3642.0681225276776,2924.379103979791,451.4814790464562,769.8194509936505,587.6830357880267,1212.265597154983,726.3039003690545,645.1118043535291,434.72203728231375,912.9033333334999,982.00380916853
T-110,Reservior 15,2022-05-11,2022,May,304.0,340.7384,40.79403,-105.12008,SRID=4326;POINT(-105.12008 40.79403),,T-110_2022-05-11,0.1767612964814683,13.476052030149392,0.1065375556304165,0.1123694256043361,-0.0595613855763966,0.12683710472023,11.965533063435805,0.0568409178863879,0.4284685489305346,0.3320397052822037,0.1414949306987143,-0.1650633918228431,0.1229720340890562,0.5308672686250285,0.0182813305642802,-0.3073148883524468,135.8978178167179,139.03624936837997,136.0015667032354,145.39497506864507,139.31450890878105,139.75375849237213,1011.0561036372414,1508.6225857223903,1891.393044890886,2700.7896387566707,3771.6343848420975,3044.903264008793,361.54083142195327,702.3245087486624,496.06373290539324,1212.265597154983,657.6888470591425,545.3917972083378,188.97310111323554,941.4733333319999,941.2810091652071
FE-29,CR80 South,2022-04-15,2022,April,988.0,1107.3998,40.8375922,-105.1845455,SRID=4326;POINT(-105.1845455 40.8375922),,FE-29_2022-04-15,0.1804309115038914,15.351353231544232,0.1244769219890623,0.1270116281680972,-0.0510270199191489,0.1231586086359796,11.658587546280923,0.0372154363775351,0.4731663184041212,0.3439453380567993,0.1855368213468264,-0.1743869980103164,0.1166333337053541,0.4786726661217291,0.0222627035848093,-0.2848847230298088,143.06177295440125,139.37326189339345,136.96852380645893,139.1223439383429,138.05821038591714,140.91618721757413,878.6415703208595,1255.2822034533733,1712.0701499580778,2465.3642890710585,3506.702822942016,2729.772892423815,606.7519416910005,687.5013759137604,590.7991544964838,1212.265597154983,716.2794809392074,650.6022493295358,387.0533561619809,894.3033333335,940.7273849502278
FE-30,CR80 North,2022-04-15,2022,April,456.0,511.1076,40.8513417,-105.1974645,SRID=4326;POINT(-105.1974645 40.8513417),,FE-30_2022-04-15,0.172516095218887,13.614551450097636,0.1068064055542569,0.1162827138736679,-0.0692144190868017,0.1217042392144809,11.495234824243305,0.042241148281371,0.4513974244647583,0.3370593084946985,0.1677910848662031,-0.1747133440757987,0.1171562776374257,0.5140271658029876,0.0176849839041972,-0.3048869194705862,140.21369110909504,139.44602934536937,137.40388489373217,141.5930149969884,139.49765937066368,141.70994126804987,971.4225038556988,1403.1628988216576,1839.4957444526,2605.530968062309,3706.3222829498513,2989.783100166693,407.92770128161294,655.2606665659815,508.9894969368981,1212.265597154983,661.1634582379683,570.7709889437482,203.24302932391993,924.2033333334999,943.6885989019654
FE-31,Lower Campbell Valley,2021-11-19,2021,November,988.0,1107.3998,40.79870307,-105.1555139,SRID=4326;POINT(-105.15551391988994 40.79870306857535),,FE-31_2021-11-19,0.2071245903969713,15.404685409074627,0.1336768722046664,0.1458903067688145,-0.0578934225166216,0.1133796745454786,11.104224291563837,0.0317756900353029,0.5245464248575318,0.381893795772043,0.199502806259182,-0.1900417113238171,0.1058119616034119,0.3325423494750244,0.0213698957953723,-0.211951461778143,158.41074358436754,149.7227781908958,145.7889088203204,145.29386000173662,144.59184078845942,146.87848885690568,596.8632727434655,794.0308471749945,1140.2694019846538,1736.0256838291662,2552.953181750206,1950.7015421275737,2198.3031316647216,1099.5948065851348,1302.354271637655,1398.3583946945823,626.9082685761139,835.8475307490895,778.1831659797124,1168.14,825.2072540320651
FE-32,Campbell Springs,2021-11-19,2021,November,849.0,951.60165,40.80582071,-105.196362,SRID=4326;POINT(-105.19636195152997 40.805820713484565),,FE-32_2021-11-19,0.1910074223881274,15.41953718545641,0.1278861531099536,0.147016000048751,-0.08884055352608,0.0997784611186283,9.87288492032393,0.03187355740122,0.502666265243451,0.3893558508506386,0.1678666359398017,-0.2142716812374531,0.0936907159766932,0.3174848053618599,0.0130151606632021,-0.2063030948398598,154.83829732662616,152.74538058698008,150.39849559054468,152.57671501023492,150.8400845112088,152.06983323178306,592.8573440365795,813.3339638289854,1080.0836050472356,1590.4065316532574,2458.4120834421187,1901.19204496,2001.301962069605,822.0690450677449,1392.3194851285666,1317.5008644616294,612.5260304900448,817.7151062001682,909.5995899245056,1202.275,803.8151613404307
FE-33,Horseshoe South,2021-11-19,2021,November,836.0,937.0306,40.81154219,-105.1427,SRID=4326;POINT(-105.1427000015974 40.81154219325231),,FE-33_2021-11-19,0.2314573563249918,21.095679597800437,0.2034814219965417,0.1485108800802994,0.0789494786118241,0.1551056962480857,14.680568766196812,0.0649137807322202,0.4871484825637583,0.347779502878073,0.1792334360306325,-0.126584797616364,0.144932640509723,0.4323515069277679,0.0464672836631038,-0.2310708344265423,141.42826499018702,136.80025977660608,127.93146717495408,135.89693371171913,127.70414161429692,128.17401373455314,746.726721934316,1089.9833414002646,1528.1171405267714,2453.55223355424,3150.562515389164,2087.675862415181,1500.7970255374096,1041.9374656518532,1082.6249288926006,1407.6244989816255,664.7163681269408,612.7448961930625,976.1954194991675,1026.83,978.8961440942344
FE-34,CR80 South,2021-11-19,2021,November,1201.0,1346.14085,40.8447148,-105.1957122,SRID=4326;POINT(-105.1957122 40.8447148),,FE-34_2021-11-19,0.2050039105236469,17.945866901222715,0.1572947631442197,0.1612539515070584,-0.0397613844307186,0.1284126677802536,12.273613109999996,0.0458748948744318,0.5102967434858827,0.3853607260918386,0.1777188079241519,-0.1958218978152169,0.1200369223149341,0.415095384870795,0.0263891843921851,-0.259717246911643,146.01024263283884,143.20251807204826,138.8188660139091,143.2110553082268,139.397139709906,140.769228386486,719.2404523822241,1041.726321609763,1425.7799514196092,2160.4137092304973,3213.8734854338177,2340.2292109334626,1147.2032582674785,725.4587634183998,770.1033956445334,897.9046031792875,551.4900871301159,591.5507055627186,753.7535029375316,782.315,793.4580018331079
FE-35,CR80 North,2021-11-19,2021,November,581.0,651.21385,40.85129216,-105.197414,SRID=4326;POINT(-105.19741404801609 40.851292163383334),,FE-35_2021-11-19,0.1885568673832044,16.90950451597963,0.1412379241286625,0.1349921577350485,-0.0311482957984188,0.1256934747887506,11.920385230382909,0.0380527843082475,0.483271687745521,0.348923146265458,0.1899876159282968,-0.1716361792981853,0.1173021850616917,0.454266199212021,0.0259887711496013,-0.269038128527566,142.84532193648494,138.92321419005762,136.064251133458,138.46951482887113,136.99173089514014,139.75788065168803,804.3666825877002,1170.3130905574926,1621.4187936792823,2374.3720853129407,3361.925061920453,2529.958969445045,832.9796789422096,549.7305728208228,596.2935790476321,808.1601578510684,463.55534852292107,439.3082074549062,562.0600100766818,732.93,1034.1789566549517
FE-36,Red Nose,2021-11-19,2021,November,524.0,587.3254,40.87524905,-105.2441837,SRID=4326;POINT(-105.24418372660877 40.87524904663797),,FE-36_2021-11-19,0.183557941174921,14.191338750004668,0.1146763254600391,0.1449035410684976,-0.0939444355520154,0.1166996212239581,11.130368684940464,0.0315240444979457,0.5084166897440239,0.3758543347998804,0.1942009528559526,-0.2064411254169427,0.109313958652513,0.4311030228030015,0.0180888523792155,-0.278794478542024,148.59600845540106,143.7767718602716,142.22464007701814,142.2580535309951,142.8033456036452,146.01201721177378,762.227987893674,1077.8755101080303,1498.4292419541182,2172.9460938008915,3294.577678824287,2616.933045719337,795.4389423698308,482.1714532046511,530.3360026324854,654.3995445553696,447.1464955646868,483.20916057297853,427.8541991719343,658.875,740.927345973389
FE-28,CR80 South,2021-10-26,2021,October,1292.0,1448.1382,40.83766222,-105.1842645,SRID=4326;POINT(-105.18426451832055 40.837662221016764),,FE-28_2021-10-26,0.2270115026961189,15.453601925544689,0.1396916209723864,0.1670766173796181,-0.0617570222952606,0.1316099448931744,12.740496152466651,0.0473353099696032,0.5418809183873183,0.4082336606260067,0.18473317118777,-0.1997038680553816,0.1212633116257284,0.3666350126964709,0.0278599534618252,-0.2426716797644948,152.1846194680081,147.4818318786408,141.862676593774,145.7612352137775,141.45925498118564,142.39420919470976,597.7843851136652,859.1395363610245,1215.6609462169763,1930.609903905391,2893.629508831272,2184.665422430928,1481.2697816013435,822.154919502801,949.8641859138639,1038.443805589739,637.8345738313842,792.4379322218405,760.8174204682508,888.98,822.4348460055841
FE-38,10Mile,2021-10-26,2021,October,1343.0,1505.30155,40.8616073,-105.2600959,SRID=4326;POINT(-105.2600959315896 40.86160729757699),,FE-38_2021-10-26,0.2719594729526916,17.069790546300112,0.1777774195861551,0.1389504179151606,0.0416637144821756,0.1281635250455052,13.088594813095098,0.0500074013306904,0.5422855761841906,0.394299759930787,0.1814046737235476,-0.136910629489327,0.1135827715077407,0.2777765019441719,0.0335732648035766,-0.1734229641421626,153.2012343231254,150.63792465272886,143.63212267996883,150.25548329593718,143.28514548338572,142.90284205664582,392.11416602707897,625.501685017529,914.9284358082402,1575.7477028501953,2145.261540039008,1551.669845580308,5047.981541497336,2470.4459273642233,2231.3823344709,1620.6707826755478,914.6260629407152,1254.164126995932,1227.992315318172,1556.715,1092.646920415252
FE-39,Steamboat Rock North,2021-10-26,2021,October,973.0,1090.58705,40.87056115,-105.2380053,SRID=4326;POINT(-105.23800525814293 40.870561145363794),,FE-39_2021-10-26,0.2214995896565752,15.083818981651952,0.1343470850088453,0.180781639342441,-0.0954321165331273,0.1331811973911448,12.817823916097275,0.0529628602818882,0.544720475752405,0.4269631976247722,0.1695776499837101,-0.2268672958477653,0.1268095399949284,0.4016161017226144,0.0241831257215142,-0.2771293631522025,154.2231425425233,149.98897090212796,143.49538460009188,148.42240263654816,142.92825729212413,143.2276919055822,698.5022909222897,956.093804764922,1302.4981440027454,2045.5671523568333,3241.310740091917,2472.7209858861365,936.8985388465956,546.1111151585751,644.1234495270879,659.6794543474595,564.4160101202348,693.059074160536,606.4020517583905,691.385,742.4239408377897
FE-40,Mid Campbell Valley,2021-10-22,2021,October,1900.0,2129.615,40.8030533,-105.1831888,SRID=4326;POINT(-105.1831888 40.8030533),,FE-40_2021-10-22,0.2992878845104902,19.355013220860943,0.2190156260570844,0.1663230172507854,0.1163804772350724,0.1730581338693983,16.76277806366211,0.0867326210311418,0.5230087973201587,0.3916972596096666,0.1533892096785784,-0.1050778262666293,0.1597140853414168,0.336385658419071,0.0536032344183812,-0.1859433168699286,148.08119512866594,145.5527991196962,131.13586429337678,145.50848849801434,129.89419407693356,127.51696721988876,523.9328363529592,784.3215205549337,1095.2217686064162,2034.340238934007,2516.878287231877,1613.1489552567218,3863.886180964936,2646.115554166913,2053.7178686024213,1572.6000749087375,1043.3640606179363,1183.9629008018105,1331.4971630300724,1577.22,1541.6503727556699
FE-41,Upper Campbell Vally,2021-10-20,2021,October,1349.0,1512.02665,40.8235858,-105.200909,SRID=4326;POINT(-105.200909 40.8235858),,FE-41_2021-10-20,0.2218524811718543,14.763069978108089,0.1312075191270104,0.1413574276655725,-0.031168238564465,0.1305539151147438,12.605745811176902,0.0417061734988368,0.5200904770864366,0.3702129199917569,0.1996010814058492,-0.1617253381304794,0.1186768125963831,0.3646657015483386,0.0303693376569008,-0.2253945067508973,150.31303699976328,144.25086526913367,139.52485960428092,141.8228141033771,139.1473500890072,140.982162737803,589.640612895332,862.4635224619434,1256.508102946294,1973.0159366573744,2738.322448752781,2107.3627761020107,1780.0814948980692,1038.7972415347817,1054.2529810972,1213.3799840215092,627.2785445837659,733.4927930832197,734.4386689081922,944.72,900.3676507757294
T-110,Reservior 15,2021-07-22,2021,July,560.0,627.676,40.79403,-105.12008,SRID=4326;POINT(-105.12008 40.79403),,T-110_2021-07-22,0.3316470893817888,12.53976012750314,0.1431280982689513,0.179187836309038,0.0371183597860056,0.2133526364299804,20.322942835712173,0.1522888447895805,0.4821662187535861,0.4233766551429062,0.0693653887579428,-0.1065680428647799,0.2122505030522674,0.4232721888508117,0.0609781792835961,-0.2500911524136757,141.6992112086872,152.10572721214643,128.85463210182104,165.35066346174042,128.81234797101433,122.16860772214002,715.07693791008,1083.8539193665504,1257.40361259542,2502.9772024098943,3100.6791316304893,2326.3746513151577,789.6779108617347,856.2541796249116,784.6258437889662,876.4133125196691,910.3254681036736,833.4451660655062,1041.7451557687916,821.02,756.1676863712814
T-111,Horsehoe North,2021-07-22,2021,July,1728.333333,1937.202416,40.81559,-105.16849,SRID=4326;POINT(-105.16849 40.81559),,T-111_2021-07-22,0.3928236767079904,12.665892080804232,0.1719905215173821,0.2244184965235675,0.0544720961158495,0.2470412560129059,23.616382093986783,0.1830546685627268,0.5371578297896348,0.4891114925721065,0.0542722811071738,-0.1185668124653803,0.2545874040791853,0.415538998174692,0.0745574194880982,-0.263109662604202,150.51143910311086,160.24693918980856,127.36920841215294,170.9922438222783,125.42961974021766,118.01792760067346,696.0423627666833,973.8561905617776,1113.533549327732,2536.0636641208966,3228.538815301365,2295.2388835323795,778.0543625352177,957.4227627994449,818.2710369109312,1036.0295456475983,1189.3319574263662,1236.83124665908,1142.097615730604,1539.775,1980.5835843151497
T-112,CR80 West,2021-07-22,2021,July,1560.0,1748.526,40.84739,-105.22089,SRID=4326;POINT(-105.22089 40.84739),,T-112_2021-07-22,0.3561646581925655,10.95779640959428,0.1315471886924751,0.209720762864198,-0.0242296654331102,0.2100688625123438,20.27471876749046,0.147860102682744,0.5287775188913643,0.4847516658696579,0.0532854496669458,-0.1553234565930998,0.2154627194604575,0.3840343578968353,0.052530893138659,-0.2580178944620285,153.87779029106076,163.85476385631233,136.55687488005606,174.41916000042224,135.03519215974308,127.27812936066648,677.9966865407314,928.5614892981598,1046.3603418877565,2200.782034156653,3012.302116384534,2315.2904421678104,812.2265455602575,669.3624275377914,796.4415946577113,1090.7314550730257,997.4851698885504,1150.3572540076984,1020.2582451338423,1379.07,1909.2295512806688
T-106,Red Nose,2021-07-21,2021,July,1538.333333,1724.240916,40.87709,-105.23915,SRID=4326;POINT(-105.23915 40.87709),,T-106_2021-07-21,0.37362334797837,11.36453124281168,0.1424522602189408,0.2163110669232688,0.000322383273417,0.2244110843456101,21.590905162237533,0.1592988622996289,0.5386573248214278,0.4897493229688336,0.0570530372474687,-0.1421087521124047,0.2306489521853624,0.3895509280321457,0.0607357169903392,-0.258292896903981,154.55342344955147,163.28651852048318,133.49447542878218,172.49543110248766,131.50362992516173,123.96909401752536,671.7960068681396,915.7856692066296,1046.4849910221842,2294.3180222920137,3054.4312706446417,2292.779245654775,825.97845136518,762.8726281599052,820.9896828865933,1058.9016015757688,1079.7625461127764,1234.1167195655105,1044.366396063559,1434.98,2101.44057488395
T-107,Steamboat Rock North,2021-07-21,2021,July,1320.0,1479.522,40.86487,-105.22506,SRID=4326;POINT(-105.22506 40.86487),,T-107_2021-07-21,0.3577100866344528,10.867492616797612,0.1304574412137905,0.2019049514969466,-0.0025185749023006,0.2198302582627633,21.07339428097909,0.1523869142580808,0.5300442868176747,0.4683960303255385,0.0718079616152047,-0.1329625082729075,0.2242582143262255,0.4013571570140919,0.0599699930231111,-0.2610321479609894,153.99784766002227,160.45070131236574,132.9523018297586,167.54844685807095,131.00685365343665,124.24995059743924,694.0527799915418,946.4308687270384,1115.7545562169705,2357.4310111232912,3080.5244824259503,2371.475568050119,786.6501781032148,745.6032473168767,738.3310511780901,866.96669553314,978.4025884223274,1078.463474133452,917.0379076359111,1256.55,2039.3979702231684
T-108,Steamboat Rock South,2021-07-21,2021,July,2036.666667,2282.797834,40.86003,-105.24036,SRID=4326;POINT(-105.24036 40.86003),,T-108_2021-07-21,0.3806417913153532,13.568732467191598,0.1783997591190659,0.2011226501529095,0.0819535387967695,0.2263751484263426,21.825208527496603,0.1576320169402798,0.5193765973528945,0.4613305955339163,0.0641303772401754,-0.0978317418855754,0.2246100754948492,0.3671512205769958,0.067989108261768,-0.2189186841551785,147.86364324005325,157.01924129370113,128.84992836905312,167.45046933640816,127.43870193128612,120.22806970629672,596.4374295624013,878.2746673945029,1024.6790721855575,2277.950628350033,2770.6650728819723,1932.755050926362,1346.7105187423203,1172.0284406409125,1334.2726983157734,1289.5162303919872,1261.9155200750035,1345.8285372926937,1324.1782091166328,1629.2466666666667,2083.469952340774
T-109,CR80 North,2021-07-21,2021,July,2096.666667,2350.048834,40.85662,-105.1985,SRID=4326;POINT(-105.1985 40.85662),,T-109_2021-07-21,0.3696111423693179,11.991542563422248,0.1503501372662289,0.2207741640593877,-0.0045363573339314,0.2175805139616012,21.00627848046461,0.1543993611821773,0.5386703818286267,0.4960706941776186,0.050785029495188,-0.1547967437522473,0.2248511592021356,0.3809351747889722,0.056684985596808,-0.2551399972137022,155.31122661116754,164.84310822323897,135.24352359890406,174.70256039995786,133.28844760274328,125.39621165360631,673.697983878533,907.3483559409772,1019.798311008838,2213.8368816530306,3025.2547863047303,2236.4301666660717,872.7429606672356,735.0398625047204,885.8105659675329,1181.441713733466,1088.6674606422878,1280.6874773098834,1106.202346356573,1471.955,1978.5744073640356
T-102,CR80 East,2021-07-20,2021,July,706.6666667,792.0673334,-105.17639,40.84287,SRID=4326;POINT(-105.17639 40.84287),,T-102_2021-07-20,0.3496457223629229,11.152381508998484,0.1311132390043778,0.2079824081606514,-0.0213911480679378,0.2137811156102015,20.511158683106416,0.1474786449996019,0.5356780296219551,0.4763321102935756,0.0711643216484031,-0.1520828525583198,0.2188014680324184,0.4039211751246002,0.0558926980012549,-0.2697289403681989,154.753004849796,161.31458404912672,134.68765816606722,168.45171866626578,132.81356600647243,126.0309753432603,705.6479383926705,954.6834139942824,1120.429668686976,2324.145368212409,3156.980272388319,2425.6737817021963,744.6729308565901,684.3545071833948,686.3017388860814,817.4697164593739,936.2780228726529,1056.4344949800518,891.291322571575,1195.24,1817.4116052580946
T-103,Mid Campbell Valley,2021-07-20,2021,July,1841.666667,2064.232084,40.81096,-105.19125,SRID=4326;POINT(-105.19125 40.81096),,T-103_2021-07-20,0.4390154065977789,11.431705859666488,0.1730727569464754,0.2239292589731975,0.1012382723811756,0.2736152065358179,26.18787809920349,0.2076718903524586,0.5400853483653796,0.4963211579803866,0.0442037336572453,-0.0730166339975519,0.2799860250432188,0.3927626493713045,0.0890969884524849,-0.2381928645128597,150.0761171067167,161.26718104818215,123.41411050776892,173.56820472764036,121.1603819230776,113.39526076545168,613.8960298924718,886.387788696461,999.5342345995032,2564.2754562198734,2966.523140848429,2095.5814696325706,901.4552408858516,1183.802648438963,1071.1410083460303,1412.367064303518,1514.4609178055143,1566.5995579593316,1300.6461468133384,1818.585,2244.5018385560797
T-104,Lower Campbell Valley,2021-07-20,2021,July,1325.0,1485.12625,40.79993,-105.1617,SRID=4326;POINT(-105.1617 40.79993),,T-104_2021-07-20,0.3443874534476258,13.9103370065566,0.169575122959668,0.1837004528453639,0.0630382578988302,0.2033319609497113,19.62385602366141,0.1312122963881113,0.5123761653215863,0.4354987170079706,0.0878189628327374,-0.1072593821990007,0.2001566126724737,0.3645659244457547,0.0578743199458918,-0.2185583560268794,150.1323573094885,155.31928590490804,132.03286196093424,161.55390106500818,130.6077400316573,124.59472574028187,615.0365914224589,877.9604858446569,1069.8276032458602,2188.8801497923814,2733.177741546724,1969.160704853295,1544.0044804614743,1175.8243717141045,1270.3210376801708,1101.1078139017477,1072.3880282991013,1173.4496508126815,1184.7000223259747,1360.065,1583.8388812621033
T-105,Horseshoe South,2021-07-20,2021,July,1218.333333,1365.568916,40.80374,-105.14214,SRID=4326;POINT(-105.14214 40.80374),,T-105_2021-07-20,0.3853166383675199,12.748620717429665,0.1680974380021768,0.2018887020598697,0.0921871357705531,0.2557487803960017,24.27889325066809,0.1962619092158801,0.501163584685215,0.4489390836190827,0.0561355107949034,-0.0770767304627776,0.2585281452105091,0.4377508663123993,0.0836700150522473,-0.2533326283353232,142.0723104406287,153.38404024724647,122.02929446180306,167.67213826428667,120.97951863006746,113.83162509047663,705.7742449394241,1068.016511297846,1222.9132648104387,2753.6480062260275,3216.798560706857,2292.241603407527,694.7090229172528,1021.5936377434101,821.585144065985,999.796815764227,1163.298103727618,1027.381116540739,1169.4850616854505,1258.255,1052.1704563723977
T-101,CR80 South,2021-07-16,2021,July,208.0,233.1368,40.83548579,-105.1956234,SRID=4326;POINT(-105.19562343449537 40.83548578877903),,T-101_2021-07-16,0.4918680411447577,9.49746069905544,0.1635771967774796,0.1944441140409158,0.1933409863401833,0.3074885933707423,29.403099809093515,0.229778773219823,0.5348967396861148,0.4684313517018418,0.0558675650817068,0.0309709025254392,0.3054207987294336,0.365854873873366,0.1112549717289672,-0.194136793443086,149.62883679469462,157.80166054632448,116.2292461432103,166.91453652614973,113.48378997909134,106.42803111520772,498.7367347577069,761.9094753225459,911.8660799999057,2670.00499353804,2514.5773370316706,1813.878482469462,1280.2617271722352,1644.266984735287,1566.4013344977773,1253.758222781708,1960.657751368797,1933.577531912903,1380.5340315920284,1961.0966666666666,2155.9941648238564
