Pasture,Date,Sample#,DW_kg_ha,%moist,NDVI,DFI,NDTI,SATVI,NDII7,SAVI,RDVI,MTVI1,NCI,NDCI,PSRI,NDWI,EVI,TCBI,TCGI,TCWI,BAI_126,BAI_136,BAI_146,BAI_236,BAI_246,BAI_346,BLUE,GREEN,RED,NIR1,SWIR1,SWIR2,CPER_2022,OLS_2022,OLS,LASSO,PLS,PCR,SVR,RF,GBR,kfold
P11,2020-05-11,3.0,703.2,77.2,0.7612407014962892,6.460798716632217,0.3134010255479772,0.2962637284073373,0.5009649431670705,0.5299850554524819,50.097148595528985,0.5159683331092582,0.5113400263628631,0.6480360129803007,-0.0694231991116203,0.2235602331462527,0.5932294428772198,0.3939799184760856,0.2303342469086771,-0.1493504540923099,134.46633535589123,177.64629710496996,88.80359801047175,221.81660432331543,86.42369294856788,78.8017936653314,404.51899252970026,783.5830460090863,519.4638954221315,3816.4482399894446,2431.7964545991103,1275.180726142299,532.7880347780284,1294.429641965698,705.4559306012605,904.3997762622063,290.78583570925076,920.9212408824787,578.0446579575655,1022.7521384759424,1074.1161527152112,P11
P11,2020-06-18,3.0,2154.4,51.0,0.6848921840782325,9.194049208428112,0.3296534244482559,0.2632555423485988,0.490360655038764,0.4735468415513352,44.827424949668526,0.4308923601833411,0.5444406096115036,0.5687763243158976,-0.0106542194145865,0.1951250659944466,0.4795671288814914,0.382074015858307,0.2109562833330771,-0.1444982429624878,132.7602739661791,158.06719861907663,91.44494438979704,191.91148268789567,89.32268200160512,82.43876672945889,302.41605485922094,709.1051941778306,661.6638627484411,3602.577143862027,2403.178258706117,1214.134063147936,832.6165958647124,3824.860003313378,4453.1072098940285,5014.406652235755,5019.168310972889,4749.155183118857,5020.658362992872,3693.7206124399113,3994.8457575982366,P11
P11,2020-08-12,3.0,4060.0,67.8,0.7585828863901741,7.4669073302848705,0.3736228786032024,0.2730210889711286,0.6036209408273397,0.5587334091126006,52.74209642471804,0.5697932701286379,0.4624016759874877,0.5950998510292553,-0.0615963098450589,0.2978449507361822,0.5945849674690988,0.4142364962904233,0.2653656997247521,-0.1159689991258484,122.98993752391668,163.1474087512192,80.54061804817175,218.5929723280505,78.89477785094624,72.04728605222914,312.47226590550326,845.4387205574112,585.2745417519527,4260.327723939358,2294.229035699635,1046.9670214591238,425.27949109541424,2883.547978476012,3812.5456757690195,3490.358459408554,2706.2163258447035,4305.033428551065,4378.686232440734,4073.7035059840046,3466.1614237829062,P11
P11,2020-10-15,3.0,2824.0,47.6,0.5418290166420985,13.257943109134995,0.2876398427065503,0.2034501906709624,0.4134559781384344,0.3999325177700105,37.82598787966925,0.3528296022323322,0.4938267732113869,0.4342235991498712,0.0440918148890451,0.1432723158737205,0.3942466928912899,0.4690506307980488,0.1863281067265108,-0.1775654008281222,130.38599991973376,142.38253359723876,92.28791774637102,160.47171131504234,90.4961350083582,84.62239901614298,542.341910831594,1006.067367150689,1197.240371254854,3854.550030092228,2920.119959695161,1627.8107493288635,515.4705371153998,6053.345610732317,2618.8981001530965,2602.119148971097,2485.1031895855053,1819.9082584706175,3878.2477350674753,2355.0762215018494,3229.7060716934366,P11
P11,2021-05-26,3.0,652.8,77.2,0.5993783197568177,11.05426742630284,0.2843110741315272,0.2815843242054859,0.3301747345480335,0.4029654177708496,38.1878748413554,0.3654373047931039,0.5259439056453564,0.5737778074654258,-0.0250463892552101,0.0527230482747344,0.4269803135178565,0.407129944821285,0.1603337037359457,-0.2014816260219897,133.75982033036047,164.14953373285286,102.83390564162394,201.1780993400096,101.41613587244258,93.41667177750676,488.4753197778045,907.3058489878072,809.2794388588565,3240.8432222823835,2915.683952390772,1631.6649835357712,757.5356897536207,1343.2535319051199,886.6948535001211,1004.5535567137445,332.9582889177587,1253.4485951770641,964.7747416291315,1526.2737630004247,1130.568652327147,P11
P11,2021-07-20,3.0,1439.2,71.4,0.7735792047118851,7.062460205290664,0.3825484139937093,0.3130787818012684,0.5819687748876055,0.57217386871428,53.96116167087203,0.5879247889194862,0.5034246153369698,0.6436864553293997,-0.0681510224125414,0.2570271071983048,0.6204565080316049,0.4254412602392947,0.2699991400951345,-0.1391897000842757,124.55600485269748,167.7413774647639,80.43606004742193,223.08508128849792,78.67390478878768,71.84160599159308,327.4729673347806,841.0648510773495,548.2899243328162,4313.928121189337,2548.25252695528,1138.5997919731406,401.6255183549432,2234.0417074332504,3503.1551886212906,3329.1067416859964,2084.7088134675637,3987.7796373348006,3394.6878691334873,3676.5331989808965,2545.8133727806694,P11
P11,2021-08-30,2.0,3205.333333333333,67.33333333333333,0.6490081180855315,10.904161005669286,0.3452472045246691,0.2724911705226545,0.4847217579011496,0.4808765513166116,45.36341459688932,0.4561231565093921,0.5310651416452961,0.548014616498337,0.0018610367874769,0.1720459995945212,0.4951869169390565,0.4521271577180256,0.2264158436714897,-0.1727729663356585,128.9179616745325,153.1118898122602,86.64657377363329,187.0345973730077,84.78180296099352,78.83169958495003,416.8977433483922,889.6258709937536,895.5866624154854,4069.5661066598063,2898.3652491338667,1431.5399612411927,454.73395333415596,4710.667631529361,2928.8273767724068,4064.833639260959,3154.5901163637936,3452.0383653880567,4388.417809088648,3587.058524563526,3967.7582813104245,P11
P11,2022-07-06,3.0,2988.0,57.4,0.6444672630969164,10.792730620826475,0.3330231756974352,0.2738234424994729,0.4631457974514771,0.4680365401688838,44.15740981024415,0.4518222589116587,0.5017720688566697,0.5456015695669241,-0.0255136708186666,0.1553715415859426,0.477258004548127,0.4346727002544167,0.2121989094883554,-0.1703912949071894,124.99909212793636,153.726785563094,89.52936890476167,199.70687806719076,88.21034285607035,81.10024612526172,395.6815075030154,933.167889891145,830.8394452313252,3857.6382059585967,2814.870917685897,1410.7103068730987,547.3377764781336,2808.559895237728,3640.342156583126,3340.6988923963368,1871.1328251299483,3995.495194399491,3995.7588743739807,3344.113060307552,3546.782791023717,P11
P11,2022-08-02,3.0,1444.8,45.6,0.5291965696229994,13.36510175934251,0.2824238203847246,0.2495933893386584,0.3108645019651684,0.3630401072403162,34.405082690889145,0.3142395362739809,0.5282618877793166,0.505884593959974,0.024387174272726,0.0372486618007256,0.3574652700991116,0.4135851606382337,0.1504565905239879,-0.1997043154066493,133.17115273396354,150.52649422346175,104.18060727037194,178.37531972778123,102.80295212849596,95.7820658092801,456.3264784674141,902.9756736982464,960.9773190309584,3206.0314367107085,2931.309699301288,1650.0180321218963,920.0242701859312,2425.474717784884,2757.459563113809,2586.720572213512,1731.7543812520921,2915.4653807698387,3008.0696442450394,1973.2468328863154,2102.990514499807,P11
P11,2022-09-07,3.0,2069.6,49.0,0.4408002032684639,15.040821870604066,0.2413019184075518,0.2427622765252408,0.1677796175202522,0.2780839145856973,26.5647883503146,0.2029259442578736,0.5693049929596432,0.5004419219809486,0.0690979766681159,-0.0758874784027727,0.2672429713437892,0.3885840848090506,0.0992831046821035,-0.2287818317561343,142.52896675653145,151.45990377461334,118.14501571473744,162.80852882199483,116.54196545702668,109.87948504329547,496.0179004237207,834.0338400171028,1012.5398396243266,2615.1292854340527,3037.749094374658,1858.652075970552,1463.2168056330495,1845.810455807554,2145.8323478384973,1596.0773256483503,1860.8479921790001,2191.0816546716746,2115.971068701253,1447.834215745629,1493.379122024389,P11
P11,2023-05-25,3.0,1077.6,72.0,0.6216578895951729,9.828886209522794,0.2974647529676343,0.288581291972574,0.3553626216346376,0.4369410032592722,41.31918028098752,0.4133230242993945,0.5331881118912827,0.5986928420001643,-0.0156954630028191,0.0864935919063523,0.4774444382112852,0.4193775997256018,0.1854751653926832,-0.1987547893999625,135.91113563432862,167.15112616767863,100.1032379443468,200.68456833587436,98.35613228937774,91.40760408729908,482.4681740255217,876.3212629337512,767.8826207217378,3520.7062048489624,2907.1007820484333,1638.034268225544,614.8232100432211,1541.1329872396464,503.0526871341597,1559.5643526938102,349.7226720397508,1288.4097195398542,850.3618564584335,1458.0744578796723,1205.4238420908796,P11
P11,2023-06-26,3.0,4219.2,66.6,0.7982495209430821,6.116645325669347,0.3757287658396846,0.2895832302293574,0.6094990482147737,0.5718979586309122,53.98353107762984,0.5656643900820068,0.5081993819961075,0.6535017862322299,-0.0617279783444642,0.3041243485082489,0.6218623385773508,0.3884947066436671,0.264557782160602,-0.1147109397009153,129.6292966122634,171.49733932730211,81.7774593162205,218.6165063653484,79.58116601015196,72.77512202806365,291.92360409855485,714.4762284201964,459.78578853491257,4112.096076450903,2190.347830482062,995.3242250215952,479.4410965704539,2716.1392785309795,3057.7746507269285,3359.484392937856,3169.2870347094713,3077.4756546297267,3208.0602856795745,2329.097828811251,2912.8198136148344,P11
P11,2023-07-25,3.0,5205.6,62.8,0.7739119412922227,7.052851703592687,0.3829900850793852,0.2623071523976071,0.6429921439503712,0.584150550441193,55.13102962808098,0.5966127217639642,0.4824536393489546,0.5868366928979937,-0.0423042415152753,0.3455886601578729,0.619314202497224,0.4210075065425032,0.2893236899649015,-0.1030775266063946,125.4893888450204,160.85484168669228,76.61720806552606,210.49479665982804,74.66576875338973,68.67408372075691,282.96862104086495,775.3330529355433,583.3823080054781,4518.579568803215,2198.6358422753724,984.1525758437068,352.5947697442492,5140.207636263636,4129.666721074726,5818.823539338816,6259.1189508605385,5710.607223239971,7285.963988002756,4612.938177932269,4825.968005499708,P11
P11,2023-08-24,3.0,5122.4,54.2,0.6768587633961414,9.584297226649724,0.3376552463981356,0.2398620967731687,0.5585361670697657,0.5336532616378056,50.40815221743968,0.5574714865836061,0.4505364114756022,0.4986060829733281,-0.0218035968362602,0.2767306767619524,0.5540537570610133,0.4801048541892875,0.2713831334272565,-0.1364902005738988,121.40358605672566,149.37881555200954,78.2122221578868,198.20269607469723,76.76188099672063,70.86071504806065,410.8104174069048,1004.4816632688802,899.8211539258587,4657.768703412628,2638.591040869412,1320.3405940252076,259.8651454762927,5569.551661956615,3262.898260216249,4981.647394747646,3884.7726635083845,5089.097681942551,7256.628960265911,3504.2676659116387,3969.1921221929415,P11
P11,2023-10-10,3.0,7686.4,50.8,0.5364956669514499,13.046330704913336,0.2764945697394612,0.2025429339916969,0.4046333023376321,0.4059991041321951,38.28944709744819,0.3672778898715982,0.4834718679888021,0.4286720314883199,0.044309418356394,0.1469090274026345,0.4031821581020522,0.4779353137628988,0.190941344269705,-0.1811090186581705,128.95805938087523,141.92044099653475,91.73174650812922,163.07897569747956,90.18656690265637,84.87236125767322,544.7173243882648,1035.5032394467405,1204.9340098258567,3939.0249129559984,2951.8159719399164,1686.3138606367345,424.93960489318914,5491.1958970824235,2732.764473842247,3018.1397048540452,2066.136979422953,2097.3168755092333,3844.9351544131546,1964.232102092195,2982.447151501051,P11
P13,2019-05-16,3.0,1567.2,50.8,0.5937457214312853,11.298831362861742,0.286192583647153,0.2587808869393527,0.3354816183933192,0.3704433935609521,35.438281892226705,0.3055026944556957,0.5526474879964207,0.5581810207078179,-0.001410678547144,0.0564735596244862,0.3695706921308344,0.3548468430833262,0.1424392318988936,-0.1774695392939145,138.55733001667662,160.4021667747406,107.2462949422064,187.22710914684552,105.23846649076262,96.9306773316484,383.88258321566434,733.5329297728846,729.0178066533452,2845.6729125495094,2559.771879725168,1428.3770567373526,1443.4303638728459,2104.9648519889515,2748.9028072102833,2187.4011566640447,2341.2526178707717,2307.3742191433344,2545.62350185176,2490.301481869033,2627.1053893854914,P13
P13,2019-06-17,3.0,3203.2,63.0,0.7556793829360231,7.465283738310724,0.3683099256932804,0.2657004417023862,0.5671565000206137,0.4983608943569769,47.35901185627499,0.4537384801899344,0.522692355740101,0.623250448875189,-0.0473639916780622,0.2534235753882441,0.5191940785392434,0.3424825035408644,0.2141985272708437,-0.1139551835233108,133.38421856563633,167.83058490525505,90.98643266618312,207.5630606952104,88.65607046420185,80.92791510676327,268.683664309754,641.668935313154,477.01054745673287,3449.592295264599,2050.556390298037,949.2906644869296,936.9225552430739,2688.342688742378,3330.0357761188047,3191.3327229732395,3001.8612563502497,3107.3580646868772,3488.3185888885814,2880.775636705239,2947.4944806033436,P13
P13,2019-07-16,3.0,5000.8,68.4,0.7899164797488475,6.591271983012833,0.3910282900738966,0.3005684664875325,0.6142465738436625,0.5813031933106378,54.81527207047726,0.5824848790543089,0.5269089335746763,0.6470907019073088,-0.0513914952243277,0.2945218715944154,0.6286076260732046,0.4084534305526662,0.2770623929146021,-0.1226169699152588,129.04845198250715,168.107190815305,79.45919989369494,214.9589894021877,77.29339882114182,70.93797998658171,293.2748242362527,727.266656657635,504.5868969677002,4308.384372958526,2346.6657176045146,1028.8542879585466,416.0311866843185,3496.9632479142538,3949.0759713214206,3849.9025017632275,3871.259679531932,3772.716307783775,5117.694755221801,3690.0528476240297,3955.1834076509017,P13
P13,2019-08-14,3.0,6083.2,52.8,0.7023353778833448,9.085932831892944,0.3551856556391475,0.2901284278581481,0.4942684548279152,0.4853602922377212,45.9664963039133,0.4457444953442051,0.5696601258779983,0.6067882423671164,-0.0183081754738088,0.1748635960488721,0.4994917132848371,0.3846446522987597,0.2163632593375579,-0.1530388555520635,134.75097155470306,161.68300509753487,91.2029642827928,195.8879042161013,88.90902128670778,81.90087104909487,311.0036018769018,690.5629909586937,619.4884818103343,3637.9389812343697,2521.034411382528,1204.7548366866683,772.2653486671339,3338.0766450834767,4455.795380027159,4090.467848596855,4114.396908482497,3995.3486452811053,5515.424595664106,5023.390056257047,4476.512017783368,P13
P13,2019-09-18,3.0,6239.2,52.8,0.6567483925314084,10.411333686382422,0.3345956446107589,0.2907174013313156,0.4134881688063659,0.423606452978278,40.33689520198975,0.3631810644424837,0.5821336077836811,0.6012080222780661,-0.0131550072025901,0.0909914285687148,0.4295944233282296,0.3620847345485038,0.1724617573526489,-0.1714313299637792,138.27224933744083,162.63344933394006,100.0529139455951,191.979019030654,97.66817264864991,89.78864393167804,345.5697875826267,688.6610325378741,647.7435327273669,3125.50696656101,2603.348199349848,1295.9145727073128,1210.7302281184127,2500.7137327562004,3522.830813837518,2912.176705847786,2918.7993228193436,2912.182851024008,3642.5571977036757,4006.6967744889657,3333.440629255858,P13
P13,2020-05-11,3.0,1190.4,59.6,0.5517600333197907,12.51200499442506,0.2782061688740584,0.2929580248872959,0.255566705537739,0.3662153171438738,34.764779433169544,0.3115419347980861,0.5773001947390617,0.5707419697813766,0.0103333777347716,-0.0223292400914107,0.3749267827907807,0.4143841365681974,0.1419138162237091,-0.2351407977573441,139.9680783447955,160.02022143583284,107.91287081784354,184.86643654015103,105.90836534112384,98.22541463714413,499.8763364318101,861.0092879863175,886.9171728061772,3078.469706347734,3219.75515929768,1826.204740630844,845.2638866404887,1434.915210650892,750.3929710330729,1531.8676095488609,1389.417698862984,1493.2659691237118,1401.7731240553942,1489.8440579319808,1033.742194871682,P13
P13,2020-06-18,3.0,2883.2,60.0,0.7633081075835142,7.398654229972102,0.3804619860046828,0.3045739092332411,0.5772236402213483,0.5577069848124018,52.59659762602784,0.5536674970078582,0.5310248971974435,0.6336599749420684,-0.0485334890943189,0.2522575754207913,0.5973596492108569,0.413562650358457,0.2616758276495237,-0.1380802118495225,128.63672388216108,165.99257882763266,81.86694640323367,213.17890651026295,79.79442545948027,73.22041875076322,317.36590498853786,765.5565236353748,561.5678232229553,4185.493238108516,2499.805627170977,1122.1417073085029,450.16160455057803,3036.8461919859874,3871.2921375016717,3687.541026873444,3736.2874577354755,3653.4952362965378,4779.569795027247,4355.997533270478,3195.4006998097734,P13
P13,2020-08-12,3.0,4727.2,59.4,0.7507312257157662,7.878929566979234,0.3826160216326206,0.2833681739187543,0.5820908019727538,0.532731078769473,50.32495542075646,0.5124089851810192,0.523262522981906,0.6116364894231291,-0.0424062416616808,0.2570154206868922,0.5588437696240093,0.3896794348895629,0.2447467586054039,-0.1255598767195761,129.25415295763457,163.61754164754797,84.53227359106121,208.09073310369587,82.42389884128411,75.56389023110431,294.144341620327,727.4832993482399,560.3711319971383,3937.728681123856,2321.571988581387,1036.7128339224823,588.1559756776428,3401.242925309798,4351.045652109498,3981.476379904975,4041.1403131342067,3976.3616774052853,5138.031325554135,4640.169449319737,4907.191841723329,P13
P13,2020-10-15,3.0,3433.6,38.8,0.5141873448865212,14.399037973104004,0.2903673030727622,0.2596527765223403,0.2780772276586828,0.3312539640800673,31.56854296218777,0.2412750197377755,0.6252156772520079,0.5246161988051974,0.0852255166431733,-0.0121858854793677,0.314209813829413,0.3818976349925574,0.132987013055204,-0.210127152378051,146.36718079820653,149.57333386032658,108.92626941772346,154.55683289465253,106.20032737789832,100.49639561126976,393.6002182939375,682.3785147596437,928.3065253748802,2870.2495072759384,2944.588396718011,1625.421871524779,1843.2650187332051,3603.7463978066103,3849.533140149343,3704.575570212622,4059.2476067994726,4134.304282345722,3110.2621863929703,2714.795260811876,2869.5581381151073,P13
P13,2021-05-26,3.0,940.0,75.8,0.6572052788783262,9.916904471403823,0.3239491840968656,0.2876232733094173,0.4243571294780563,0.457109079763666,43.23925690075767,0.4290621844063443,0.5289527032337885,0.5966461891118843,-0.0300905923796566,0.1274347709313371,0.4923643699577834,0.4104922697820163,0.1960410593740679,-0.1778951648958715,133.98177677317798,165.91786841429786,95.2826034625221,201.4231247718857,93.33962123177535,85.74352775002309,453.2760822125268,853.1225070118218,732.7438121348955,3581.9320621733955,2767.3648323419634,1441.208873069637,668.3244847484083,1974.9401045382142,920.9988536465428,1692.6517257558828,1490.9771566612055,1542.159986967222,1281.8680134088593,2024.3383065525397,1815.8581337060202,P13
P13,2021-07-20,3.0,3297.6,68.2,0.7750547807135925,7.162299652647084,0.3924884055892775,0.2926044100141656,0.6067597430411776,0.5594338037215887,52.79411294751014,0.551140176084048,0.5189384927526391,0.6304337421460307,-0.0515228777832652,0.2801693615368698,0.596502756534768,0.3970413185164246,0.2614494975452776,-0.1212126484251389,128.3646879216465,166.18691958689638,81.68311757143351,213.55713941123247,79.57143086671499,72.87266605761562,290.6019824772311,732.7376686420446,521.0722260067615,4119.130330402205,2311.699920188704,1005.4832919053142,490.9753457116491,3281.777349108206,4275.895021681085,3831.538858602344,3883.2050062248322,3821.5011733598303,4887.744206139872,4533.958065379918,4354.23450987331,P13
P13,2021-08-30,2.0,3566.6666666666665,61.0,0.6789995218294239,10.368442539145631,0.3700628323183162,0.2670006423503425,0.526609220470543,0.474316775200548,44.832772038770166,0.4274766011577168,0.549242646558713,0.5624243953460846,-0.0026166877732201,0.1955288326057013,0.48271441764162,0.3929524235449667,0.2141174250097293,-0.1433722542848418,133.27473986289644,156.4492166365728,89.30040618837663,186.29434667638228,87.00460315265934,80.47305027163807,339.78629920153435,727.851944156606,721.2368128750414,3682.6579286930473,2493.9282117161583,1153.8721255210498,878.7299700615381,5163.680751872483,4030.4818404521843,4505.340728493356,4433.453906609617,4364.767227385916,5043.593412552006,3874.97332659634,3992.011098198484,P13
P13,2022-07-06,3.0,2933.6,58.2,0.6865771878571546,9.723758628911945,0.3560137633478401,0.2758701831456571,0.5191177870064253,0.4960809680447664,46.81159910243926,0.4723294258553218,0.5268499192643069,0.5649209039175792,-0.0196685969619413,0.2016850005699242,0.5093478177210261,0.4148438513841853,0.2291741528453728,-0.1498686131549405,128.6940485924483,156.41694649883843,86.84114561963437,196.36499840425049,84.92976523420245,78.2799020421123,345.2668030332407,804.0321926243214,723.691235461344,3916.72065586341,2595.605038295774,1234.7396410131942,583.8541201006962,3904.9587035381087,4302.374379426931,4324.213007717174,4544.77074875955,4398.775657015043,5365.098036796403,4200.714634411799,4106.446727546747,P13
P13,2022-08-02,3.0,2988.0,39.6,0.5834238941248718,13.042060000592702,0.3290941529349916,0.2673646840694055,0.4005273968110963,0.4072504981337825,38.50745850323516,0.3524454438082833,0.5614771045660057,0.5254464975018839,0.0264341556906375,0.0835243512186209,0.3929370605473364,0.4151573805047207,0.1790650605053917,-0.1874821647561471,130.77678730992426,147.31742724231196,96.2601726407755,172.18698213354833,94.6379375149552,88.0825584517727,363.27021256092553,820.3933455367792,909.9458183856616,3454.498801529473,2915.6435795282355,1474.2043476677648,934.3220212536604,4215.569269132469,5058.6228181599245,5029.253129553295,5132.548696092991,5364.166677709804,3255.5729156246284,4002.0131505462923,4287.0166521126575,P13
P13,2022-09-07,3.0,4208.8,56.8,0.5005156262202952,13.97350789866986,0.266620730959814,0.2418781730732751,0.2384573100639159,0.2956636665406534,28.560540279771345,0.2189101381628327,0.5722068392255106,0.5228760129780831,0.044687113955389,-0.0291539462087975,0.2850906104572803,0.3391972120500174,0.1062572071297626,-0.1894769986425337,144.13587703717687,156.30271672818748,117.4455554279017,170.58727293637406,115.46399968794054,107.78399652656748,404.2798296211452,704.6572023125541,812.9948210776239,2450.5698675372328,2602.6970409185506,1508.1555835330164,2343.2156843999787,2359.332175292359,2959.3016469526965,2129.714074999637,2436.546896501146,2288.226201601088,2410.1699445079885,2245.3030876995363,2959.3105087090826,P13
P13,2023-05-25,3.0,1748.0,70.0,0.6499978829481088,9.78220167406375,0.3115204229713419,0.2711678766650984,0.4055490012487665,0.4277603742571878,40.645975955164126,0.3818091956483297,0.5305760159960071,0.5898340268288379,-0.0270744136836752,0.1201806122701761,0.4441807883301361,0.371324129640334,0.17451891131233,-0.1663432247560106,135.02058600266832,164.6898390175004,100.3091084259952,199.9845419661648,98.40072114461351,90.31706266467512,384.6751858411672,768.0139610235018,668.2441468755268,3211.6129291064003,2527.241924323863,1358.5606793296463,950.0228227708945,1826.0682033861863,2109.707051693175,2056.2458194645696,1957.5760779037714,2010.794112638821,2204.612266740187,2086.428214478518,1844.549320508696,P13
P13,2023-06-26,3.0,2880.0,46.8,0.7130719433494402,8.58275933726181,0.3452907271023948,0.2854489435657665,0.5009772656780003,0.4889786789029586,46.27616600932575,0.4542171276213996,0.5365477696548043,0.6068105762307485,-0.0380156217959783,0.188937117607682,0.5095563395548378,0.3822610695948272,0.2130563899279296,-0.1482283317903063,131.97585410901587,164.34307353393416,90.97679994674506,205.3235883152492,88.85990227826431,81.42950850760622,331.0455554610402,741.2491194965957,602.4384405050728,3606.3458134128655,2457.942510798261,1197.200775910518,732.7616916773713,2418.9368047701287,3478.0644070184535,3052.241153121104,3113.6395297772597,3107.2161803087074,3849.1508827420907,3225.2700986852897,3178.0469834076653,P13
P13,2023-07-25,3.0,3886.4,56.6,0.7700719446770458,7.211029475917496,0.3844659899965011,0.2828879756703986,0.6023497662354476,0.5513335436927594,52.04534099353919,0.5394415806669961,0.5078981727673598,0.621970604089074,-0.0518836021066766,0.2841876238029225,0.5869522642114556,0.3911422911242928,0.2552473566494497,-0.1179046751450842,128.41429848819882,166.2315442172054,82.7311809457627,213.21062318951044,80.6378870162051,73.81387688574848,294.7193271785041,734.4728677652299,524.9962140586188,4044.185260508375,2251.5028388767614,1001.6230165637788,523.7612640540681,3157.9875874353293,3835.650080575808,3556.5536282174144,3624.383507097913,3599.6583423025872,4486.695359172284,4390.681912030633,4241.454043989463,P13
P13,2023-08-24,3.0,4315.2,55.6,0.7236314837537758,8.90952531435424,0.3835151878828809,0.255373508655325,0.5993720349431566,0.5241951488224139,49.468176906624805,0.5090382909532898,0.485344792726583,0.559649811883248,-0.0330593918271623,0.2824841325647338,0.5443726370534098,0.3973158921766005,0.2465894376208331,-0.112992037797962,126.21900473835198,158.25428598323566,83.31736639810666,202.84563677155984,81.44405702170882,74.79093627231933,305.3640898168872,774.8388012442986,635.7428714976819,4020.043745892248,2238.574587160065,999.448054269096,578.9904171686552,4525.805831068649,4237.9347492482775,4425.097117950776,4683.107488689603,4533.457157767859,5271.855905343503,4769.7477586187515,5004.464067471993,P13
P13,2023-10-10,3.0,5032.8,51.8,0.6812043156526515,9.692033822785673,0.3451596828343609,0.2604032594036793,0.5016698769293189,0.4599821650763521,43.596357796943465,0.395906155874003,0.5867928513957805,0.5648923499600526,0.0122885451756072,0.1893295318259484,0.4569256600791345,0.363553520923019,0.2031049551702123,-0.1404324309125539,138.44392055988004,156.4489167039514,92.7093603535328,178.42660834590956,90.06801833739206,83.48079045929526,275.45335263676924,609.3260865368109,648.7102338492734,3440.724698118352,2337.923489047464,1137.07087346062,1289.3057959294351,5561.980506290406,5209.742464700856,5294.829400022891,5606.934599095576,5341.917786813507,6062.460308751192,3833.6884148450463,3859.669674043288,P13
P14,2019-05-16,3.0,1084.0,76.6,0.8380756382542066,5.111173338043227,0.393036755649164,0.2826831895545356,0.6641391037846386,0.6021075706753987,56.85519394433853,0.6083198769389149,0.4710086354721984,0.6794041476558079,-0.0802929377053585,0.3649392948526124,0.6783878193876762,0.3801835690991537,0.2808572990340159,-0.0909074742602998,129.61643630707547,178.63271158785025,79.04380138372117,226.08189445861692,76.73667525768846,69.82986963943084,303.3365711559659,707.0979286428835,373.1443348634372,4235.804864789279,1963.2868215334156,845.077743263292,428.1333008131697,2775.6912156055246,1736.521514644226,1660.2490433836956,1691.7336765335706,1768.8938986419093,1614.8960649041703,2631.683144153009,2815.188708396248,P14
P14,2019-06-17,3.0,2997.6,74.6,0.8487696151250952,4.833084827212464,0.4191778985280099,0.2684254425792208,0.7194495574557889,0.6401682617853612,60.37788879881473,0.6680989158809705,0.4551975556106495,0.6602110913750739,-0.0672569348568161,0.4301642808101866,0.7078714359636147,0.3993635331684917,0.3181948671629334,-0.0720219909885816,125.56828987353914,172.0531723857303,72.95509674635997,222.951645795804,70.85977351860727,64.87482877456257,239.24848703430388,697.0998419663014,381.82056380651335,4679.843817195702,1862.1693034092075,762.2450986123037,317.3508961421267,5167.945416147145,2965.822703160703,5190.536548601151,4211.299069102777,3797.3653575648514,4914.330314835338,3415.8667313134733,3842.103177082699,P14
P14,2019-07-16,3.0,6267.2,65.6,0.7957897089821255,6.401532627366756,0.3923375537767021,0.2970629120935003,0.6306534765142895,0.59745769137312,56.33976032440256,0.6162438099652201,0.4993989712145429,0.6412520463200172,-0.0588460572266736,0.3175082399684997,0.6493801558808722,0.4208484850731247,0.2908158149555127,-0.1162877139189448,125.62123638440396,167.52657812383302,77.08006273305725,219.28688444431745,75.11466290178632,68.86176557396671,292.7789478684838,776.5834096427242,509.59829071713307,4499.835314417326,2326.673052940438,1016.311413002808,357.2846218922746,3603.7052152802758,3648.7663299280907,4339.60369574853,4306.279259153837,4081.298269586709,4684.4535438945995,3629.307819018917,4233.838493294313,P14
P14,2019-08-14,3.0,9068.8,52.6,0.7060631165213715,8.968542551478055,0.3557982851134982,0.2867830145425771,0.5052115609913924,0.4909273899913544,46.46344162460804,0.4535844220675449,0.5618185206012123,0.6021539327216884,-0.0204395554878579,0.1874545775190571,0.5033649052224993,0.3865144287490138,0.2203339433488793,-0.1493026692592279,133.25846761628665,160.78920548565233,90.12494323868265,196.70417014471545,87.92717113515221,80.95477904045319,302.0234627768377,698.5695668859814,621.1134780091521,3687.09453497276,2494.577253274734,1188.9087122470437,741.5300552472985,3327.3110272705267,4047.618322883681,4804.256708911148,4936.238911798382,4088.7268223559363,5524.889086663924,4070.9669259890034,4094.2533828526334,P14
P14,2019-09-18,3.0,9870.4,41.2,0.6029984799599275,11.990538259178605,0.3199741545291564,0.2773220258923012,0.3625086191692138,0.3829429053018044,36.568851427221816,0.3115433536547385,0.5956924807318342,0.5716333228345204,0.0180828086568541,0.0488345803280748,0.3772940329814922,0.3629118011944282,0.1535441926681344,-0.1842282692930582,140.794758908635,157.62575774694005,104.44180266762982,177.76614146468577,102.02563389731444,94.52632112446926,355.4407307918294,681.6207073716615,737.4705702413144,2961.470099841345,2698.842183493713,1399.9416199510274,1611.3459923677838,2958.1654008638193,3276.2808167314497,3601.5069017389947,2980.7848400403923,2980.090228184855,3529.7228658920526,3491.07083141798,3678.457917959264,P14
P14,2020-05-11,3.0,1349.6,67.0,0.5547653302109811,12.223153684211091,0.2715893798117265,0.2839107149807378,0.2550409228302808,0.3580785578260551,34.10148430442807,0.3024328611379653,0.5661321044496368,0.5683765130618323,0.0007028082455948,-0.0163474815344431,0.3665923302238447,0.3935048220640924,0.1351319975931806,-0.2206127991671697,140.22044189682148,161.89103967141617,109.83653858796868,188.7012954396148,107.88843150480854,99.61187845569128,485.6275350646773,836.721737059244,834.3809880260635,2932.073378920433,3022.932230647866,1734.0260680840906,967.4995862882174,1282.882492650833,1099.1567720587927,1122.290907673912,1158.5302953169107,1146.775051537708,1563.708676085822,1245.6866127960134,1332.0057335807676,P14
P14,2020-06-18,3.0,2675.2,56.2,0.7031645263867871,9.022797138822565,0.3499309740772793,0.3053527359298042,0.4850831812997687,0.4998718219305328,47.19995458309517,0.4754378655469467,0.5545940609362316,0.6118057853028704,-0.030153105668986,0.1640772038287562,0.5252180462229505,0.4133568123535127,0.2244352542231302,-0.1692646883227122,131.84275729542804,162.9108799430669,88.89004911519488,203.0337549911806,86.77875690697229,79.86879491019349,361.6144320365298,786.9442681677273,664.8649152220335,3834.264126940217,2748.77425156059,1325.3989480389248,576.3431333886274,2497.3689638450955,2550.3117840956306,3129.72234453192,2919.7004525031034,2945.2518605171736,3305.668080628573,2924.3042799559566,2162.5715095410455,P14
P14,2020-08-12,3.0,4133.6,66.4,0.7555695653090683,7.704915119149184,0.3829652869113799,0.2912312874699479,0.5709359074802596,0.5273466379813071,49.86525408630606,0.5019282768545659,0.5346994131786322,0.6291420849866703,-0.045742552814588,0.2415269476821542,0.5580799520111873,0.3810502700958824,0.2377375168830627,-0.1292655845896283,131.41969749472247,166.6820223647697,86.25347482329555,209.40527328159192,84.00066571335383,76.9173853414858,302.1810467015689,706.0103768138341,530.041482986328,3825.021548385459,2327.7387693913943,1039.003998049889,637.4387298977443,2982.279365617452,3580.5900652775977,3470.6920862899574,3700.841773166905,3489.709519460848,3986.4230257085937,3722.459526310305,3317.7242842082997,P14
P14,2020-10-15,3.0,2863.2,35.8,0.5038695938729273,14.503702008818372,0.2826481952288064,0.2773359817755939,0.2259505980560584,0.317548859975749,30.3372564246049,0.2231569898659345,0.6537055413920594,0.5481083244468473,0.0938511243977458,-0.0600879162808084,0.3022981709010879,0.3779532595995273,0.1226104936127136,-0.229462429350973,152.0552430519996,152.2202687980233,112.90081553004204,154.11878738553966,109.77412645957529,104.13149648492114,402.209587604416,646.5500442116263,903.620605760351,2731.815032618237,3083.390383396708,1727.2231013600392,1824.311129670445,2763.330241722653,2410.6324444974125,3226.301170028121,2182.7316613257485,2767.9183279155,2724.6543959859146,2517.06089102875,2436.770763134176,P14
P14,2021-05-26,3.0,1458.4,76.0,0.6672383380937296,9.468435107498069,0.314974424924713,0.2741795996116675,0.4312210442284383,0.4457336949691171,42.31241591450691,0.4077845496896281,0.5225830316621445,0.5930357105517836,-0.0358746285309045,0.1411974151597205,0.4753710111799872,0.3765363700572888,0.1854904449648551,-0.1588740329052096,135.28341869907518,167.54238755960864,97.7521883797841,203.7621621361768,95.7333144050441,87.66182800221169,409.4693242239733,782.8276609314969,650.8490082267731,3339.70928508574,2492.091286820636,1306.2265110883857,842.1978250161101,1727.4385758822723,1847.9405508010816,1582.6548822864127,1706.5319536685533,1643.4164449542,1671.7163833603613,1433.7108950260636,1254.0782556882943,P14
P14,2021-07-20,3.0,3407.2,58.4,0.7615363323554482,7.582908689085354,0.3877734811530738,0.2951595561795754,0.5787223289401143,0.535283938737297,50.5871684617777,0.5127492905130429,0.5372917525172604,0.633131533777333,-0.0464647132184069,0.2465261705143221,0.5665623401357736,0.3837736609283789,0.2432729058266552,-0.1288231198287929,130.95727971426305,166.54776331330442,85.22845932193941,210.1101167056105,82.984503451103,75.99357676965262,293.1169215191011,703.1188313635736,521.0181906499056,3884.501458439563,2338.5224296752053,1029.2612648752363,604.9277760877369,3073.73947631659,3764.4825691335973,3801.0700869680677,3884.004527211846,3705.2730047602417,4162.909670977346,3921.0578293819963,3529.67291358661,P14
P14,2021-08-30,2.0,4050.6666666666665,64.66666666666667,0.6007414743882544,12.292370781543914,0.3283020639432665,0.2679089085513787,0.4153368483108051,0.4203980557588568,39.73374354123921,0.3645539343924772,0.5669413245342088,0.5337358200783823,0.0250878002003499,0.1017187395435095,0.4200237624043424,0.4160942865055104,0.1851136798451312,-0.1841683122755361,135.8816287964836,151.92418142340284,95.35080927592124,172.90562521733133,93.10178249460712,86.6853568066885,416.1452473319503,796.8751477520128,887.1579688977573,3516.5889028645183,2877.63192698292,1461.8833671159152,888.311265138486,4160.655381536337,3412.8285732184213,3288.478475688937,3436.7971061848084,3360.1954183567195,4273.592302557411,3218.4595838330306,3278.1380943824324,P14
P15,2019-05-16,3.0,1450.4,61.8,0.6325676188858371,10.53331250766862,0.305265740192058,0.2636459710810054,0.3811521975738996,0.3899202087542869,37.36222873593035,0.3262609606326564,0.5515166304904134,0.5784485340158594,-0.0184080722450653,0.0865652254109386,0.3936214162438611,0.3380096975241722,0.1508580652924355,-0.1597608796926242,138.7212505011665,163.83873077662295,105.42862673029732,193.67845668039357,103.24230082753184,94.538828369513,354.40394226586545,689.7416707151493,635.8370627432525,2843.141519611589,2385.6517914682154,1268.5024039530635,1482.7120198599453,2115.6692250669253,2582.8952238144466,3072.0647084369116,2457.5794999617137,2493.3893875844406,2853.409034123409,3196.1468080503,2748.516884847311,P15
P15,2019-06-17,3.0,4064.0,55.2,0.7371961341346405,8.012136458079272,0.3608175282534028,0.2604935698245984,0.5477507925831194,0.4787418567328196,45.55264664752207,0.4232165909873553,0.5399013641133049,0.6087370339471865,-0.0343534517027834,0.2338326241680893,0.4903205542576094,0.335455203248822,0.2030553978532876,-0.1173953275540293,135.37025289206892,165.5478604602594,93.08979094024508,200.9750713531217,90.6389287208433,82.93633990151451,262.5180747976514,614.4491794642965,500.5596343024825,3316.183397789373,2056.418450660678,966.897378809547,1175.4110943891353,3202.635256672434,3391.962025375632,3926.717302196286,3561.0554025720644,3333.9554993488696,3849.790340039418,3673.8465734578413,3795.030424707749,P15
P15,2019-07-16,3.0,6709.6,58.2,0.7603245723007016,7.5170598295610995,0.3820764890890747,0.2949022371630473,0.5750734541811384,0.5382704423925365,50.82492180279046,0.5115811213281571,0.5539742813772766,0.6324863963422518,-0.0364012448551257,0.2482695599582682,0.5663582159164736,0.3880416894726926,0.2466682992629457,-0.1323199513058366,132.42075672912202,165.25386283911254,84.6242881123926,205.36452461263508,82.29033822754647,75.63431001567103,285.7364359452133,679.8097197602374,536.0327580438219,3932.9210587410194,2370.836465364466,1062.667269824262,598.444621668084,3650.5182335235127,4117.779874252919,4775.237617834127,4030.500412961617,3802.488638215765,5156.789186624505,4046.7527703191713,3618.0669287616147,P15
P15,2019-08-14,3.0,5572.8,46.8,0.6760792163130995,9.98343660926301,0.3488894609570671,0.2877021940041449,0.4637995749265153,0.4554607643859106,43.2107170095113,0.3988256179967765,0.5930343117583731,0.5936277394063736,-0.0011886947119334,0.137970263377349,0.4571969440217014,0.3761194939813435,0.1981241151185891,-0.1624029027747107,137.37682168657005,158.79410491908865,94.41636363442738,185.57062106874625,91.9688016846219,84.96059664743343,306.0661749898376,658.9943075468824,658.4764526639748,3427.537790407329,2581.6631974071715,1244.6911263160653,1049.2038243626541,3909.8364484925646,4329.120967165374,5111.070991454316,4470.775858841844,4172.919182404907,5227.972930609496,4971.199714797618,5173.01352948551,P15
P15,2019-09-18,3.0,4630.4,49.6,0.6496329591132054,10.716903454233588,0.3359285832359459,0.2828647848844171,0.4085543341495513,0.405453241208022,38.774461503982565,0.3349874208346202,0.5929747760141255,0.5973002444452286,-0.0046587225404485,0.0829064779934198,0.404791973778321,0.3425722446463934,0.1615469761454349,-0.1647118923962298,140.44119774661797,162.0078466181037,102.6276510203567,187.04926460785452,100.093495267993,92.05737906282732,320.3775349905516,637.0591509261474,625.6826462077219,2939.659633003179,2489.935953801095,1234.2094662203183,1650.9025429975127,2930.9016770181374,3486.0914478883865,4277.533376078085,3285.239163106881,3257.127870561397,3925.1696587987026,4570.900741181607,4570.883231664526,P15
P15,2020-05-11,3.0,1310.4,72.6,0.6448194870939034,10.102917061203676,0.3069509372992981,0.2894162458154927,0.3658716921903431,0.4105147505356447,39.16045578372485,0.3580396831815308,0.5567490250307351,0.6058448355844662,-0.0315379419196611,0.0685375335973721,0.4274685824618178,0.3642679736180207,0.1605305960783675,-0.1806099842807214,138.45778589676874,167.50559312652274,103.65086586486896,201.15138269666036,101.43277493873173,92.78087489813645,403.1108852574331,750.1594172244123,651.4331684991535,3030.8664211407536,2640.70481645179,1405.0352467426153,1013.1018148520511,1483.4153958554425,1620.8996324502725,1989.1457980131208,1587.9701397825386,1582.3092412758235,1861.2923891989167,1882.7706431842837,1745.4238456022754,P15
P15,2020-06-18,3.0,3260.0,48.6,0.7195313122998386,8.697736364822836,0.3636383007914389,0.2918166587335893,0.5189403510812345,0.4957650540903765,46.89672642284671,0.459067889201641,0.5510414163804036,0.6129779394310089,-0.0328881321843846,0.1917846705416538,0.5147122769652868,0.3827405547701987,0.218562259943907,-0.1470422053076267,132.45932433797776,163.48313908217224,89.75213387712975,202.64281733925085,87.54232980153829,80.35236316053647,315.70662800769577,716.3179322482317,595.0618655049768,3651.672579322292,2476.567407963056,1156.077406989425,746.4848650747584,2937.7880877021826,3846.875296914528,3916.8957990083036,3541.4834670353257,3438.7897400694487,4152.748716442807,3988.2098627999558,3202.3037849412367,P15
P15,2020-08-12,3.0,2304.0,63.2,0.743831911910373,8.14738818779047,0.3840051879296636,0.2724848859375579,0.5699380935054241,0.4969406989430828,47.14982743373521,0.4522437714978241,0.5351982267577502,0.6141780672629181,-0.0392135890579121,0.238285032424395,0.513409497096416,0.3516058979638687,0.2163443183602081,-0.1189973507496637,132.78425900602988,164.97653805138364,90.04512798176809,204.0002871868582,87.72837205279495,80.25348452489531,271.6710166224796,652.3206607313109,514.5037274476603,3505.783796236373,2151.006570301415,957.294273500152,947.480849989512,3272.655631376708,4048.682352665708,3912.650724997286,3654.6531073237074,3621.948044552078,4148.405621835744,3808.6004577047984,3938.278437551332,P15
P15,2020-10-15,3.0,2752.8,46.6,0.4519633162158258,15.859822690068142,0.266921017953137,0.2677199019928291,0.1479146037074615,0.2618887105076172,25.36202564722861,0.1716379824148901,0.6378358878314828,0.5454405209235282,0.0935670265786334,-0.1238221665849287,0.248777383080711,0.345888157621113,0.0893305724143653,-0.2260055016187421,153.73849858690124,155.49042397834188,123.31382577311489,158.33239592674252,120.4668042078098,114.33266028267415,423.1687285619541,650.5591581870005,865.3040756418618,2289.8748363213645,2936.487371312607,1701.9363320757673,2465.0851553736015,2206.7508333341425,2044.9796266184203,2851.370913100025,2483.214827088136,2968.4545964839913,2875.875930463827,2688.8552590346058,2743.1939476176426,P15
P15,2021-05-26,3.0,1164.0,76.0,0.7008386713741694,8.609966153975648,0.3245407898169958,0.2837716982982055,0.4627602851542653,0.4709432533577876,44.65256078640469,0.4374836393531668,0.5195851453656017,0.6093812366030666,-0.0519224220937715,0.1643467094392999,0.5029232283858539,0.3788046165639441,0.1975657639702133,-0.15481742202417,133.3901880289434,169.033234848994,94.49207037318376,210.18717056005036,92.3942478433384,84.14191823277051,390.5652969559077,783.6995917233132,606.8030357398483,3453.245928932532,2476.160370606005,1264.1441628858945,743.8470000760921,1614.3145493321556,1914.3720954696641,1424.1091805161109,1706.1298279956914,1733.7057505488283,1647.4358608606703,1337.6354825645208,999.7704571891744,P15
P15,2021-07-20,3.0,3400.8,63.6,0.7533585559354008,7.861029341644969,0.3878505043076712,0.283321121385541,0.5746550543732893,0.5130243605781125,48.580179775393546,0.4778811535101109,0.5305474164349565,0.6263118577064486,-0.0469099529283984,0.2410082918471362,0.5367988705225679,0.3642476736072685,0.2261087514272172,-0.1232096430702844,131.39130340584228,166.2998949557009,88.15520094051121,208.50794432028204,85.92557663751666,78.53964043014562,284.3862535308483,683.5736757036959,512.7690563246424,3646.349840261993,2230.336462212709,984.6570096193792,770.3931572315421,2926.4157820904943,3937.648082340844,3604.4425481268822,3353.6102660482206,3352.0835433320362,3804.9974977059696,3620.3956755450695,3354.595762889641,P15
P15,2021-08-30,2.0,2944.0,67.33333333333333,0.7082313858703669,9.552798309443247,0.3875835603670185,0.2596371767120422,0.5596977263251243,0.4717951108603862,44.7509480943912,0.4125887165391168,0.553390606705682,0.5838572587106928,-0.008738152508612,0.2226852460565983,0.47837950192659,0.3504984731933039,0.2059828383080764,-0.1218240106844848,135.28791219825897,160.09918199245715,91.48253523415286,189.66863500920056,88.99586574026596,82.08313443202536,272.44881878583027,623.9769923595305,587.5524325388787,3413.2919131437056,2183.4187051125805,971.0766404018804,1339.3088498125912,5045.028326257157,4802.4010098203,4500.967865343767,4438.405425948078,4538.558084495771,4059.112563407515,4311.913062421744,4316.6762404236215,P15
P15,2023-05-25,3.0,2132.8,69.4,0.6763039738281795,9.088403212651125,0.3130088443636444,0.2727767195176336,0.4260063572447877,0.4364702560874908,41.56495314468865,0.3892077894756828,0.5273744793448171,0.6013917710861723,-0.0414428391293358,0.1363365957583346,0.4556428980860712,0.3572878160420721,0.1758970655971393,-0.1558087190920501,135.6865819856598,167.7806561411832,99.85136728061414,205.31250382788733,97.72690506828307,89.20475872456862,370.4502296540618,739.218733374561,603.5620089601292,3159.432428870072,2401.4748824434555,1269.5156957274662,965.9207331583306,1624.0983150817544,1991.6160591324613,2182.168694438611,1843.6799810944142,1792.4113639350344,2121.495880158106,1783.3574522076049,1606.6670592570351,P15
P15,2023-06-26,3.0,2737.6,46.8,0.7142959376967658,8.708717824212926,0.3547518724749182,0.2730704012708304,0.5232737763593948,0.4853200772168592,45.98262906324843,0.4441639129437879,0.5361917544023749,0.596190710729379,-0.0309402860667225,0.2082102288105867,0.5006382391876355,0.3701448649231507,0.2122793222455232,-0.1356607467923689,132.72638723748582,162.88616572644187,90.9682922110678,200.9360189026344,88.74978272037109,81.40762180225943,307.6789312878417,701.5757807680143,590.0519599003005,3553.706104958805,2322.8822024305155,1107.5938184150757,855.3558559239643,3108.2949273362474,3777.6776832301193,3813.089141135994,3622.0359482488543,3535.3262099203193,4205.319043885646,3698.035529065253,3558.521222556038,P15
P15,2023-07-25,3.0,4463.2,63.6,0.7709734967750717,7.291232316379485,0.3925398229967177,0.2703101110120738,0.6167839663532706,0.5402777143543025,51.05751458964279,0.5159235155596574,0.508183283131733,0.6146735712760505,-0.047690112715427,0.2962298651755231,0.5692996854978142,0.3718389607427367,0.2466137399754635,-0.1072514024668876,129.81204905840104,165.76761075307746,84.10733341578208,209.80064523884283,81.89436666030942,74.94142490320169,273.2635988112024,686.6289683400921,501.9448931793905,3884.6726698084735,2106.322955859592,918.7203604626648,640.1797254972165,3586.122840536935,3946.8786865275833,3746.579527727354,3785.811449613865,3834.451544756482,4182.991351096836,3934.973645324514,4358.854422935534,P15
P15,2023-08-24,3.0,4899.2,51.0,0.6643343994469366,10.77023159123773,0.3650828060523604,0.2347067975984615,0.5462351379667524,0.4611527142199634,43.60068297700453,0.4141123672598515,0.5074656440742248,0.51932934370858,-0.0016617952037639,0.2298156341120439,0.463374390645389,0.3756133584236967,0.2079156649583764,-0.1210996649486982,130.83888248962631,153.8609942628967,90.1721547876985,184.64313757074345,88.07299830805135,81.32388110500608,320.1063337565418,728.1821613679616,715.2757050343585,3577.07403886637,2236.2598130612528,1044.870372467257,1108.2812295812223,5729.691056927223,4978.3187940989665,4127.811032558742,4925.009543684498,5453.297902569093,4229.599032445153,3930.9260828242427,3620.2511920737,P15
P15,2023-10-10,3.0,4686.4,45.2,0.5933255242383438,12.2282198984237,0.3158156007110594,0.2485367082799836,0.3991147506162438,0.3847284577637759,36.61489703539051,0.3012621622923153,0.6043868199262084,0.5278553453148238,0.0513541939400253,0.0951076462321752,0.3697284527315858,0.3574897228886944,0.1613009950416191,-0.1641405026406642,142.94600778896665,151.92714641402165,101.62662644369333,162.73668001236214,98.85440679316856,92.43160782881912,320.005224567996,618.7597534739405,774.139540292472,3034.565991931405,2505.258748946072,1301.8584664225111,2177.5613747347306,5337.23412188945,4630.608996974939,3919.8540972096066,5250.17083945258,5178.7207939083155,4367.893156500146,4236.982898868232,4137.504512324913,P15
P16,2019-05-16,3.0,2242.4,72.4,0.7422338270393887,7.519147159995868,0.3405548805998682,0.2787337872473634,0.5213877462494907,0.4995576899255619,47.35608518814295,0.468331875404179,0.5093945414519526,0.625246921920608,-0.0596297709876084,0.2215094522869112,0.5352796399231404,0.3653308631553695,0.2134480770158885,-0.1325072698217874,132.6829387443943,171.09107955694745,91.35256126655229,214.5393073784312,89.14831389592509,81.17555153600667,341.7664526968819,731.607876792551,519.5983568309829,3542.226067179416,2251.977304663309,1107.8912837143923,715.0467365922457,1679.259901791119,1850.2907624780253,1715.2687198613378,1832.2884551224388,1689.5459294998832,1666.3412158342592,1857.8620897099227,1531.2018453241149,P16
P16,2019-06-17,3.0,4680.0,64.6,0.7376882129076423,7.922689290817998,0.3558608260266642,0.2759662723427986,0.5511094721416276,0.5169508787702478,48.84682695719943,0.4911663066471144,0.5165499270927371,0.6042109265704382,-0.0424514192061954,0.2437589326527247,0.5422383669932683,0.3854319783056422,0.2323688423635788,-0.1306724577386962,130.0382297420788,164.30324830702855,86.90627425467041,207.5566443096353,84.8156232474636,77.72259638833403,310.8033611843017,738.1273490981563,575.6755257791107,3810.563180010661,2318.2970131397838,1103.0214312726291,638.7956302654922,2862.165920475165,3298.9014807597227,3386.139572906279,3381.0283782533606,3235.1119522675936,3145.8704096285014,3842.7183496230136,4204.309053861597,P16
P16,2019-07-16,3.0,5430.4,61.4,0.7322558028385733,8.340952835907917,0.3696393841472769,0.3005464964157638,0.5399131939832353,0.526042534273823,49.63994748095846,0.5090974689602449,0.5395325436353232,0.6156044262585149,-0.0394030675802379,0.212966673417969,0.5542054668775575,0.4094995824320978,0.2413391453363275,-0.1492667448654226,129.64086581339362,163.28617228568973,85.29349678094542,207.6250493214604,83.23160756736047,76.42930108965521,331.82301453554845,772.5461625232427,615.3641252128742,3980.482674795008,2582.9521153764317,1189.5058656673814,531.897621808073,2877.6454127129946,3363.4739186925462,3698.563983583261,3618.798243660341,3717.0833825134973,3559.7609678669146,3785.5488953016306,4187.213503908026,P16
P16,2019-08-14,3.0,6182.4,48.2,0.6797819480809357,9.960169553251326,0.3542538335277196,0.2909948098169284,0.4738428505493997,0.46511057447687,44.06155328784733,0.4201346958491916,0.5690594203076875,0.5938374869793883,-0.0152824815789698,0.1447780010035395,0.4718538232962063,0.3870638392474931,0.2037564588129374,-0.1623952563604702,133.63254909286806,159.2335333185525,92.87871652223586,193.0013994932432,90.7227109549287,83.52555959377429,324.0008818532418,720.1487346970117,669.1711249925262,3531.5474356542763,2624.4325180166343,1250.6423688315558,860.8976945568377,3230.104802919389,3813.8583388467355,4398.511153447169,4019.1751837872325,3956.2756945465285,3760.5879811779523,5265.35796800088,5142.179089622828,P16
P16,2019-09-18,3.0,3789.6,55.2,0.6627882280267442,10.420282570860383,0.3437862985167135,0.2893297067071825,0.4296783949145775,0.425309122429692,40.52444582596884,0.3667748698428615,0.5717111852792671,0.6011830435049216,-0.0214492252598171,0.0992005356406393,0.4301949675036502,0.3573287294061718,0.1728093201525662,-0.1648015403560429,136.14674581768935,162.498527581529,99.60513350995453,194.79655901740227,97.4035971577778,89.23463152834886,334.0406897412552,695.7280602670189,631.9671203011859,3109.940475913627,2547.4688195471035,1239.3153711925768,1231.4932392980743,2410.880633682005,2813.5858229735645,3420.5781960936606,2896.132542950638,2874.7264399646765,2774.073271297285,5102.546247460224,4941.958962836194,P16
P16,2020-05-11,3.0,1774.4,70.2,0.6198085430393204,10.641553786940005,0.2940859723260016,0.2842647618186472,0.3362919878995518,0.394287639949247,37.62030796676641,0.34077327280116,0.5553358660654062,0.5909610233256065,-0.0243663502910714,0.0483688233662357,0.409468201359312,0.3690619166234553,0.1523274235140408,-0.1881586758673101,139.4271420154315,166.3852646793866,105.59526495704368,198.17065742885157,103.38399886147216,94.69816466410111,430.0339857419364,771.8371094111359,696.858403046733,2982.1125322711305,2703.5999967002517,1477.435203062509,1030.6307853477288,1419.5074814970046,1340.0920220694293,1461.6904616609852,1361.2626190450512,1363.3320498995413,1304.089322765247,1879.0784044857066,1737.1292072148337,P16
P16,2020-06-18,3.0,1758.4,43.2,0.6023359921656491,12.0127926091781,0.3190238552078858,0.2881505435624558,0.3707407052625933,0.4105137476595667,38.86852416553205,0.3514277675662479,0.5896157221413711,0.5636911444835399,0.0188614282583497,0.0586889323432371,0.4074979284474778,0.4050639558466296,0.1740960202818922,-0.1998955627544866,136.9165998089444,154.41671775713246,98.90569497330296,177.41558086424735,96.71872461224682,89.85668257612836,387.2127005456481,765.7025209692256,828.5778841268038,3337.1634689797907,2967.172384795076,1531.2039591093787,955.6858730267082,3135.6683682348144,3526.4436713035047,3681.977048462082,3703.7285066448135,3368.2611092272914,3068.628212578171,4014.6036104086343,4759.319173550906,P16
P16,2020-08-12,3.0,2804.0,67.0,0.7892041225184961,6.685229210583779,0.396158193820504,0.2988891847267358,0.6040743336939601,0.5558410253040248,52.5179706234702,0.5440939912622124,0.5133175378333504,0.6574043813390938,-0.065556951781752,0.2735779070223368,0.6004234620691877,0.3825737348286693,0.2523307696857645,-0.1199924395052511,128.84936200279867,170.9449949669659,83.62664428775722,219.03956149451272,81.49879873081971,74.34074688015383,295.2315002941774,726.3455145242001,466.6942324376822,3963.835838387095,2257.101271215447,976.3291441299036,533.9167591874921,2341.1809743238887,2506.568012036046,2540.7368044196237,2639.3403330750393,2772.38023850172,2658.8946902468265,2547.5943960435834,2250.4035834186584,P16
P16,2020-10-15,3.0,2102.4,34.6,0.495975343179863,14.667784528102455,0.2791964684257432,0.2681385082050518,0.236854321461812,0.3207301995652487,30.536669296674585,0.2297599498271392,0.6356491182552869,0.5293058349579509,0.0924226178074413,-0.0452897175768698,0.3041198725294889,0.390546646176877,0.1265222075164856,-0.2282055476630639,148.41363119141067,149.7327640499643,111.01404775001028,152.6094687343795,108.1955961667038,102.5806909942419,417.042848510664,693.2312214213564,956.9608858104392,2838.223229364858,3106.9097726510686,1751.5037067945989,1613.2058553106986,3095.1520224266105,3543.4941359877453,3229.130806080617,3883.5512284938177,3532.5776440259488,3184.2210405747373,2675.047528185885,2343.2895769477364,P16
P16,2021-05-26,3.0,857.6,76.6,0.701844328317844,7.384638826851555,0.2652129733769811,0.2732146220116029,0.4018712321318247,0.4559784431339087,43.40801863644723,0.4180712716909909,0.5139754165705991,0.6171707827566387,-0.0615360701759573,0.1544762493597226,0.4981230217638019,0.3639660051680673,0.1822160165116846,-0.1591222200733186,139.50516982836947,176.5009345855862,99.68355392801652,214.8128916744398,97.14118031474786,88.24799919507129,428.3236367337424,761.6159395455179,563.748195104196,3252.664192035757,2370.713410255556,1372.530351914124,741.2511413923636,890.3753101299338,660.7469241743155,422.6725766915621,696.0348932318797,482.8026469709744,414.5926208422798,1142.0903942964342,934.9460069450034,P16
P16,2021-07-20,3.0,4028.0,68.0,0.8381923098393762,5.1643628077044665,0.4150155986664848,0.2802623191437426,0.6886304441401793,0.6139670069190495,57.917781484965886,0.6256385059311648,0.4731784999693179,0.6679205014509848,-0.0720082102103367,0.3828600619459985,0.6739964998895299,0.3878402284353378,0.2940398026700612,-0.0859745860571611,126.37238317375709,172.78402890010355,76.5751617201078,223.78017173041547,74.46740791061939,67.99467221981803,250.95160347753745,701.9607779741468,387.88307361040086,4392.344073960542,1961.021111598972,810.7826413140049,391.31111722412015,3417.3099390169687,3056.6482574997754,3278.620858333879,3121.3180022911783,3132.9556732651686,3156.163791934969,2922.8563318718216,2469.460780302907,P16
P16,2021-08-30,2.0,5614.666666666667,61.333333333333336,0.7068741058430962,9.411276018609664,0.3752588007640601,0.2512478545781579,0.5605679355337866,0.4773069511606926,45.24052210332417,0.4215706650365564,0.5410849885121183,0.5699360946373159,-0.0088126628848499,0.2372215161641306,0.4820282723581945,0.3605945823155115,0.2114023236478596,-0.1208852679958116,134.20914169031752,158.547103177363,90.14226778564768,188.7242182002428,87.72477333259613,80.90778323132291,281.0828174104543,649.1876787503796,621.5492943436471,3519.1817739902176,2189.155714422605,1002.9962436166514,1179.5030701418416,5226.72393577208,4800.456575789372,4207.246572116787,4500.116807986409,4627.719610516591,4522.6895794471575,3366.154640090713,3481.0199611716353,P16
P18,2016-05-25,3.0,2304.0,,0.8203271758399405,5.347507642941359,0.3741833576404738,0.3067180191212398,0.6247517920417447,0.6166077335973595,58.14831423622047,0.641578656585216,0.5067691828041917,0.6746690954043898,-0.0665389631226724,0.3284553538944831,0.7029791612562816,0.4220996258915237,0.2988034011605862,-0.1181244709006212,130.7800170499147,177.34353695379062,76.75823618115132,224.11005972355275,74.45304306333419,68.23909269766365,347.31928694218885,755.0152723805401,448.8754778036041,4572.631371075923,2306.7130722446914,1052.4530199499789,340.93831742350574,3380.678971460941,1095.28295932191,2122.0090022725512,1677.7606192025867,1738.775243016365,1880.9816766645456,2361.1929483221775,1934.3495217919917,P18
P18,2016-06-08,3.0,3939.2,,0.8050311062796334,5.999236039292008,0.3852779130304615,0.3017313022133551,0.6208266962287865,0.5943056242646572,56.05292844028629,0.6035946347337996,0.5152026695047065,0.6604391309930209,-0.0600353817178302,0.3105744172048784,0.6629251099214485,0.4096009578714368,0.2833909189018541,-0.1184067346530661,130.83529371680638,173.7668675414519,78.8221598272071,219.61756455569733,76.50872820326586,70.11594297152871,329.4394068279294,734.4583796727985,469.81665059166585,4374.750851960714,2296.0637158567665,1020.2163564929964,392.03998025672627,3384.196536492428,1896.4212925230931,2577.4279617701077,2439.9258036699234,2380.9805274918754,2456.981710826936,2764.215742228875,3002.046571466556,P18
P18,2016-06-22,3.0,4199.2,,0.7566610069169313,7.43672364821357,0.3721215351342692,0.290592209233431,0.575692159290615,0.5514721831820475,52.02008697601047,0.5448718483999792,0.5197907323921489,0.6228441627478764,-0.0448493097036932,0.263824998720137,0.5980919779244575,0.4097528919204986,0.2580159800756985,-0.132193411463455,130.64069448688366,167.44329805688935,82.66136299720712,210.79105941409657,80.46201258890818,73.8896435275841,345.1540420838674,762.7989770391969,572.0970482702623,4149.335572659325,2416.106711173746,1115.4599889512103,468.14057773409957,3432.4931259826085,2535.266239868667,2912.589740435731,3050.804428331032,2942.817801247006,2857.179254399713,3427.7124126559497,3413.888140732124,P18
P18,2016-07-06,3.0,4460.0,,0.6870897343160564,9.38383725102002,0.3434606461387002,0.276382392032295,0.5060579226557129,0.4999860860621732,47.16536901873544,0.4830661688856481,0.5163648894134327,0.5700378590409322,-0.0256830584924649,0.2015088570175058,0.5256052626969376,0.4238364599741781,0.2303672811180893,-0.1547931192760024,129.4863338161977,159.51329952285772,86.9486289570161,200.20658395992703,85.00336609700464,78.29568720875913,389.7978420566674,840.5576977354743,733.3223421356104,3971.776879719424,2638.6355562506437,1301.0459994609655,524.349088543433,3367.269040804178,2717.518547722089,2944.04320480152,3321.166624035431,3276.2531357223634,2976.8838667441555,3272.7269231938476,2746.8147151877624,P18
P18,2016-07-20,3.0,4220.8,,0.6302960109038966,10.83317801471145,0.3162447962422947,0.2790807892962101,0.4192370663986501,0.4511988821244017,42.58885387416933,0.4131714670634238,0.5545451405946217,0.5528332037457171,0.0034645631695585,0.1210607188242444,0.4596730014664537,0.4292386536501411,0.2016673718922434,-0.1879401571315175,133.56256653856485,155.00243466026708,92.77142226149236,185.1750526344375,90.6902657251903,84.10647316696048,413.89353221745125,832.6074095364656,841.1424958417444,3719.635138390685,2916.345375241431,1521.814954865953,615.4715308928179,3188.7631871777953,2626.3161674469648,3172.979467243432,3610.6012206088626,3555.7428479208547,3034.045481809589,2847.5000364463954,2328.911033291171,P18
P18,2016-08-10,3.0,5110.4,,0.5686929861878728,12.234448375906144,0.2875705553006754,0.2756450423518888,0.3199092864471609,0.3890703481620269,36.829217525893,0.324454062350941,0.5930641418607241,0.5444949241722493,0.0380241441971683,0.0366377717353855,0.3875995255933742,0.4144305831963706,0.1629519669719196,-0.2137516802148833,141.46786424707824,154.0300383975892,101.91985254612818,169.71259929267586,99.4372848266954,92.94291217014668,441.723040030032,779.5424610317102,902.0800287476382,3287.982271210318,3053.698885341468,1693.499340103662,905.437254874424,2787.0964154668886,2152.0050393825627,2556.582013760314,3035.031257568783,3017.8787431038145,2493.2410464278164,1937.4105538208955,1986.907478624177,P18
P18,2016-08-24,3.0,3343.2,,0.5686997727994266,12.29637097805065,0.2891084225823768,0.2769938824543556,0.3103822942229281,0.3777417695463078,35.86250292529124,0.3089881673079646,0.5965476856912347,0.5527660163489946,0.0342706920390524,0.0237565204081033,0.3766162412856946,0.3984049095259445,0.1535431196471904,-0.2104650974046751,143.01900599607495,156.0777879412957,104.3990893604864,171.56759114750736,101.825441094344,94.95636903500656,435.51635179057416,753.2387715787834,862.135415035434,3125.857940641004,2981.515691388593,1648.5118297386111,1108.4010045488837,2719.5171669363654,2098.3510699561475,2328.832523657241,2706.9815925148523,2692.9119573254284,2306.5098694972025,2015.432558608039,1904.5068242781695,P18
P18,2017-05-18,2.0,1889.3333333333333,70.66666666666667,0.7908236435840466,5.800064461370797,0.3427445146946195,0.2601547199430472,0.6011327106173789,0.5568503766458572,52.592939697393184,0.5374806721692746,0.4918310394041493,0.6252632212196548,-0.0558891657996601,0.3282207310772997,0.6123602334862294,0.3755273440078943,0.2524838916072127,-0.1062012379852878,134.9429239253969,173.9161287351906,83.81685534163971,214.7500707920821,81.23195638114754,74.32133151876018,333.8814937921168,688.3689871117065,470.6710322105572,3967.336248909832,2023.7599109799935,1002.9032182968804,552.440145665628,2984.268702355609,1849.2669055227675,1862.9197323613787,1501.0546937949755,1931.2745244837365,1779.0594758839923,2612.850880318549,2480.603486692493,P18
P18,2017-06-28,3.0,3583.2,58.2,0.6866695660233088,9.097452149406951,0.3213769940320017,0.2730760538854678,0.4716503606812333,0.477020003052257,45.14014961203387,0.440844786182901,0.5383213788677588,0.5848408237748224,-0.0195184895725195,0.1814453927693289,0.5019700391845774,0.3927227016306413,0.2103934214706981,-0.1550843606686107,135.51578522268346,163.51194280141084,92.0688585075169,196.93262633923183,89.73613299834828,82.70410127054623,372.97962195819207,746.5540749596305,666.0252612316411,3640.2078392964672,2512.736158486326,1293.4244221300548,722.9923790596329,3021.7062428747627,2592.82310229567,2749.3432167113297,2884.206996136317,2674.247085936788,2550.914882721312,2701.84718971471,1966.8470634680227,P18
P18,2017-08-09,2.0,3221.333333333333,53.333333333333336,0.6867435985157706,9.279150212880836,0.3406704110517667,0.2666109650555047,0.4713647042376684,0.4433646356390693,42.2515190586132,0.3876439005236639,0.5468096910044111,0.595357741976313,-0.0242070143842572,0.1628290801539749,0.456296265024779,0.3498404714856021,0.1837366688637562,-0.1436301509845293,137.6713764827239,165.02707479945605,97.74692013011946,196.7045262960393,95.28379862807364,87.37799716963451,332.10018505782017,672.0439255143015,592.8812430517806,3199.0932017983832,2307.859792853387,1155.1818398532732,1203.7083415936195,2883.3897224315974,2981.6396104980568,2983.031905807012,2728.1577147593625,2848.4456894686714,2745.7256196448666,2808.688032647949,2951.0850665358103,P18
P18,2017-09-06,2.0,4406.8,67.33333333333333,0.7527282156034478,7.84734896750555,0.3870689397240179,0.2636079170306791,0.5787492453267444,0.4891440957383092,46.5458838165883,0.4354654679862743,0.5387525364744813,0.619953738366253,-0.0396959681212711,0.2498748902369167,0.5086163301376048,0.3310453187121065,0.2086723806441096,-0.1093731863168719,136.71592144757756,168.10265651106832,92.0952596074449,203.11274486852076,89.4764545499487,81.73597194482748,269.5521010280609,598.5054429150845,465.7754323413968,3346.050337457918,1999.2404827384887,884.5008916606982,1167.1906262680795,3365.8222929275375,3121.9672854421847,3301.5999870055157,2645.979086892854,3508.493814248493,3205.5639441278486,3004.0193107583623,2896.124424634451,P18
P18,2017-10-25,2.0,3636.133333333333,42.66666666666666,0.5773129721864672,12.778847122300316,0.3147616960874062,0.2506059894634934,0.3645416252314845,0.3581714490081001,34.31777398603734,0.2667093333253754,0.6270471382653514,0.5380364237744926,0.0648653484304418,0.0577243526666072,0.3462976647074099,0.3395186460850474,0.1447004616472402,-0.1672267003298942,150.74094747993988,154.882855308392,106.72174966333122,160.26678231532438,103.35325089901993,97.00675467329437,338.8961349273937,569.5192272317563,748.4003119798361,2794.336301883142,2476.1796172239847,1293.706340131556,3005.7429005521603,5504.096155756933,4039.616628616528,4097.886660391474,2763.2800319005664,4327.48973110479,3992.4724622959448,4675.010083910342,3340.0047125932256,P18
P18,2018-01-30,3.0,3714.4,17.0,0.2776505072676194,21.318276837571208,0.2320323189773118,0.2066027289158673,0.0683707695713487,0.1833154392451336,17.408537727760905,0.0781994828376779,0.5862303923438822,0.4243219051785352,0.2007833454441744,-0.1664753439693921,0.1679050532541852,0.4347964834184175,0.0616042274989054,-0.268576505545455,149.80619481367148,138.8376955105909,125.85157264678514,134.12531379497025,123.85852577648842,124.05203708328813,637.7983769134158,918.3724374090732,1424.6576828250622,2516.1853295095925,3518.961216836238,2192.605212776421,1392.386950249676,1020.8173786454144,3798.782156290489,1408.45914989533,2733.2533130292677,715.5319328951704,922.9823955287786,1622.9239311688987,1410.9889945508405,P18
P18,2018-05-01,3.0,260.8,73.6,0.5911657792903581,7.155102336694183,0.2017752970689377,0.2335186230706734,0.2534299974707288,0.3654281242860954,35.03037368398288,0.3131451503327842,0.5098001524946314,0.5673998892128356,-0.0261841189080753,0.0688450156718658,0.3955129399710877,0.3531550599410858,0.1319025904672783,-0.1813197916039564,147.5135283893573,174.539626221942,114.39057782434624,200.51600006983992,111.94186490241027,102.7919433355045,508.7821567916525,777.9935393240465,691.779831623915,2773.0007478153284,2393.284343332146,1660.1639338280174,967.2882181984884,984.6025063000837,3341.0169345271925,673.7041074942802,2017.2499126127773,1251.520223075582,1568.3542000825075,1617.078197815835,1068.9196879972037,P18
P18,2018-05-16,3.0,779.6800000000001,79.6,0.8025641277204637,5.8079785293488255,0.3495716021498355,0.2889045820847862,0.5827050615784535,0.5695798972089724,53.90935308113744,0.5714008992036342,0.4920898559882068,0.6647884238272208,-0.0758976946111736,0.299567444723858,0.6477801791590712,0.3884979273843699,0.2603142230950978,-0.1167557903355753,133.963583482811,179.9613015438365,83.88233668172929,223.6857590198509,81.37270493919388,73.87810029227032,369.7452000097751,739.8068499757292,437.8703624245167,4078.834300935941,2168.8730134429807,1045.307648682499,468.3705736874025,2141.6444769474638,807.2999433122278,901.748012965811,472.84016293694134,789.0439220232595,815.3163929660304,1987.258223038539,1653.8873316136774,P18
P18,2018-05-30,3.0,2023.2,70.4,0.7976457761472198,6.04033708949348,0.3668375890167902,0.2923722807535374,0.6133884141166467,0.5950877179522802,56.10863179902596,0.6133288451930411,0.4884827870568961,0.6435849932808536,-0.0643026839713119,0.3187930986012185,0.6669197726578093,0.4195868403454841,0.2851011876664825,-0.1183027397100979,128.60258823753108,173.24145396574676,78.22153088206511,221.8678480440856,76.06080742575506,69.66340154922904,351.27532864177016,789.5928976516777,501.5443481785556,4448.719844534348,2300.6817486677146,1068.1458445721337,369.57182201796866,3229.5172214395375,1625.5919681880505,2084.0376100407434,1861.1797523974283,1955.452402317698,1984.2115710831117,3163.9299560114364,3082.489373319501,P18
P18,2018-06-18,3.0,2609.6,57.0,0.669482111163027,9.14142398938184,0.3019846405138054,0.2564562744731843,0.4728875181556801,0.4836157738862671,45.6384896437578,0.4622993339270644,0.5010112054628754,0.5432925688490184,-0.0224013535781279,0.2009751110797404,0.5057329250267034,0.421068299785762,0.2194169026572522,-0.1558056948465726,130.3304282252681,158.9922585970579,89.10419076092914,198.62788912506332,87.15806348066971,80.30399513679912,409.346203447162,854.4804447745521,764.4592401358839,3877.3483096041623,2575.401895743515,1384.8549653973926,548.5381605325413,2990.272577135884,2731.0457089975075,2683.973882249428,3506.2682294584874,3133.1834917548986,2918.46910258699,2959.1804784354063,2822.6673470805367,P18
P18,2018-07-03,3.0,2532.8,61.4,0.6474991613394898,9.554608910500953,0.2933050617995441,0.2625622675906612,0.4146771614849095,0.4422915261948485,41.88900294476108,0.4053195728139646,0.5149543236921714,0.559928885317582,-0.0252757206798168,0.1417628040483962,0.4600571963704711,0.3936482467657525,0.1870599846954651,-0.1662353128017072,133.39631779085323,162.09911285956295,96.5715281421662,199.5103236008431,94.59474239486356,86.89318090003906,412.1685114864448,823.0987709392886,729.6630051654142,3443.160181229583,2574.67842410772,1415.1903083619552,767.4976338492585,2124.335929490853,2342.238643361564,2012.0051935426889,2429.9245969150998,2313.7162835142203,2235.6329998585784,2146.716674044274,1740.8524730694835,P18
P18,2019-05-16,3.0,1251.2,73.2,0.8284704405630052,5.469990963287153,0.3889922550439283,0.2524350056320182,0.6579359512027947,0.5442126836961638,51.76978846823408,0.5121937583364203,0.4623223924369648,0.6660131713261599,-0.0815167521469296,0.3563545246450101,0.5923346918387258,0.3239912818960151,0.2356436654485049,-0.0776444164342058,132.27802843366845,177.33400524078323,86.97322633423539,220.9209517459146,84.53773405140215,76.50845894494974,256.8546516456249,620.6232704661122,333.15420003933616,3578.630473302137,1680.451736300452,720.290927157591,733.8065125720942,1984.1301833779542,1440.7374078678968,1356.7048990418361,1365.6016238064433,1270.1571375009753,1260.2101725918633,1840.993813117215,1283.4823048095545,P18
P18,2019-06-17,3.0,3200.8,,0.7881347010312434,6.515672628231549,0.3823260316980354,0.2600069233428382,0.6322892782906666,0.5545919538226203,52.39302290124594,0.5378774165120754,0.4772296743087811,0.62172930508484,-0.0581684823172569,0.3325981762580549,0.593890800704745,0.3692941019441766,0.2536543763861089,-0.0963230641674897,128.83199183238642,168.79954995442165,83.03291234682165,214.75718151725988,80.86885014206399,73.86662920489303,275.2738557772802,697.9635482337777,465.8318340811507,3949.615647305217,1975.9886263342612,887.4973174975527,580.1610683092431,3243.1094416359815,2825.100533247236,2867.651928676726,2860.4656613674906,2937.969920039083,2825.0672627337185,3369.76758960384,3826.8932325315004,P18
P18,2019-07-15,3.0,3860.0,60.4,0.7433143450912286,7.878545991510325,0.3677139119867482,0.2859835754125232,0.558470264094613,0.5270044369314293,49.761969029866,0.5099678463338276,0.5124465933728112,0.6133233793812781,-0.0491275771532892,0.2416284407711856,0.558633326314881,0.394549008736011,0.2388812343183555,-0.1333277249176855,128.82170902246847,165.36051864698445,85.66373864886768,211.42097935324605,83.6383546416378,76.56045467850288,324.67078492662785,768.17749601154,574.4057118939485,3905.92965641814,2385.428728265615,1106.5904361613252,570.4142061841808,2847.5505756254797,3307.7204777199368,2997.1458409574598,3198.443774569527,3098.11351248441,3013.4365205977488,4088.801272104297,3550.624859000616,P18
P18,2019-08-14,3.0,5282.4,52.6,0.6654178111741771,10.296509671981864,0.3458029897536719,0.2805572251338002,0.4570724819851537,0.4452984552662722,42.26328777182994,0.3909360007593667,0.5721797139623388,0.584547262943086,-0.0072797124049116,0.1348502669084566,0.4493979338052556,0.3732787774324687,0.1909389747934542,-0.1596972719985676,136.18474223333706,159.4274196597568,95.7428942791142,188.88329033851636,93.42706975033352,86.11248812850114,328.029542792186,691.6372093408355,668.620190685747,3358.518425749449,2545.2390410451626,1240.055098168696,1078.542427012227,3548.1923435861254,4238.097254584887,3950.1596190662954,4341.028873779724,3868.025097702214,3781.513460019313,4239.16252625276,3941.0418509949527,P18
P18,2019-09-18,3.0,5299.2,48.6,0.6248700329777359,11.567571035180356,0.333724567206095,0.286787516601187,0.3817854374215902,0.3930907393136839,37.551920133108624,0.3260867546684112,0.5867745334496983,0.5900523721461852,-0.0025529595071322,0.0548591758973362,0.3947793578834517,0.3542203017798532,0.155406066741591,-0.1764934216729239,140.12161512233035,161.52588753112147,103.98692232202971,186.86095548086652,101.56352033356782,93.4981033228626,361.2346582163848,685.1363576453494,677.9069329409206,2934.5664080417555,2630.636880185939,1313.511739611655,1522.1920095675925,2798.3641279263984,3059.631084555865,2872.901307381638,2872.331934537599,2535.369383694252,2564.5137390748937,4621.631674150276,4109.614161068792,P18
P18,2020-05-11,3.0,898.4,76.2,0.7680547898532311,6.293525497853285,0.3205882082166646,0.2726240566271196,0.5355806453518064,0.5240322407837863,49.62104255034851,0.5031185745276474,0.4849186978428815,0.6351858507174921,-0.0714020639536364,0.2622162752878327,0.5856449509241892,0.3702655497006384,0.2257984388225459,-0.1246105605431971,135.07798142681324,178.13667013036996,89.4366408289863,220.4738302094814,86.94185695411136,79.08551619112016,386.83685293891824,745.7396019295603,481.6181341833516,3689.365533900287,2153.94881994142,1113.9469378372269,604.4654419007753,1611.0241497916693,1117.5186139574387,686.0765573641969,342.5832959618651,644.5623746145974,609.1317910298607,1779.3482003483236,1018.5451088496172,P18
P18,2020-06-18,3.0,1450.4,55.6,0.6870387049119101,8.774025145299067,0.3099967831853317,0.2644302215344468,0.4745022641741927,0.4776236312418203,45.156052411449046,0.4458895755262956,0.5120912405686496,0.5701835140233618,-0.0321234847984817,0.1933829590265872,0.5008091590232058,0.3941867433982641,0.2086844046396902,-0.1506272015285772,132.34131026100488,163.15168440940047,91.6197709580922,202.70119853022243,89.51691644356858,82.15660639356481,382.8166165140743,793.6213631453513,675.6104825159885,3644.220747433456,2462.568204391919,1298.3481013354954,688.052390334758,2559.444034803944,2567.813227032626,2308.531012562814,2860.182463948329,2590.3377668572116,2502.9787484711596,2443.6922279098762,1977.8332524789707,P18
P18,2020-08-12,3.0,2022.4,66.4,0.7843271432958976,6.822957567412286,0.3925434600376825,0.2710884427285495,0.6153625984956166,0.5328945151211886,50.47883582726568,0.5009833723389686,0.5080178659240017,0.6374325976096843,-0.0569763253863394,0.2942899456857587,0.5614631151779536,0.352329160809984,0.2362260056131746,-0.1037097406811246,130.47461573557635,168.67483466189734,86.36682963306079,212.8513977690209,84.14391465573756,76.74796678182062,253.15221387656717,656.1839992539589,445.5592133719127,3696.4335587980886,2011.3915407258737,877.651632738479,731.9369719500435,2898.708791339262,3523.1058463609497,3394.619120958073,3367.900126603587,3352.777473441286,3308.4088036754497,3165.968479616421,3125.605100318981,P18
P18,2020-10-15,3.0,2595.2,47.2,0.600552547298725,12.259060670402176,0.3269254201598425,0.2634975210456132,0.373188920699472,0.3641060431361375,34.98442609679154,0.2722442903663352,0.6375232224994328,0.566028600839202,0.0501312030640306,0.0536763592927463,0.3493709246436335,0.3270219058366853,0.1443629526532965,-0.1659462398936806,148.41535152238444,156.49105696312043,107.0618319301784,165.42542559904075,103.91426474385848,96.98492938044582,293.9702878659199,541.3415039917136,678.824753905181,2718.3502910776547,2443.83031509381,1241.9923777502486,3209.961220713749,5211.366461615188,5049.065506049375,5086.106290850439,3487.0830494735087,4747.536277858172,4658.529294677997,5119.4223788928775,3477.573000160024,P18
P18,2021-05-26,3.0,1197.6,50.0,0.4650814385424273,14.623754348880157,0.2487964103723369,0.2628865696994523,0.1832808523757215,0.3084705842595094,29.28211140451812,0.2480914056816193,0.5565154941183714,0.51619587279401,0.0367619103109566,-0.0694868177811966,0.3085649276604582,0.4282845476106681,0.1131153143638905,-0.2497649114235503,140.03155782981295,154.0770404895301,113.8051774692224,171.71521472864382,112.24639408771245,104.54719566112952,583.4964222652361,954.0434060004162,1065.9512280924985,2910.0416859257216,3345.2554506223014,2007.82334242406,898.7003765654392,1208.6583146448145,669.7866620233043,567.146697435432,782.8338411284278,1111.851003732581,751.0492249564049,1494.820847520731,1614.6294443012011,P18
P18,2021-07-20,3.0,587.2,70.0,0.708781371537869,8.917731802553874,0.3594502490935101,0.3058386788006586,0.4870944173987779,0.4910031063605076,46.43115079963495,0.4645952421553546,0.540219039156078,0.6235533420470944,-0.0453623319994795,0.1588772953328068,0.5224932712236137,0.3975893304670447,0.2135126147064229,-0.1636820291689402,131.84558800058593,166.8396967838898,91.15962210670784,209.63763738150823,89.07895197858588,81.54355579712843,377.1939869774495,791.4067879444541,621.3828993660737,3663.5462017072346,2662.425513312024,1265.871091337523,648.6855476370038,2129.2028025614118,1803.5374666173382,2091.367469858856,1928.251245369869,2155.384654465967,1958.644050563038,2827.1198075572706,1881.5913480286954,P18
P18,2021-08-30,2.0,3204.0,68.0,0.7587723830079647,7.840944130742174,0.3997669498650315,0.2877642852308663,0.585736638800462,0.5187885408073956,49.107995791221256,0.4774114325358934,0.5590123809437814,0.6339017437601284,-0.0328485901102512,0.2440298208038385,0.5446090811925776,0.3631510778757659,0.2314125713241377,-0.1230962903881058,135.19452353415662,166.48792809847433,87.35839691781811,201.74446394798176,84.79565641832929,77.86504738953758,276.7263925794535,629.852273976313,503.8730113162305,3682.7526471559568,2237.782929942534,961.3194430610408,834.6679739849685,4034.430745365617,4323.051280284072,4079.5936087874616,3580.4452408920183,3940.0688655739286,3709.4675822882205,4142.729196352994,3352.7003778863723,P18
P18,2022-07-06,3.0,1310.4,58.2,0.5973617412334452,10.80552165198102,0.2765058163204676,0.2462356416099487,0.3839451587655762,0.4215911241985595,39.82230179457808,0.3798678276235846,0.519523120196872,0.5155943895412146,0.0066930793475978,0.1232941433285054,0.4303643945466384,0.4201044861890212,0.1828523646887583,-0.1807499268605947,133.990374426442,154.97301922040796,96.60609595817482,183.7212711204409,94.62734010346122,87.74021694474595,456.5296781954684,869.9018160083398,886.0319601105386,3541.477308051703,2757.613391087158,1571.8023137014254,710.2684369927001,2786.789252303131,2733.1528593048283,2388.177179965184,3281.132563203985,2820.380065528078,2562.9097833510073,2456.1898033871676,2410.7980884210174,P18
P18,2022-08-02,3.0,1296.8,43.8,0.4708649789673598,14.19616470877435,0.2476598523432056,0.2389971478615607,0.232390973907053,0.3232705668952823,30.59483162125347,0.2424435405761361,0.5876631897731723,0.4830501278298232,0.0919909626207107,-0.0156205188851454,0.3055580291029938,0.4280436792123595,0.1324260195024143,-0.2329951181084779,141.30828450075302,144.90606143288946,108.09128852692352,150.77783549344795,105.9963847682317,100.7261418329097,472.3532983514624,831.4077155926227,1113.2703206755436,3102.257174627432,3194.758199198156,1928.8617221133109,959.2799025336033,2273.5126855067415,3045.3560348343017,3151.316601173368,3635.3071031127597,3526.9158477034957,3103.953229936419,1810.9895946126376,1782.6883011733407,P18
P18,2022-09-07,3.0,1476.0,43.0,0.4361319911627914,13.296110050841962,0.203931157734808,0.245949627182911,0.0896099969279246,0.2575490272114969,24.85908707300143,0.1817150998402029,0.5855736882457233,0.5260242091269487,0.063071771812181,-0.1162359165569899,0.2573884606202624,0.3640639043177528,0.081627285619489,-0.2361243283286593,154.39318791901215,161.30062749094208,126.59245295107692,168.7938460301661,123.93447639663172,116.70063045185478,538.2981022706444,769.4812918178105,914.1931229573275,2332.8746889154363,2940.4468673184087,1944.4862282567888,1413.3355935478467,1082.013247379091,2151.061058054174,832.2891888346467,1975.9750821560165,1565.3428882347662,1788.8177804305888,1620.0248044492962,1565.5286391874683,P18
P18,2023-05-25,3.0,1903.2,70.2,0.7610009045042155,7.010752238301522,0.3616408548395539,0.2621717816799694,0.5697225319951712,0.5149672687663416,48.83394896888837,0.4859938890093683,0.4910762196691869,0.6235686456257648,-0.0591372686472773,0.2746785451666808,0.548922775383327,0.3547029018322468,0.2253963839237981,-0.1103873544395859,131.6458707524485,170.34628004863663,89.36056203172548,213.84472288747148,87.17938242555228,79.37802991242346,298.20806499043,691.4151422913164,475.9264231925061,3617.43787340052,2034.014813626924,970.5411524635892,725.7264077275789,2317.8475807806244,2480.7509553892,2451.1758716563922,2465.4428107617045,2381.4625834140766,2404.335391262942,2878.9878612886273,3393.443776971471,P18
P18,2023-06-26,3.0,3474.4,57.8,0.8181274832169999,5.7742631698422775,0.4061629377031526,0.2732692001925837,0.6663209850518651,0.58507265621051,55.23262843886204,0.5828983128031959,0.46986130913371,0.6515429701355769,-0.070904826120281,0.3569063167290595,0.6341822873971241,0.3760429493814792,0.2725593571769609,-0.0901961426568138,126.48161660873036,171.20552880950896,79.82276805148366,221.4056345167724,77.7564429622039,70.88950718805533,257.84712990039264,707.8961063845613,414.96204770856576,4145.521767498431,1962.979900919373,829.3709128057671,474.4237933725001,3097.857792156061,3027.548422729858,2846.3808018142363,2904.4904957516715,2815.712620338823,2817.2405190225077,2887.920524122764,3039.8601088931255,P18
P18,2023-07-25,3.0,4898.4,59.0,0.7954259567597453,6.5643285632204105,0.4043602063846545,0.2587925454992461,0.6580574850715935,0.558340143658833,52.75322900049586,0.5373335239400983,0.4858878459629149,0.6197116091844811,-0.0546607634382396,0.3449682191082102,0.5902296141303194,0.3636519408566118,0.2568573467378123,-0.0897334219354934,128.5639104377686,166.92904486968274,82.10598425885163,212.68852788899483,79.91322887036165,73.02569651949887,245.71869207821317,667.1148958868516,452.7351988363824,3951.9733321712783,1926.861127522617,816.5978115066057,611.1805128282443,3792.899334789162,3344.139295643641,3578.716484921134,3545.473804025857,4035.067653070891,3713.638408426121,3676.982957090872,3982.200079652625,P18
P18,2023-08-24,3.0,4047.2,53.2,0.6311736196635549,11.6217108569822,0.3476656512917312,0.2412853659016345,0.4746154244852137,0.4128053858008358,39.249350007982684,0.3405905958609977,0.5632007439169774,0.5315732021791163,0.0253054209086811,0.1567955181645643,0.4041390065741225,0.3496512371014867,0.1762006142816305,-0.1384235213374948,138.03502267181958,153.93395439840302,97.8499854665389,173.7277660198829,95.34890393757809,88.56779274101774,299.68496450730663,635.4656631404505,706.2487471418506,3148.142892733629,2292.992962718742,1117.0146150210849,2022.2962903650025,5933.609828944919,4291.9718684440995,4713.228487480458,3475.0942411370993,4667.555323300471,4193.005644702379,3940.8852841330076,4362.947974602629,P18
P18,2023-10-10,3.0,5032.0,47.4,0.5650444967538093,13.364867944149598,0.3173936526034961,0.2469169499152254,0.3606875192069049,0.3457371406737565,33.16754997968093,0.2532829569217351,0.6194409124862175,0.5306113917705277,0.0645411030733938,0.0488933335558864,0.3284265454003132,0.3316455580426771,0.1375703989035367,-0.1645230349877856,147.21821819025527,153.1350339753418,107.97404009028234,160.20373110468287,104.96122172234983,98.36258677366432,315.7821798548076,573.3715116434613,747.573620225177,2695.201994256308,2440.108623819044,1263.431783521837,3548.1245967111468,5625.859621171427,4489.381987909745,4585.907060608537,3176.080711493504,4405.496754781046,4309.47897068499,4870.900852912055,3607.1570351112673,P18
P20,2019-05-16,3.0,1357.6,67.8,0.8181981712693865,5.722465640563599,0.3878769036118678,0.2553604591997601,0.6460941412733904,0.5384760965893168,51.16578649427966,0.5052775322530387,0.4642961888794608,0.6590398491302341,-0.0804216649927931,0.3411414163315857,0.5822186406604282,0.3275623002551361,0.2317482218509023,-0.0831326553692198,131.29653587527883,176.0033027359193,87.34298054390808,220.6912680157961,84.98888691816185,76.95111667576461,261.33709111917153,639.154681379274,355.63572387632064,3557.361938338669,1740.9030973104875,755.0088061177028,740.3802479049367,2359.677240483751,1785.2775571176167,1423.8721170190838,1356.8546791948995,2190.424720658995,1328.557815079797,1752.0616481594568,1360.281157565118,P20
P20,2019-06-17,3.0,3348.8,,0.7994283257477319,6.4220331173318925,0.4045695430728442,0.2356592345243323,0.6690726768139816,0.5329865140107468,50.56812931513052,0.4911478533712386,0.4767945131303631,0.6154914799157126,-0.0540706968755572,0.3628303930162291,0.5531931233263372,0.3269040673255912,0.2356423906839891,-0.0755113026141739,130.41129287009682,167.34869192798593,86.02981542393515,209.87930850895705,83.72814384285051,76.33798602904646,206.2035579427805,596.4666372029046,401.47187578804034,3600.9765326666497,1682.3179741710924,713.21160181914,918.7104018571702,4225.214944525319,2650.0724548376647,3434.81911764079,2879.770795920543,3854.6071731029056,3509.096825735659,3669.127547428212,3401.3851163708773,P20
P20,2019-07-15,3.0,4858.4,61.4,0.7629294003711653,7.531068877387171,0.3889828867228988,0.2728879592529221,0.5981037883036435,0.5224922983979564,49.4472227465111,0.485791671176168,0.5304636279581209,0.6170855610388218,-0.0421421364846862,0.2713370335656403,0.5428141821243329,0.3586575414584942,0.2334913015755709,-0.1117136764441398,131.6606534169041,165.0662604666946,86.64607420103619,205.92031190794543,84.33701236477636,77.1644991227105,255.85182565932809,647.8967475288591,492.0035787949711,3696.672584723314,2107.4994043824317,922.6404569482128,791.8095267599444,3863.121866736268,4569.074445099288,4534.556076126352,4272.172863113206,4115.408560470025,4552.785430370192,3746.9472482684105,3314.0547993003115,P20
P20,2019-08-14,3.0,2280.0,50.8,0.4123296394789337,17.300445109128365,0.2587209601770555,0.2386407121347973,0.1899103508566524,0.278122718653655,26.42741122684428,0.1918562937249867,0.5842315568365403,0.4665977498735291,0.1085226030232783,-0.0781977083541486,0.2640197359989196,0.4419571652942946,0.109124039047919,-0.2495280192219723,144.1286675778184,143.77864895957862,112.61718206880644,145.30568103653383,110.37574473371107,105.23816558681706,582.6205071371,908.2923499063164,1252.721828955613,2958.189137682538,3430.6972243573136,2000.97520232714,1052.598074761805,2504.436676393179,2539.037892716774,2581.2973256596883,3056.4111459339256,3092.4512105103536,2008.316864820902,2400.5043137851517,2351.7726840101977,P20
P20,2019-09-18,3.0,2677.6,58.0,0.6746289446699353,9.985556228287017,0.3470687857449078,0.2993561058353114,0.4241446614719024,0.429245040891008,40.94569479782888,0.3710008478945847,0.5810164361410746,0.6222844046764133,-0.0264329219842214,0.0913790400263696,0.4440517170801861,0.3535494422176509,0.1724133821597176,-0.1676351305302126,139.7649783665463,167.06475371893694,100.59693946661054,198.12042412688336,98.04492756953132,89.79610625302115,355.5292981112282,677.6416376121997,593.8386124450954,3079.4467788931265,2558.892891589012,1240.7790232028265,1181.8437529017688,2269.8648328071063,2960.541435334077,3350.8216792458206,3015.471839334081,2571.0362121475546,2778.8006555173592,4006.537596892521,3544.4027867194804,P20
P20,2020-05-11,3.0,1052.0,70.0,0.7119507724963806,8.359303808534662,0.3325617124751926,0.2853821443301492,0.458788953399153,0.4538173198486452,43.30129960546749,0.4117280255437278,0.5216395142892088,0.6300589041065955,-0.0640713514420174,0.1501715976001668,0.4864985781061803,0.3483276309706893,0.1817948540798364,-0.1466495189077197,135.9015831893554,173.59018885489854,98.6720144104785,214.0119624194605,96.39558158267756,87.39660141146678,374.6484566915606,731.252976827678,526.9492724288341,3164.8426589393075,2326.012022811889,1163.7496210450709,880.4415419135981,1356.956075868493,1610.9671431278996,1289.463153768998,1293.6379696116517,1325.427928718119,1342.5885320786567,1690.35359959859,1426.5195103651479,P20
P20,2020-06-18,3.0,2576.0,52.8,0.6655500222909212,10.242137069539432,0.3455897013748595,0.2766511086580487,0.4660477439289551,0.4509804899357794,42.71951888947672,0.3999754977621881,0.5584242400397804,0.5795108674232025,-0.0078251775382255,0.1478695360872979,0.45829174959765,0.3807858029810625,0.1944212239752654,-0.1591467641882498,134.76339377849297,159.21789325327396,94.55097186363793,190.4788622816646,92.3223881421437,85.2505215694998,340.64916457764434,721.2143598791985,688.5470006262277,3430.764984784038,2557.956627326406,1256.2799972315602,986.5671048705648,3482.7182168441254,3809.107976098581,3795.5906734729397,3785.081653047005,3715.9985722108677,3632.2915833594343,4506.909524908786,4236.343205195279,P20
P20,2020-08-12,3.0,1653.6,69.0,0.7973536762085272,6.481315244365996,0.4045303429247887,0.2980986551192323,0.6153567045139618,0.5594003545644743,52.86772428814073,0.5475142684753396,0.5099743607573481,0.6642465834077614,-0.0691107256983851,0.282968852759059,0.6180603531782773,0.3774694119631548,0.25295515785317,-0.1144878109528865,131.59987380801513,174.94743299237757,83.72761608947295,220.022386624001,81.35858024068479,74.09005453909631,325.15549273635355,712.6309759410412,440.980005668495,3948.87387450754,2197.759343440233,932.3796235017048,539.7402402392462,2555.661805342269,2374.006251257382,2011.518628735028,1659.749440820853,2697.2242185689024,2433.9407784495916,2295.730564387285,2106.145880696362,P20
P20,2020-10-15,3.0,2250.4,55.4,0.6851595411784438,9.666349260553352,0.3498872131520665,0.2497711465287667,0.5124574238749027,0.4492418612766873,42.70482775138058,0.3751798868705946,0.5919191892410467,0.5649137131389612,0.0158078303316617,0.1995819931573726,0.4464555349373226,0.3441293614384792,0.1944417474647857,-0.1303799339425296,142.0270497274712,158.2213722887968,94.58905449813082,176.55134936512889,91.67713994286106,84.97239257315032,270.4881959166595,562.3807694051668,616.0405693962962,3279.587900432481,2192.5275838906773,1060.082981589669,1789.3309011631845,6171.844496461746,4243.933255487067,5349.750061756976,5108.784954397613,5355.607915239688,5429.929561465968,4574.248981868297,4806.945002708509,P20
P20,2021-05-26,3.0,884.0,75.6,0.6795496795895141,9.408061261208015,0.3282034534597611,0.2861743044930637,0.4391920065350987,0.4496812539718797,42.71173963787407,0.412548502637713,0.5239455529729604,0.6039730383070285,-0.0512607985614567,0.1314062274189724,0.4786854583696782,0.3764084995714739,0.1846828387768231,-0.1617437333263563,134.07966812919,168.59405791330371,97.17619253214065,208.2768056200827,95.11944478703197,86.35470740038002,412.7914502655283,797.5356153416373,633.8683856661452,3321.482377390703,2543.5712104685394,1287.5068098744491,819.1823147581656,1600.1709398164242,1566.40566146026,1285.5748183535084,1505.3406764449437,1590.1725892724276,1614.4128384506112,1670.462302675384,1581.5218477109693,P20
P20,2021-08-30,2.0,1432.0,77.33333333333333,0.7938147051828341,6.7720412227764974,0.4117829645654076,0.30530319707568,0.6235845035144125,0.5701793561715554,53.81422449284004,0.5616845745717056,0.5296695491738476,0.6563660568930725,-0.0569410330324472,0.2819064490541417,0.6196733801177332,0.3937884943819106,0.2653735064769231,-0.1202203075741101,130.1770949518728,170.26066863894354,81.0183731498359,215.21387421644897,78.72216091156209,71.99699595101534,301.5989294132677,711.6865686393608,479.90217059172176,4129.389729454735,2316.0482075282785,959.7696246333686,489.26106469980164,3519.8206269239654,3909.4618606127033,3756.5917763272805,3317.5962614688797,3759.799570440425,3810.4318247285087,3337.899064227559,3368.663170377991,P20
P20,2022-07-06,3.0,3525.6,54.4,0.5971165101304454,11.677141445305194,0.3273834784187547,0.2620589455223847,0.4120135678637096,0.435210951153101,41.06769091437986,0.4092669890572918,0.5134368987896514,0.5400215345538428,0.009819007581528,0.1234826710658187,0.4516095202918984,0.4379269799072663,0.1959564970743466,-0.1842896905022066,131.15954982745365,154.7924793795601,95.32410068735712,188.7051270278582,93.69134902276303,87.76979118102088,463.5712029850701,917.3737364396848,903.7106605357404,3731.0408634265495,2900.026202648532,1545.591352195686,585.9777329883813,2720.506546991324,1930.5529399745265,2287.778019024001,2858.440535217674,2773.3951515565645,2947.921239749839,2695.8306812085148,2489.911023979728,P20
P20,2022-08-02,3.0,925.6,36.0,0.3211246826375852,19.87959157020449,0.2385727295838266,0.2397170777629029,0.0702494727337198,0.2132363346815833,20.227948453174253,0.1120304733690928,0.6125896915913337,0.4653614561316432,0.1690824988039942,-0.174221052849202,0.1928181228794289,0.4461048555019457,0.073851323304114,-0.2910822733478013,146.5769657560231,140.21488810117452,122.8177013945678,136.8333518755001,121.10877891151368,118.7665825031362,583.1864467042312,905.6225191984124,1362.177896467399,2634.7689535719464,3750.662027024253,2295.0541770666955,1063.3805843436799,1523.7147728811008,2588.9601804392705,1774.9996117115031,1580.028846514856,3096.781314284163,1988.239369067023,2842.028785066817,3426.1442561633417,P20
P20,2022-09-07,3.0,504.8,52.8,0.3853512917341549,16.471375326007628,0.2275714028397447,0.2670264780280167,0.0305981115105048,0.2199077400623418,21.36470679246637,0.1463704273241929,0.6011415070466497,0.5419370919344346,0.0717329514079442,-0.1982910902491786,0.2176019902781436,0.366328267357382,0.062327332269509,-0.2585737770909987,154.38334510734236,160.83539718598567,132.99913117669473,167.84231343168616,130.93347682674025,123.92935030035667,562.1849759420796,796.8726010256969,954.2185287252668,2141.1379179289183,3194.45591740033,2009.5659267723684,1411.9674363448983,1717.4209448332645,613.636894224675,2219.0912647232026,3271.5955863195936,658.5493694846192,1839.01767190627,2088.585795982833,1935.6342415260076,P20
P20,2023-05-25,3.0,1852.8,66.8,0.7018644572635746,8.405459740327702,0.3242240443592169,0.25944217548867,0.4647683986809953,0.4392333853965305,42.01124711834916,0.3881839191900674,0.511508482111531,0.6091417693529868,-0.0527432353063513,0.1737879544273053,0.4607786177800801,0.3303769441494223,0.1749484756053477,-0.1322049084674438,136.42541145359007,170.78063309465915,100.3429710407044,208.3770725523393,98.13027253339102,89.13682224827629,339.15062049981486,684.980711788974,521.1673789453649,3039.424596073591,2125.2996050140764,1098.114947557925,1106.0376273044208,1797.2942131528978,1901.5355431092974,1791.9231291795418,2061.9881628980684,1561.291198427803,1733.0807432396923,2520.5129168672383,2560.7200082232193,P20
P20,2023-06-26,3.0,3281.6,45.6,0.698354098276272,9.294193037162854,0.3536378934295545,0.2586652294186664,0.513236393939019,0.4538995004509792,43.18685752823303,0.3962130993835518,0.5409081970641049,0.5831135832187045,-0.0226113811188381,0.19523048053012,0.4624488177007049,0.344589123334003,0.1911152579362374,-0.1290264000559965,135.9528803473452,162.87407281739104,95.15908352131204,195.16896677485735,92.72163609120432,85.02925977459263,303.8228700055763,653.2083804386132,579.7163503665485,3251.5798412853665,2190.444388485256,1046.2616179952713,1303.6720112433325,3614.0385767853177,3452.5349667551445,3597.718842476628,3620.139224089322,3446.636466834291,3739.802614487141,3571.9728841462147,3954.471326177248,P20
P20,2023-07-25,3.0,4269.6,59.4,0.5775724773623706,11.834155526048631,0.3043219832110997,0.2556614947665594,0.3481938759446018,0.3762738670795884,35.7898151463788,0.3126960984849397,0.5546377460138302,0.5514176545087368,0.0207014643178821,0.0659398108502639,0.3804341215819109,0.3768597951268242,0.1503360786568748,-0.1844172903955775,140.1794827296476,158.70238637598013,105.78643100649695,181.09439601103008,103.59400799383332,96.64693668074752,426.7674852351454,761.7120122543853,805.061428748595,3023.523980540515,2687.1794600436087,1496.7155256303574,1322.2526126759458,2765.675683757289,1995.1745062825441,2246.7297994971204,2506.3647396987526,2399.402129540889,2510.368843043744,2351.286653178249,2557.060472718032,P20
P20,2023-08-24,3.0,563.2,43.0,0.5037326938289831,14.162127053685689,0.2725870515142937,0.2694395688084086,0.2367766926400135,0.3287836234670608,31.264778183241656,0.2585852355898731,0.5838911953516326,0.5312638436235213,0.0457294996494179,-0.0388427898027964,0.3260916077561209,0.4026334433963664,0.1257162240474358,-0.2281074816132993,143.382919212288,154.66122875175557,110.97013149598438,168.22646584037545,108.67599449244656,101.5730151269944,502.8422277055288,822.8067659330329,956.8176632613648,2897.7269380745106,3130.186716940795,1786.7098170300053,1200.223525525094,2243.817289685867,1704.3179720934188,2145.4188341599943,2378.304498668586,2220.144667670232,1743.3208036326066,2080.7498145195723,1699.8967493856055,P20
P20,2023-10-10,3.0,1181.6,57.2,0.7396628126327615,7.9864177442020035,0.3632712635683432,0.2922186165511534,0.5229533557619899,0.4925032945062978,46.7348553917638,0.4469135346165375,0.5609562427494283,0.6328618058765455,-0.0408178947585287,0.1953400906753128,0.5218546140466711,0.3601223831849043,0.2105880699723621,-0.1393419154813643,138.06718760595894,169.84796987853173,91.96112583914775,205.1489977678056,89.28327291811569,81.64752662595782,329.6515660914918,657.8210012886973,519.6644197133531,3473.561002288241,2333.9031040135737,1085.5784542055344,875.0148865430887,2722.951321173819,3001.0088522659867,3517.3337093942087,3153.161429619464,2938.099553714846,3087.0894836019843,3613.8694972781723,3489.7091723163617,P20
