id,year,Lat,long,date_median,forb_kg_ha,grass_kg_ha,litter_kg_ha,pasture,season,low,high,shape,radius_m,herb_kg_ha,NDVI,DFI,NDTI,SATVI,NDII7,SAVI,RDVI,MTVI1,NCI,NDCI,PSRI,NDWI,EVI,TCBI,TCGI,TCWI,BAI_126,BAI_136,BAI_146,BAI_236,BAI_246,BAI_346,BLUE,GREEN,RED,NIR1,SWIR1,SWIR2,Year,CPER_2022,OLS_2022,OLS,LASSO,PLS,PCR,SVR,RF,GBR,kfold
los1,2015,43.14323135,-116.7361871,2015-07-07,90.25,95.88,,los,peak production,,,circular,60,186.13,0.3129583311322183,15.51582007988617,0.1744661682345235,0.1612482714127082,0.0816358749955849,0.1844039078724123,17.799960104291873,0.116923657155289,0.4693423572723204,0.3954904076144135,0.0869659948741201,-0.0942408896966172,0.1807989621698542,0.3566406168961056,0.0513103205650986,-0.1957969541626847,145.69646594093837,152.40335601775442,132.62071448320864,160.4809927471668,132.11414649894672,126.24788647618408,638.9870508294009,926.4695877867184,1111.5594561589774,2124.0433215850985,2566.523334602768,1803.797028401057,2015,2170.1893001643957,278.57929604444837,362.05739523929617,245.35573590984592,212.05624170315494,197.97261057290768,300.5736002264605,362.10635000000025,224.71105738179105,2015.0
mbs1,2015,43.064119139,-116.7489159,2015-07-08,123.22,53.0,,mbs,peak production,,,circular,60,176.22,0.5925571864572541,9.843940381457084,0.239581972836663,0.201097908141567,0.333636060301015,0.3265639185284154,31.93436940672141,0.2524223038334114,0.5045329836254644,0.522233778876803,-0.012257267175939,0.1027398761715997,0.3286969069468518,0.2841920410270156,0.1142962032542471,-0.1298556889078607,146.55745913078923,167.63090644012686,116.23486153735962,189.57850423096136,113.64367425306426,103.88772150844686,368.9997793691664,620.1692897885679,591.2078476890374,2312.7656175910142,1881.6941415988208,1157.1174932394758,2015,2609.9896000733306,631.1937022406805,402.8911430268978,309.3453961270842,509.84564016402345,468.86967918065847,344.3318926262584,289.15774999999974,164.61390903319804,2015.0
wbs1,2015,43.168158005,-116.7130521,2015-07-01,56.38,141.53,,wbs,peak production,,,circular,60,197.91,0.2577374460222309,14.185585025480364,0.1390409340767998,0.1393840758442614,0.0214330451224471,0.1564741147582187,15.028323217373556,0.0879074807096838,0.4546574631574766,0.3648021802207208,0.1146569235790019,-0.1180184628842511,0.155061785527333,0.3826715328711779,0.0370632535380527,-0.2141847575533374,148.87865447403087,150.91598203271343,137.03816127744187,154.45999790142724,136.58398962561213,133.0338046909924,748.0936340803285,1019.3355968512026,1264.7932431938516,2141.174309437859,2714.933461522004,2058.0759276179147,2015,1664.0277593364779,175.62169176820052,208.80091617280146,223.00946785627985,193.71186075631488,179.63368455085677,321.16599483518826,188.93964999999986,138.46584289878749,2015.0
los1,2016,43.14323135,-116.7361871,2016-06-20,209.49,260.76,,los,peak production,,,circular,60,470.25,0.313765976472846,13.378136993429646,0.1466817241494944,0.1642248579366246,0.0403273761339204,0.186718254408152,17.994062010037954,0.1166761208758484,0.4873349576421603,0.4072197281867826,0.0954117755567878,-0.1069359584893783,0.1845950168694176,0.3674987397978833,0.0504668923128202,-0.2136079846740788,149.7478208675979,154.17969600951128,133.97172430238177,159.76000799257525,132.86552431853698,127.5081894052294,658.1886639962775,922.3558764326956,1127.3731484581845,2159.726032568079,2675.704205148122,1990.6827803290016,2016,1650.3847210321885,127.44928042461753,139.36699887340566,136.17443483527828,144.2510153135182,142.45116287989543,165.26529601052104,203.32860000000016,184.07404957419763,2016.0
los2,2016,43.127015833,-116.7368355,2016-06-22,203.33,323.16,,los,peak production,,,circular,60,526.49,0.3870768353401773,13.030240770489108,0.1726246940176547,0.1849064365086178,0.0922195246820654,0.2124872205855258,20.79627841461181,0.1418380045142239,0.5111959989559418,0.454608227949493,0.0612030664481977,-0.0816475445051346,0.2103638151218645,0.318943635473553,0.0611012447274717,-0.1859237091967141,152.57774905514125,160.74412933649305,132.79348249703028,169.40435024223825,130.92836140728303,123.36404808432832,537.7011420315371,764.0719316440063,886.5898382240209,2004.3037128122592,2361.652228958543,1665.9998165601078,2016,2290.235112636304,155.58973604521498,145.7117958643061,216.51282697900695,227.70248376591184,226.78666616681315,238.67319053621256,140.02439999999987,112.58894868657103,2016.0
los3,2016,43.128021228,-116.7388411,2016-06-23,269.66,291.8,,los,peak production,,,circular,60,561.46,0.3770303834596238,13.609874183122166,0.1768181053630515,0.1898416673961613,0.0962262016496265,0.2235313517211773,21.558105966315868,0.1480027213773677,0.5246182767261353,0.4457818212915451,0.0856001154461716,-0.0818346890175206,0.2204447487155589,0.3565176406098449,0.0691144765965233,-0.2072800448607487,151.43872590661525,155.888059636497,128.58758831978793,161.3392717391677,126.53063566569708,120.391313611656,579.4298388133585,824.6708840144771,1014.7050414036252,2248.3720548069223,2645.6952994270737,1850.0740919610332,2016,1887.3050123409216,217.53188654429346,245.54237466612,373.2650840434875,415.589820016855,412.50240708098835,306.02517789579133,189.77704999999995,156.20332656376257,2016.0
mbs1,2016,43.064119139,-116.7489159,2016-07-05,260.88,189.65,,mbs,peak production,,,circular,60,450.53,0.5846322231481005,9.35511917042026,0.2192832759594654,0.2087366060952107,0.285729058223075,0.3190028168671626,31.262109772729804,0.2438792176868093,0.5242548175476638,0.5365705925870425,-0.0084815074116427,0.0715540440119428,0.319366293862619,0.2858167461832728,0.1092850521656384,-0.1422253887330936,148.03022116947477,168.17135057459092,118.47621671215558,189.06561256334427,115.9008784263282,106.16193049418474,364.76541976163503,611.7600249772053,592.2897061012502,2264.80253903292,1959.8221500419995,1257.592953572093,2016,2341.118563406293,242.9157347149337,181.18205014338295,162.94971961222473,190.1863561940879,201.79912160983213,198.02358128643615,170.36784999999992,141.39293203540257,2016.0
mbs2,2016,43.072781143,-116.7701807,2016-07-06,240.03,207.75,,mbs,peak production,,,circular,60,447.78,0.637324167546548,8.91932017975732,0.2561532376436989,0.224156574989545,0.3655335322810403,0.3670501493672585,35.58282385156096,0.2943318922598028,0.5277525798649435,0.5604054889878136,-0.0197838505493552,0.1228715242184027,0.3693326131951117,0.299175064495611,0.1349680142968444,-0.1362804909304569,143.3943131286092,167.42414771344588,110.59143487697146,193.466824460528,108.10020298686196,98.82362280022993,329.5731643310375,614.086650617897,562.2302113870578,2550.0238762467247,1990.143913551408,1184.611304556849,2016,1984.6222601654429,176.20465151036746,159.16942767619375,138.20740986621195,141.23248365932864,152.11755271745824,161.1856092347393,168.77834999999982,141.39293203540257,2016.0
mbs3,2016,43.071059894,-116.769988,2016-07-06,229.36,229.42,,mbs,peak production,,,circular,60,458.78,0.6171838169819062,8.733850527946071,0.2275260023803139,0.2200309774990782,0.308044646891465,0.340215113304342,33.267697154084985,0.2640637326611938,0.5372474784300327,0.5607759931515935,-0.0157676360868246,0.0872122264681739,0.3398005515094059,0.2877268119731996,0.1190327140623229,-0.142921654448955,146.4080272334284,168.57755906801407,115.68008587514532,191.90309008656595,113.1320974663558,103.45117109471217,331.8125898349139,594.2163254344958,557.2914846771064,2351.0654951148917,1976.826114884945,1247.28034885762,2016,2127.3121552463685,200.34384646050887,173.75791384423997,143.13171912129252,161.88384002558948,171.15757858690077,192.23380966098418,183.48114999999996,141.39293203540257,2016.0
wbs1,2016,43.168158005,-116.7130521,2016-05-24,167.82,332.03,,wbs,peak production,,,circular,60,499.85,0.2848597738986643,12.415417865218268,0.1254353364634293,0.1284291896022506,0.039927041398321,0.159939546485162,15.599498976261438,0.0954507909039972,0.4421404251748244,0.3618038901069225,0.0971093400771396,-0.0859964415921948,0.1582962218760527,0.3292545313496798,0.03943514938258,-0.1798081943765629,151.15763793932308,155.6057309652988,139.14367802001112,160.91561822057375,138.53034047940142,133.67689719523392,636.0795548435004,874.1093513386919,1055.2667171138603,1914.3732446480517,2270.11901812172,1771.530163301239,2016,2392.0910435072706,155.51938156976848,74.5394538643407,126.92221811157198,74.90131757939602,75.783666825841,50.531201744308845,118.18534999999996,128.01203277293337,2016.0
wbs2,2016,43.170171842,-116.7223203,2016-06-09,163.01,252.91,,wbs,peak production,,,circular,60,415.92,0.2568429590347598,12.914431551316545,0.1225379813650476,0.139631775105372,0.0002533912038595,0.161688983842458,15.45141194126864,0.0878911006554312,0.4692290919419076,0.3675804853727562,0.1295077796964291,-0.1222576136999446,0.1582660068375385,0.4072277164645622,0.0397444484066666,-0.2351759830089958,148.08803943239135,148.57063439779148,135.4378655530398,150.88072712574302,134.92481495786078,132.1515671801792,754.93383540222,1049.487480809295,1345.1992741434224,2275.9085825847783,2909.27056984114,2271.4892107482574,2016,1217.2529267804944,112.17580458782838,98.62026119711925,121.60781386221083,122.18069391246082,120.08195179321864,196.76501152144417,181.72769999999988,151.26973073451845,2016.0
wbs3,2016,43.17160272,-116.7223271,2016-06-14,178.16,241.01,,wbs,peak production,,,circular,60,419.17,0.2353762779792558,12.506893320918469,0.1123698932640581,0.1285568773423321,-0.0186930493142431,0.141706301762935,13.629184618026176,0.0684344988887653,0.4611167332407187,0.3552359131363571,0.1395615005744139,-0.1307463649815382,0.1371986523985943,0.3801596193392026,0.0305317780683031,-0.2202804541363228,149.15255138059882,149.08759644705782,139.50217780047993,150.87861953079695,139.37975158165807,137.68322565148063,717.7929323184271,994.9790333879628,1284.973513429293,2074.3737757571603,2702.23770298641,2155.199319770624,2016,1553.7585128750402,109.42551123204709,66.47960587541921,101.42967565965506,88.79981506074266,88.50376215476174,160.7274143729687,136.75715,120.73263526484897,2016.0
los1,2017,43.14323135,-116.7361871,2017-08-14,214.05,194.05,433.36,los,peak production,,,circular,60,408.1,0.2408147516007018,16.884579190083315,0.1601108966789446,0.1632569290648715,-0.0128118323421409,0.1400520531003562,13.551279646839184,0.0648201268742688,0.5059152126963178,0.3968438179356932,0.1469412142415506,-0.172548391952321,0.1338443047581179,0.3639028697070222,0.0312192920676481,-0.2233814188605271,150.9839439445824,149.6595318937577,140.24679197410458,150.39678571137387,139.83058448312298,138.35098445996286,657.5443569480619,913.1040938555944,1201.6763824003613,1964.436131617393,2783.273908648843,2014.503329827063,2017,1974.2764822127801,136.09594160978122,298.6938402158906,176.90295024722906,75.17149981159571,73.83153579934813,183.97095538634736,177.10194999999982,127.72109198570186,2017.0
los2,2017,43.127015833,-116.7368355,2017-07-10,155.67,215.99,387.91,los,peak production,,,circular,60,371.66,0.3792420539750533,14.364434292844386,0.1896698655291945,0.1870938191188615,0.1201579763897912,0.224330764135846,21.641223760357903,0.1515577635669282,0.5090509435299001,0.4387961397333314,0.0755663923393575,-0.0710713660566566,0.2206862575649957,0.3530655873452212,0.0699999659696958,-0.1980174816742278,147.97746706014408,155.03322746236867,127.50872557800764,163.28259512302805,125.87702506374596,119.1987460179066,573.2003588644272,842.1067536294336,1010.994588057178,2246.4408779020137,2589.709183452132,1763.8853001316309,2017,2075.607049392118,213.8818301349212,231.13246517074413,188.04797525135209,106.99385245475156,105.72494789567999,184.19092801186082,189.78699999999998,130.90890207881924,2017.0
los3,2017,43.128021228,-116.7388411,2017-07-06,306.01,324.42,383.56,los,peak production,,,circular,60,630.4300000000001,0.391936742467919,14.281412177027349,0.1949490183174449,0.184064622998274,0.1540855563007986,0.2430347166409285,23.26793593577269,0.1673299813298323,0.5082572396760433,0.4276734764922552,0.0833748315048515,-0.0419611821373293,0.2389298097445986,0.3731225390781528,0.0820035515699923,-0.1996591351897828,146.42394347848585,152.07191999011786,122.56341958910546,159.22552266211378,120.7108024283394,114.6157486634842,585.4656712305099,870.0301243080729,1072.9308435534915,2454.753715304309,2668.96946937055,1798.1287898190458,2017,1888.082309628528,222.51520469950415,330.83578140856395,206.99405038591908,109.87504792743661,108.92686734336634,207.74251029949687,191.17859999999996,129.39820295695174,2017.0
los4,2017,43.124853241,-116.7540157,2017-07-18,165.44,316.66,490.54,los,peak production,,,circular,60,482.1,0.2869149112022287,15.426168997716193,0.1620588681553672,0.1581220451231486,0.0490238955115214,0.1741425923220186,16.72814101263606,0.0892801951578933,0.5135469958615286,0.3881390114316964,0.1504090305651656,-0.1138674131883984,0.1616377410713378,0.3726508467255922,0.0509417889004584,-0.2161524288742012,146.3337218310487,145.22571547039814,131.68883830752264,146.40418563278826,130.97064867038193,128.67558240896716,582.2141389635206,882.9068330872113,1211.3701737405552,2187.206814711492,2749.33677124933,1983.1538594423428,2017,2056.840960065427,282.0401185428686,300.4165685288201,204.30451935962793,84.48231287854478,83.53448457816846,190.70730241187587,204.12259999999984,160.179032128298,2017.0
los5,2017,43.127137719,-116.7549636,2017-07-18,134.35,218.91,303.75,los,peak production,,,circular,60,353.26,0.2771737655886783,15.565860337566768,0.1595950136613516,0.1637265444501006,0.025413214717962,0.1673113824646326,16.085512331529877,0.0852330575989807,0.5155410335641073,0.397028053213252,0.1468546189823844,-0.1347089772641055,0.1572621889751549,0.3759399324516878,0.0458614280157464,-0.2245414011045067,148.00506445542862,146.93167473942506,133.94553160170622,147.989872883822,133.2047252993506,130.8886688064427,614.6278876542518,901.6281427348192,1217.3112846941908,2151.197588476431,2819.3442416556795,2043.9662831843325,2017,1852.659125413738,204.58467016053015,299.85705422679854,178.46714913599885,81.38115707268899,80.54869329611084,182.6272413338676,191.2711999999999,162.48951541957354,2017.0
mbs1,2017,43.064119139,-116.7489159,2017-08-08,236.97,208.74,947.57,mbs,peak production,,,circular,60,445.71,0.5104486674373011,11.461340730745098,0.2158359509937103,0.2144781472869866,0.2033704583520298,0.2768930109699804,27.171621987452014,0.1981167734375284,0.5562081437290859,0.5204926570586772,0.0317423747384193,-0.0126954587304469,0.2680084886434525,0.2953539562093785,0.0916596536330893,-0.1658848653917403,148.64658230580292,162.2137947116999,123.49138690586489,176.82208610266437,121.29404065622808,112.638746183338,372.2545786237224,624.4830606609744,690.6766012648305,2138.197196901845,2188.013342486761,1412.1743881251405,2017,2711.4246248522654,321.96285381023847,206.92608078670608,215.33528993492865,149.47201261979734,147.16950999066512,190.21902879726466,161.7718999999998,132.8374318285581,2017.0
mbs2,2017,43.072781143,-116.7701807,2017-08-02,208.93,191.51,425.69,mbs,peak production,,,circular,60,400.44,0.5609250692517299,11.061955917477626,0.2465951808727829,0.2303995470601777,0.2720181652328126,0.317338923399332,30.871939661845456,0.2407780271549786,0.5559752183569439,0.5425635540875055,0.0114594433920688,0.0281137774794518,0.3100039842051665,0.3067988291624351,0.1117722694316432,-0.1623192009466745,144.69586252539807,162.48796272641437,116.90485939525034,182.41279469582489,114.7303213337736,105.81521283990264,352.2141374467289,636.290780725189,662.6274196791663,2363.22841156666,2232.3547816600208,1351.7533009842389,2017,2340.9123359085606,277.4802535692847,195.92568352912633,227.81381515602905,172.2112755451107,170.42379951973012,194.3530069086269,158.15559999999982,127.47804738759697,2017.0
mbs3,2017,43.071059894,-116.769988,2017-08-02,255.01,212.2,604.21,mbs,peak production,,,circular,60,467.21,0.5605871425243207,10.48171035611085,0.2292437251625238,0.2257015579346684,0.2493399582032955,0.3083771517392957,30.17328217525365,0.2303029050871064,0.5594518896681768,0.5463917845421955,0.011362316684013,0.0219235504182624,0.3004240938114874,0.2960705558814075,0.1058401024405664,-0.1610100419474105,146.36973705318823,163.86611986808663,119.2735715353274,182.99952511251493,117.04861754342856,107.94952942768596,340.3410478256329,610.6064405155736,635.102578525902,2260.965791141997,2163.0878816112454,1357.7244702094722,2017,2397.437928673466,279.92905801901384,219.06009884738927,199.40664638351907,169.0466855408979,167.30723963526225,177.8151470523425,175.60384999999977,132.40926318288757,2017.0
mbs4,2017,43.073200952,-116.761991,2017-08-07,300.28,202.35,633.26,mbs,peak production,,,circular,60,502.63,0.4934794656397655,11.545725801152187,0.2055679032772941,0.212173028743314,0.1875946451207083,0.2752945105359057,26.855903662008444,0.1959746242820325,0.5558977743213916,0.5080366689444858,0.043107116048428,-0.0182074214740269,0.2666170753406179,0.309717124270061,0.0919195675488313,-0.1750573799584037,148.94720946068443,160.57083729680517,123.03313826312986,173.2032187622955,120.78300722128506,112.63656003688448,398.7724084438994,653.497193696068,747.3426343063826,2209.9434191483388,2288.6125275326463,1508.705014292622,2017,2490.317041287363,282.04395769314857,187.06785505997993,200.56192339241463,142.41132283122366,140.62775594807044,189.54046752835794,150.20294999999984,128.2894243060723,2017.0
mbs5,2017,43.07346037,-116.7602584,2017-08-09,244.02,175.74,523.61,mbs,peak production,,,circular,60,419.76,0.4799114310889793,12.392105473996114,0.2146593859970379,0.2061249838966485,0.1949780925836748,0.2651263122789151,25.916055412710588,0.1853896936312863,0.5498000025660092,0.4955915549784102,0.0489352568921031,-0.0202960869319338,0.2556239630523472,0.3042791042829103,0.0881189363674953,-0.1688836798718441,148.97141643239075,159.5349168333358,123.83018277078918,171.06967653817406,121.60944794611818,113.58534891555074,401.3351423225889,651.5537632041866,755.9813200105524,2156.5396012124925,2241.712998660101,1449.837653065394,2017,2940.3913083555244,402.4535082989346,189.5562236515369,248.16756033062967,139.79735277946057,137.21590590294636,212.95756505725197,154.2801499999998,127.83908352713928,2017.0
wbs1,2017,43.168158005,-116.7130521,2017-06-07,116.35,134.72,416.63,wbs,peak production,,,circular,60,251.07,0.3101034323141091,12.716178214402964,0.1390351365747895,0.1520978557132853,0.0484829434580869,0.1869614261363688,17.98450960295713,0.1132758269341139,0.4818617298934878,0.3904098201936035,0.106846386750619,-0.0911054439852766,0.1837365432382562,0.3746963928652239,0.0517254820044988,-0.2127165386449728,150.0733075511383,152.35869578367527,132.87839819285043,155.9496256289489,131.55079657633885,126.79192007080816,671.3321952602195,934.5757693149716,1172.7151612114376,2217.337189475068,2668.503789065856,2026.8885672792169,2017,1667.8520827755099,149.87386147945443,114.88250775024518,110.70566455840635,86.40807012047824,86.4323845061604,126.19999961720103,154.20245,109.76832591090403,2017.0
wbs2,2017,43.170171842,-116.7223203,2017-06-08,148.44,145.64,255.92,wbs,peak production,,,circular,60,294.08,0.2996268376749071,12.086025096230536,0.1269703789110859,0.1505890480213995,0.0223446429786284,0.177132814046969,17.093606397004095,0.103544580172872,0.4856734880204966,0.3922083900709677,0.1116071313140508,-0.1049426373174909,0.1735807946101097,0.3648366583789302,0.0463821745425232,-0.2126735181530026,151.7890777319697,153.39194455612426,135.5358742633248,156.26116671539134,134.23282860525268,129.79138093212993,657.5020972724913,907.5336423964372,1145.0209508398016,2121.3584528539477,2619.5057340510266,2032.0076615857372,2017,1681.4809086787152,122.46605562655333,84.09734483037167,99.95399511079214,84.35855419038377,84.40838781950106,109.6523028549772,129.80644999999996,97.20589336254896,2017.0
wbs3,2017,43.17160272,-116.7223271,2017-06-08,138.29,171.85,343.85,wbs,peak production,,,circular,60,310.14,0.2854982985887541,12.068206685409123,0.1224985785762109,0.1409255385110344,0.0182841158034164,0.1665300017525555,16.109650483846718,0.093262654756511,0.4755384245351505,0.3786368941638918,0.1175550936754246,-0.1044619148678206,0.161868112497429,0.3567811542354737,0.0421056038271882,-0.2052535274506649,151.07862293789762,152.52925853372685,136.8994351342144,155.31784453779358,135.9204125019414,131.98457582429936,648.3258584096842,901.7490702592444,1144.1623929842792,2054.4341506343944,2534.6731842550985,1984.773997146462,2017,1868.70276882131,134.7570675378097,78.04105149011757,103.73371496762374,82.66890514072864,82.57978182860464,100.70743499050005,101.16745000000004,90.81610634714824,2017.0
wbs4,2017,43.170576769,-116.7170546,2017-06-08,122.75,163.51,416.61,wbs,peak production,,,circular,60,286.26,0.2857047778124448,12.391355131513182,0.1269280793714668,0.141628985217954,0.0259005385087772,0.1721376214554144,16.565597910612844,0.0983257708459826,0.4735915229152763,0.376299978341494,0.1178511139641676,-0.1013595701865865,0.167986900914536,0.3783043056573956,0.0447896374899592,-0.2156927405302141,149.4259878461861,150.9490507328414,134.8867937724327,153.94374196946475,133.97543600216588,130.09635607913248,687.5817448325704,960.072286770148,1218.6924518074552,2181.682150361641,2679.972014039378,2086.145719403719,2017,1605.1047804622422,135.84248624101346,89.46236808725867,99.46737095011933,80.98732269836268,81.27507762980042,103.34999766847548,120.93319999999994,101.20365211241152,2017.0
wbs5,2017,43.172316258,-116.7162871,2017-06-07,119.75,158.27,371.87,wbs,peak production,,,circular,60,278.02,0.2851018509533366,12.420347773700431,0.1269019133322142,0.1457469608664788,0.0176824259011594,0.1711557954416487,16.479287787181114,0.096726836919734,0.4814518505216985,0.3827398895079788,0.1202678330407618,-0.1094832251828447,0.1668347762304106,0.3767743169685817,0.0441078990496537,-0.2187550232284466,150.31175918739382,151.34975476658704,135.4773491879134,153.87771661559515,134.47136465618473,130.70574201429758,680.1480662213087,946.4649864446616,1207.687116721342,2162.3919031303435,2698.913864909554,2099.663621933866,2017,1583.2967951919652,126.60698998418577,90.8231246556868,99.0578371369882,80.73745656222455,80.9728049394294,107.22735955247268,117.24099999999993,98.42763514517763,2017.0
los1,2018,43.14323135,-116.7361871,2018-06-27,135.43,55.25,298.72,los,peak production,,,circular,60,190.68,0.3613140181706147,12.856845899315358,0.1627948640906463,0.1694361130675539,0.0947378683460993,0.2120028198387279,20.48830814144339,0.1444410127484788,0.481880514525541,0.4210548133887276,0.0680831244352265,-0.0682031221228402,0.209756812940855,0.3533111307451765,0.0622983868808173,-0.1965419726459556,147.17489387222338,156.02348565607605,130.3877897741003,166.2293685975467,129.31682848791954,122.49280349386508,606.1787268994943,885.0195264268199,1033.2669079580317,2196.9308264812803,2522.843168776651,1828.5151588935328,2018,1858.9323140441502,167.84947870905043,150.20868604514922,136.71537797549416,118.77751597758072,117.0568462188149,133.02212932334658,145.3363499999998,139.8957528354399,2018.0
los2,2018,43.127015833,-116.7368355,2018-06-26,55.72,96.18,147.02,los,peak production,,,circular,60,151.9,0.4199333577120518,12.535850224933,0.1822765888962076,0.1962365321880573,0.1260489610091311,0.242207570148372,23.480402264529594,0.1759322472214753,0.5046307408935848,0.4662886137855656,0.039048938865948,-0.0574115423311145,0.2440704692121725,0.3403744567440652,0.0746054205625168,-0.1923834605991709,148.98353815891775,161.3080686333942,127.65912902681944,174.67202144291346,125.86890468632603,117.43899694750118,561.8209414125203,819.8735189443606,905.9661201700897,2220.9848216470964,2485.280873858688,1720.088250325659,2018,1779.0668273473557,118.67833667772847,167.8902509963043,121.14173507564226,121.88565592488649,123.4512273161138,118.09449929752833,137.11114999999967,116.18656365052624,2018.0
los3,2018,43.128021228,-116.7388411,2018-06-26,58.59,97.97,133.25,los,peak production,,,circular,60,156.56,0.4389374398501275,12.361019458044812,0.1903022729726776,0.1994766258063101,0.1594106760392674,0.264630751594899,25.45723385713512,0.1966318878169326,0.5096557993778263,0.4645880350372071,0.0439088618244658,-0.0314748645407822,0.2654538060779344,0.3575487882016554,0.0878797196142145,-0.195413831156808,146.79682659708666,158.6437813377219,122.64665841070394,171.98762051479622,120.73437713688124,112.7985582000755,555.6502638790719,835.8131220556917,940.5739698490784,2419.564109242835,2569.6423595850447,1750.0492738167247,2018,1651.5405578140796,148.72667672688857,198.43725916199776,142.57544473685022,129.7992747475029,137.71768530109267,166.63137301894366,203.95810000000026,124.92275340109155,2018.0
los4,2018,43.124853241,-116.7540157,2018-06-25,49.15,92.58,94.29,los,peak production,,,circular,60,141.73,0.3923692504415898,11.553927641419907,0.153720511690009,0.1759021068533747,0.1019632594185099,0.229901610022421,22.21715084515711,0.1583799011226948,0.5000000861692356,0.4362396538561137,0.0663769153502408,-0.0523660887755391,0.2252756570795861,0.3466017289339647,0.0707786996307868,-0.1954891160758478,147.57756476836653,156.5254427940484,128.12925723050435,166.71187413199402,126.68697120132646,119.5588354757558,547.1568268187141,825.9615994824642,972.6462320776236,2231.415008518871,2476.2019487037223,1818.8783881475008,2018,1814.065506981196,166.0751447179622,117.41930024835416,111.18852540344803,107.44365595774586,108.22701977139606,149.66952524978828,113.12109999999983,113.17580181844804,2018.0
los5,2018,43.127137719,-116.7549636,2018-06-25,18.02,74.52,192.83,los,peak production,,,circular,60,92.54,0.3753358195813162,11.718410611176656,0.1491127384395508,0.1773973805026682,0.0746558559089805,0.217817018914013,21.08562964806854,0.1465809943713163,0.5046652251192025,0.4384828697566389,0.0716240922267417,-0.0751659222071325,0.2143023527946669,0.3470002726473223,0.0641168504841509,-0.2021496621354029,149.53222187931576,157.33456473095885,130.6995700080271,166.09899284922483,129.2070418641717,122.30364318649106,567.095565962168,830.7737686897692,985.16214120857,2170.339783460301,2521.9594902108856,1869.967816308696,2018,1749.2900671309446,129.42955066603324,114.17837442877115,109.53630136311466,114.49082132511901,117.00867267732662,154.17308482662887,113.88169999999977,108.80673616518438,2018.0
mbs1,2018,43.064119139,-116.7489159,2018-07-19,70.78,82.48,481.94,mbs,peak production,,,circular,60,153.26,0.5135809356432058,10.503605640695236,0.1964827096977131,0.2136015648847638,0.1956135584855889,0.2903349020120905,28.247253942373685,0.2193632909572944,0.5289481391023921,0.5147123359561417,0.0129288806620689,-0.0004254312698436,0.2885919781796822,0.3169486793567967,0.0964013319378488,-0.1748716190311339,146.8676485353596,164.1231206544034,121.84264276818872,183.08976834775524,119.7985857725198,110.62239763091632,432.0212548580075,704.8700721822543,733.7180588160863,2288.326231539505,2287.9529317426645,1538.642788075773,2018,1850.943994914434,134.87563555909765,160.8404297538484,109.96415745613692,92.39189820542126,92.29038617657297,102.44553563459189,138.75529999999983,117.88348857889852,2018.0
mbs2,2018,43.072781143,-116.7701807,2018-07-18,63.04,145.92,350.58,mbs,peak production,,,circular,60,208.96,0.529078900501989,11.518036102013411,0.2313813325911785,0.2297320649475367,0.2279318867571284,0.3018219917892442,29.334598749764297,0.2288912385714541,0.5519503631479564,0.5318002548530287,0.0170973192582265,-0.0034675324902562,0.2979042006796614,0.3213762172523758,0.1039981223778894,-0.1779511773640082,146.0608179214134,162.57448108399186,119.33698891072912,181.02796211815144,117.20665052841608,108.38241289243074,407.3682076022969,686.8434942045685,727.3870697770279,2360.831766726736,2379.6580391805624,1495.353958999972,2018,2021.9005856916522,211.10907443364783,233.05825796748132,247.1138385083736,187.85310725036686,216.79007031001012,237.77971286232,201.52474999999987,118.27908130787368,2018.0
mbs3,2018,43.071059894,-116.769988,2018-07-18,66.49,60.69,477.7,mbs,peak production,,,circular,60,127.18,0.5219651426309275,10.308345592016169,0.1963474460328327,0.2272858280433091,0.1795466445674126,0.2952757056953537,28.72152077710059,0.2228228739095378,0.5496644856453423,0.5344702152490826,0.0132315704965628,-0.017359779979549,0.293487912868307,0.3215963523147942,0.0976760726957983,-0.1861095125411054,147.9049227334752,164.93622930183776,121.84401453401736,183.4664249234803,119.65588153985988,110.50491282729502,424.9436867828399,694.064231415756,724.983042273429,2305.85948951881,2389.7939054864446,1605.3384236082509,2018,1682.1527157917576,97.71152357415409,163.6485895513563,103.4053355666539,80.60093848859081,83.06042046526207,106.46504975988645,129.4391999999999,118.05890115365179,2018.0
mbs4,2018,43.073200952,-116.761991,2018-07-18,112.7,101.43,328.35,mbs,peak production,,,circular,60,214.13,0.4793747922060704,11.027931030292342,0.185194481169778,0.2179300172921049,0.1516658866374927,0.281123435548531,27.17241071973706,0.210471017917273,0.5404322774604303,0.5058713402612338,0.0317453617224902,-0.0344043938676775,0.2799387423382838,0.3429592713074793,0.0931754509796686,-0.1989032723939277,148.16875732516513,161.97685111973715,122.7148458138005,177.23567702914426,120.64897332263128,112.24323353364494,482.1532538123543,755.8002366112477,831.1229842298796,2374.326918575572,2536.5536184862867,1746.3929399914684,2018,1547.2464189118218,95.4621278367808,150.2477202233119,101.98389840456619,76.83180911115586,84.97570709132553,128.44710924965605,152.58979999999988,118.87722557789287,2018.0
mbs5,2018,43.07346037,-116.7602584,2018-07-18,80.69,96.88,440.98,mbs,peak production,,,circular,60,177.57,0.50074359218297,11.089196679394853,0.2000490556388705,0.2143695964746745,0.1968369368439626,0.2922997728878721,28.26370572817868,0.2215819035301525,0.5285685738790832,0.5033108470581998,0.0222639604456938,-0.0031276465407437,0.2903055740695392,0.3331431661419233,0.0991503126139861,-0.1824067483743497,145.73458487543607,161.67476145028064,120.21315311857757,179.6303575689272,118.20556845998424,109.48564437502604,455.1370595843033,741.0787147368972,793.6780181447565,2389.4238157959967,2404.003434406865,1602.6921744603092,2018,1760.4764304941664,140.64477897657216,165.65653818470412,114.00730135419491,91.69412478681879,97.339401225795,132.82021101650193,158.7645499999998,118.18000857889854,2018.0
wbs1,2018,43.168158005,-116.7130521,2018-06-11,20.04,82.39,456.43,wbs,peak production,,,circular,60,102.43,0.2524713223603347,11.816967005426832,0.1096989022624676,0.1515375609158465,-0.0459968610619141,0.1548476545365213,14.848726272510016,0.0870358688467198,0.4784818998909402,0.3919937029529892,0.1148682125969403,-0.1549053042423007,0.154251077202045,0.4015795902122027,0.0321303834675422,-0.2478615359447749,150.7492529631042,153.1137665897941,140.01025771201267,156.7565608878349,139.62697220263323,136.13111766684773,768.0716793455033,1042.9741446442597,1291.33144659466,2164.800946254261,2955.486765865032,2369.8325171036013,2018,1050.3924125346725,42.307214919786524,48.81395838267775,32.936322703321544,45.83320659630475,47.58663544119505,23.99211701995486,47.20434999999995,70.04606972201444,2018.0
wbs2,2018,43.170171842,-116.7223203,2018-06-06,30.63,51.87,406.94,wbs,peak production,,,circular,60,82.5,0.2812217297231323,11.84702564194292,0.1202203730858086,0.1501358025925632,-0.0087132609927013,0.1614378074427137,15.662541330003023,0.0919697966494405,0.4822594914169823,0.3958925074176765,0.1082077826964778,-0.1287999494442327,0.1577834884362456,0.3564530154157585,0.0373621487666531,-0.214798139289706,151.4483434544926,154.635922044054,139.46056366271662,158.9076061895828,138.80238354996598,134.49378510447104,654.691718539827,908.8893686951792,1125.567634686677,1998.981566243025,2596.6816650450346,2050.70866615429,2018,1647.1089812144246,82.49549278313734,68.93331171545478,93.1210408592635,91.42479897977498,97.88326629462179,130.3803424887611,79.64310000000003,73.66416828979143,2018.0
wbs3,2018,43.17160272,-116.7223271,2018-06-07,33.57,38.53,608.64,wbs,peak production,,,circular,60,72.1,0.2680749334525236,11.904297042212828,0.116854197229306,0.1396527220223624,-0.0069982448904913,0.1536468062706041,14.912754003783885,0.0836789901960686,0.4718729883494206,0.3793893986079941,0.11681004869799,-0.123772847711402,0.1492323762787874,0.3535676569234012,0.0349069506322142,-0.2083710360999754,150.7586393657296,153.18759690963074,139.89327631696426,156.84989565408983,139.45423319867194,135.82189136818917,655.2983957733275,912.9540822617294,1143.6005556309246,1974.571667031363,2536.762347391492,2016.4207610714896,2018,1793.7886947681866,109.18308720858938,66.82125037476635,118.19474936870978,103.61111562211357,108.99119988613185,150.73180124163375,68.50009999999997,71.12554696630808,2018.0
wbs4,2018,43.170576769,-116.7170546,2018-06-11,46.58,61.23,495.28,wbs,peak production,,,circular,60,107.81,0.24727217545674,12.084497852042633,0.1133046682493364,0.1365005531104428,-0.0242377140583937,0.1479277338578459,14.263290330379409,0.07813263940902,0.4674202782589562,0.3721020635596543,0.1245557950522632,-0.1371887242364415,0.1447514502048012,0.3884344008058883,0.0311875995380954,-0.2309314601312981,149.26417544610396,151.0226147385966,139.806041463606,154.25570843758518,139.73203362209873,136.95797894377478,737.3101873404528,1019.651445817686,1282.6292289047656,2110.109600922852,2794.3703412276027,2244.2069608247075,2018,1346.2032384906922,83.5405930860087,56.90331019525884,84.8584625273056,75.29258758629088,74.43650973713441,94.87029229520678,60.071599999999954,72.06098980579274,2018.0
wbs5,2018,43.172316258,-116.7162871,2018-06-11,22.54,42.75,443.95,wbs,peak production,,,circular,60,65.28999999999999,0.2465180294921134,11.98598062946199,0.1118665851831307,0.1420909065059662,-0.0346642430666827,0.1489596666607695,14.324895514332352,0.0791852323155584,0.4732289557184991,0.3790629286598299,0.1241826441608317,-0.1460256912169436,0.1460493860224332,0.3914962322642878,0.0310330728934619,-0.2368652673109502,149.68094134482493,151.42818635217714,140.0599165683214,154.6237221418639,139.93022287986162,137.11597627973308,739.8819681959974,1020.5706675750872,1282.8128710602243,2116.8060381382797,2845.796488720944,2286.3228546132773,2018,1245.8831490889554,66.6398900834611,54.387324443650826,61.53359280769071,61.72193667965153,63.419540747257074,78.9779574879469,48.73950000000001,69.27006995194675,2018.0
los1,2019,43.14323135,-116.7361871,2019-06-24,22.77,32.87,159.44,los,peak production,,,circular,60,55.64,0.3991511963391639,12.124920162811366,0.1648762388154038,0.1754557078960448,0.1296017655207519,0.2397187922407902,23.0647048743434,0.1746593187504358,0.4752123008805842,0.4295134636264662,0.0477871020738828,-0.0358228566859654,0.2411614576289709,0.3590518052145947,0.0750544192813104,-0.1926062279745015,145.91207292378743,157.72991209958616,126.00123541862898,171.2471049558095,124.57658276690432,116.7079786202058,604.8631718147772,893.0658454156306,1003.959778748909,2337.0068089602096,2511.2186271256105,1801.3028124245504,2019,1638.697900975512,155.69744340021143,200.38656024813437,88.20113814437318,98.74293944017766,93.00340237284172,85.39910383993879,161.3159,156.61918153752478,2019.0
los2,2019,43.127015833,-116.7368355,2019-06-24,43.96,80.5,142.76,los,peak production,,,circular,60,124.46,0.4177987758018873,13.007360469882896,0.1885060147750542,0.2004523195397047,0.1295576572239505,0.2452619123426162,23.697980684488478,0.1791747157864652,0.5066366200395098,0.4664163788575061,0.041071810392108,-0.0603697305240723,0.2472319587112224,0.3503748119842496,0.0765920204099569,-0.1981414925861629,148.12568436022136,160.28375355618996,126.55068013394111,173.70646889031423,124.78442866894622,116.49555094895176,575.0565411126619,842.6795868146164,936.4603173172123,2282.324968323256,2573.105175517592,1756.2153532937723,2019,1693.0052554610554,140.59372455652763,224.759878894499,128.28728211905786,144.19694569080585,145.64493084267716,148.17897779807367,234.73290000000023,224.28730971317086,2019.0
los3,2019,43.128021228,-116.7388411,2019-06-24,53.23,64.67,121.92,los,peak production,,,circular,60,117.9,0.4473550230208873,12.250659789738007,0.1917922566382603,0.2054284679106837,0.1613641666181524,0.2715280561638066,26.08885232125367,0.2025489016320371,0.5177978992907084,0.4720788233923265,0.0434924602935324,-0.0313559177947339,0.2726205664441972,0.3618503979384662,0.0911720594941987,-0.1995204575141464,147.32081038323375,158.89080069959653,121.68406443174824,171.86951707047527,119.59138621113026,111.66253255061878,554.4040954068454,831.9423175655362,939.7157055854632,2463.059803940642,2617.979857424039,1772.9878870268833,2019,1567.7682728755717,167.33235124321092,298.3464462242647,175.58231944447544,182.11582616222472,187.54400334643398,217.21825513701674,215.34039999999976,191.35484219193242,2019.0
los4,2019,43.124853241,-116.7540157,2019-06-25,41.46,83.36,157.73,los,peak production,,,circular,60,124.82,0.3921993586165146,11.776724575883094,0.1561855919600085,0.1754849594119726,0.1066143172097601,0.2300089912587037,22.21852024961102,0.1589029847183971,0.4964096058621436,0.4342290140703797,0.064690522559782,-0.0503372298367164,0.2265086089131285,0.346341539864915,0.0707432260710207,-0.193552211489007,147.93784473383786,156.87600694179204,128.0191557406872,167.0251314339681,126.47124693646244,119.24616519983972,557.4402260903713,830.5032037971457,973.4489059773722,2231.7996994392647,2466.551702127105,1800.464583002803,2019,1845.69525090827,193.88514059679702,155.35507195489149,134.45511650285349,148.3917751327614,143.95982099947943,160.90395196615827,142.57409999999982,141.39961347035384,2019.0
los5,2019,43.127137719,-116.7549636,2019-06-25,36.55,71.12,152.95,los,peak production,,,circular,60,107.67,0.3702632408231683,11.905872455365294,0.1487806258847522,0.1787257741293547,0.068266217259461,0.2158991715204043,20.877775774003016,0.1449553689551123,0.5048738518013506,0.4385929257206865,0.0727109082904405,-0.0812918164220323,0.2129384254121424,0.3510397707856508,0.0629350361235678,-0.2057653736001142,149.80234894243316,157.31468408825717,130.9922151968336,165.85989782300987,129.47081896455842,122.63232733871386,581.1557157453501,843.509099237081,1000.7917556958728,2177.815806825621,2562.3800243364803,1898.9473361669504,2019,1680.4891658388422,130.78842067873086,120.91607535444906,111.5994668259981,129.73670268404967,129.0948419083677,142.67741472487228,108.55480000000014,107.75909660604368,2019.0
mbs1,2019,43.064119139,-116.7489159,2019-07-15,99.56,55.89,1198.52,mbs,peak production,,,circular,60,155.45,0.5201943261666825,9.83657522259974,0.1859889300039856,0.2283026880838693,0.1472386189606562,0.281181002393797,27.61569958796254,0.2064876179947843,0.5651281319354174,0.5492386534140387,0.0148649781789157,-0.0395111140109898,0.2784942690612285,0.3049863168643149,0.0890554886146459,-0.1860123397470064,151.38674920360933,167.27478216014018,125.77349338183336,183.7685861990242,123.40943907254524,114.10243665989888,405.7044021488359,645.8968487477539,677.1453705167287,2144.939727396899,2321.659496024228,1596.4499472203947,2019,1773.873722554464,87.78888182427569,133.3179616253535,161.51156766817314,133.4262885664158,125.65604748590053,203.3123913941779,299.5007499999997,312.48702196271944,2019.0
mbs2,2019,43.072781143,-116.7701807,2019-07-15,49.03,45.23,911.02,mbs,peak production,,,circular,60,94.26,0.5949845156896798,9.558802423489402,0.2330351502125838,0.2372469903457042,0.2709311387964056,0.3335129705439044,32.503480596531176,0.2582632938457573,0.5595566028010163,0.568560793073843,-0.0061863154327317,0.0408265920272767,0.3320953620901297,0.3031075373329994,0.1163323963608047,-0.1625383540951854,146.52651804116252,167.17393330572577,116.50934942020032,189.34561708009448,114.0441135604402,104.66357512871842,351.2653498089793,619.8950712447787,604.5457515282919,2381.412417986524,2194.321026716099,1367.493098931999,2019,1918.6848291430083,190.47786265411074,182.5739280632943,320.4118357968693,188.69670592656993,186.89019603343303,279.62154520886156,335.83945000000006,345.604311192857,2019.0
mbs3,2019,43.071059894,-116.769988,2019-07-15,51.91,73.72,515.89,mbs,peak production,,,circular,60,125.63,0.590322814087124,8.945304227921543,0.2106724869301081,0.2341075293616409,0.2342165542442999,0.3213351478102131,31.510654506239213,0.2451958483676729,0.5638385183445322,0.5740235800276924,-0.0076379712561811,0.0249707193168614,0.3193450911224167,0.2945560659976887,0.1083154823991741,-0.1653616125318547,148.41364448599623,168.81641436632398,119.61730168570575,190.22982854134617,117.13510493742226,107.44754489480258,346.80603154159445,602.4976148318934,584.9452856514312,2268.679209370325,2158.1215305804635,1408.6843397270818,2019,1861.5353147644594,141.73308960973122,205.63554376848384,269.4713299513152,151.30842800447465,134.986625749314,263.17067574792213,358.96659999999997,470.770107907621,2019.0
mbs4,2019,43.073200952,-116.761991,2019-07-16,66.35,37.62,448.19,mbs,peak production,,,circular,60,103.97,0.5532503371760269,9.433185011458056,0.1967464195471591,0.2257398161182776,0.2122336345886084,0.313964143819756,30.524181747335412,0.2405874557471374,0.5491185269043958,0.5424189837963078,0.0057505446738068,0.0164163504843249,0.3144258361686805,0.316328663622313,0.1066694783260646,-0.1761044401755599,148.523891211558,166.5967027884413,119.4501438578533,185.85978783926896,116.98071278376727,107.79958406495813,407.13413413194513,666.761120268812,680.262935163313,2365.636121765256,2288.523696663276,1537.3257189967242,2019,1694.9404671496306,132.0930513039295,153.66748057051169,166.05169095075192,121.36613244183947,115.28135401244556,154.3720678395582,165.2290499999997,143.511404734335,2019.0
mbs5,2019,43.07346037,-116.7602584,2019-07-16,59.26,49.85,1004.04,mbs,peak production,,,circular,60,109.11,0.5457081203269425,10.139940355117186,0.2090033366793767,0.2205186195962405,0.2274194435135722,0.3071090081975601,29.90691750684817,0.2344501736813897,0.5378817029828132,0.5323298935699393,0.0051100065747244,0.0196711961999656,0.3070847551250144,0.3108020518944153,0.1040744989730023,-0.1682843807350588,147.56334732537834,165.87146081259098,119.747886903759,185.50509185393383,117.39067132324128,108.08297409646345,409.23508720232536,671.4668132235154,682.6714694383255,2322.9360531251323,2233.222920582052,1462.673649516622,2019,1908.9727250058677,176.42498583984096,183.27984447679762,182.41438564665694,160.18843731118073,154.879512142031,185.07055557409672,171.5311499999998,143.86114322020856,2019.0
wbs1,2019,43.168158005,-116.7130521,2019-06-03,9.19,47.03,277.71,wbs,peak production,,,circular,60,56.22,0.3213188445347254,12.258787566915071,0.1358413170568017,0.1662831515835083,0.0225184424239105,0.1852818284507895,17.966739789946747,0.1197764094320068,0.4843249844278254,0.4192950408015528,0.0775159015926636,-0.113601456079479,0.1841168070462491,0.3553087068821037,0.0475805035300606,-0.2110967653568609,149.99363365685954,157.2549847453437,136.1662559179586,165.42239029151983,135.31121395345255,128.90345210259306,641.8408576098155,904.4970981922714,1066.273210982382,2073.3112875606053,2596.653269744253,1977.3220789391623,2019,1559.2870590360133,71.32023681368261,94.40014038361338,65.13437361709371,72.04712588311804,72.12188917406596,56.133035153321316,147.16930000000008,106.64039341240607,2019.0
wbs2,2019,43.170171842,-116.7223203,2019-06-03,16.45,48.27,188.39,wbs,peak production,,,circular,60,64.72,0.2960311000243701,11.74755606065174,0.1215093398778686,0.1550669187281792,-0.0042648613677535,0.1665860319370975,16.227364159164093,0.1005303087209518,0.4801855497684468,0.406342065683897,0.0914305281487243,-0.1256388272254049,0.16348489790499,0.3432362280159935,0.0393144479340474,-0.206646893489484,150.80633991993545,156.59266349989508,139.5160964246782,163.25963371051844,139.0058884763461,133.58439505844956,624.9104092511063,880.5181977421163,1058.717655051606,1949.894211032385,2504.1328159871664,1962.712227573477,2019,1688.0917750556398,58.322252454697434,80.31593481317505,50.334443157812814,59.14427213043447,61.99294744411301,12.651858124223281,114.87119999999992,83.34297037587983,2019.0
wbs3,2019,43.17160272,-116.7223271,2019-06-04,13.77,33.75,360.68,wbs,peak production,,,circular,60,47.52,0.2839092193143679,11.742054212862875,0.1179459065131079,0.1435828893446755,-0.0003772084228309,0.1584714365818373,15.461528112401044,0.0927304556856596,0.4663843412285343,0.3889323390382181,0.096566455549409,-0.1182599958210663,0.1544798113198592,0.3366999602478399,0.0366267434387214,-0.1974308053388508,149.8914954494749,155.44250698846812,140.15960582844238,161.96841256570372,139.9532701820145,134.97687726029883,619.8875503659862,879.4420819270081,1063.6002794198205,1907.066491187448,2412.571321169697,1904.5488953440797,2019,1887.2445470799669,74.18555232724817,111.79748603373787,59.02949641410889,58.443617336083484,61.10641796514004,7.7806377936610716,204.9932999999997,142.24268206638033,2019.0
wbs4,2019,43.170576769,-116.7170546,2019-06-04,16.89,29.41,342.15,wbs,peak production,,,circular,60,46.3,0.287768614221362,12.240573110727617,0.1250662751899998,0.1500186294640667,0.0077012403462771,0.1682507631612291,16.267121991778556,0.1013828650509867,0.4699853810900563,0.3920220675538775,0.096593018078054,-0.1174512058107429,0.1649729632597299,0.3627262760329132,0.0407495041777962,-0.2126398470927412,148.32870162503824,153.86422860214853,137.46838156231877,160.56354399786176,137.19638184097536,132.15783146290667,662.6351608334871,942.6325242759286,1142.351262323374,2062.7609025066263,2612.2367070620567,2034.7858213384584,2019,1587.3722807387069,88.82488722523775,87.01663632745094,63.29231482220306,63.985596253575125,64.16696093045698,41.41032246042937,202.95009999999994,174.03479267420735,2019.0
wbs5,2019,43.172316258,-116.7162871,2019-06-04,20.28,52.4,435.97,wbs,peak production,,,circular,60,72.68,0.27938425704225,12.043740742673808,0.11997824075053,0.154620521214073,-0.017407577688443,0.161579575752248,15.653427832908983,0.0954919400852682,0.4782804098570821,0.401068506016297,0.0982852359473146,-0.1370994151882916,0.1586893810317632,0.3615022625319825,0.0365563717846128,-0.2194544831214555,149.7485290634367,154.97937771193804,139.63536159177025,161.26070457924433,139.3945713153472,134.54286493925275,665.2996278699385,936.098302009374,1134.324211193779,2012.2074189579157,2650.6056023349647,2084.2990608505124,2019,1477.0490392784077,54.535409086932795,60.728708561905144,40.4933665038945,49.65079493964739,51.86554184314468,-7.967405021951208,95.97849999999997,82.20731083822463,2019.0
los1,2020,43.14323135,-116.7361871,2020-06-25,43.84,74.18,242.34,los,peak production,,,circular,60,118.02,0.335251658833722,12.686035977276235,0.146574338408664,0.1709799022591324,0.0409901723461789,0.1907611397677434,18.53398844424129,0.1273871302407607,0.4804496533814826,0.4265674941074576,0.0637144111315843,-0.1061159276177024,0.1901069494362344,0.345145089122321,0.0496937492567959,-0.2029308465680894,149.02804854819456,158.59293337192815,135.68964931153818,169.21047365381185,134.95530767787943,127.8036901982475,621.9091424304847,886.8070803792184,1016.256031657828,2041.12524443716,2525.9090475810026,1881.7917855819387,2020,1679.4243433283839,61.51937149998172,120.53541700418805,55.513047469577664,54.99112955430331,54.897812124231976,13.180118264557336,169.53600000000006,118.92370397633594,2020.0
los2,2020,43.127015833,-116.7368355,2020-06-24,24.03,85.09,107.35,los,peak production,,,circular,60,109.12,0.3869169846702905,12.769891912564932,0.169132954476795,0.1974119772299587,0.0691915512151185,0.2168406273319972,21.13145493341206,0.1539829208372706,0.5040495869268536,0.4696912083717444,0.0380629970506652,-0.101117142573338,0.2195984525260008,0.3366868315201349,0.0600422749210188,-0.2024172510738347,150.7695361712315,163.23747035597285,133.30295805327714,176.4720832643243,131.85785511302566,123.21105230695794,589.0126214292923,835.7010394208169,914.2398256900324,2068.649349962729,2533.7308183991063,1801.4475260942763,2020,1612.2739848647145,45.16487854218218,128.20752097211277,58.831909801191834,63.25843432080852,63.7109987956744,16.46476003043091,201.50794999999994,125.64319246350401,2020.0
los3,2020,43.128021228,-116.7388411,2020-06-24,33.39,53.93,96.89,los,peak production,,,circular,60,87.32,0.3972509885655902,12.953834557489476,0.1775005244193405,0.1973562473869495,0.099004692400752,0.231147286559082,22.36331286096389,0.1656239097627246,0.5053381337402327,0.462542833935553,0.0456958764329827,-0.0798500509178,0.2325503029443616,0.3500318845350679,0.0689076728114612,-0.2035309195669976,148.68587125516677,160.30694832496118,129.23587556818015,173.06178477189155,127.68551049048924,119.52301206442544,587.445564655402,852.8540221602889,953.5305090830578,2212.7627432683125,2595.666942393492,1813.8224800077571,2020,1634.3991926048238,95.08045640313877,174.60348261140996,89.90256554974302,94.55978012102236,95.83211440231194,89.32290601934653,186.91644999999986,137.1303850847565,2020.0
los4,2020,43.124853241,-116.7540157,2020-06-23,0.0,35.6,69.1,los,peak production,,,circular,60,35.6,0.3728265177733771,11.755249704649954,0.1481726414095752,0.1762750304619225,0.0709889206206336,0.2138935817281924,20.748828188155745,0.1463862186044058,0.4933128093952556,0.4381426561286758,0.0602258807337518,-0.0779442863463104,0.210703128171302,0.3426465245046519,0.0612940925286017,-0.1991474564269564,147.8359876394618,158.0319376153434,131.6520897153224,169.46679449828932,130.5851931703217,123.07513156454893,566.9943254030513,843.8807642552895,971.6923055384544,2126.725771125813,2486.657738881427,1846.2644818931717,2020,1720.925577227878,94.63670796560284,119.7430142842596,66.41429953736979,65.81803480291181,65.37777977200845,46.91433189414332,141.22599999999994,116.82255182112549,2020.0
los5,2020,43.127137719,-116.7549636,2020-06-23,36.85,20.4,23.7,los,peak production,,,circular,60,57.25,0.357889377888666,11.779176596363818,0.1427100462637383,0.178035728369144,0.0441218979997237,0.2033584001429645,19.762863619635667,0.1364229864020921,0.4984129204855887,0.4414665596231727,0.0643386841647914,-0.0991865614510417,0.2008783646867905,0.3425498079873374,0.055443935735511,-0.2055049768389569,149.61133053461975,158.88875447447313,134.13385268184464,169.13411777958586,133.0528947423184,125.74748758656362,581.7783311437106,845.6536847442396,978.6711508501631,2070.155255812776,2526.1221743411406,1896.497270291544,2020,1639.6832872892196,64.88758969348689,98.94411482563147,59.14697679958271,62.11746119067969,62.521228119017174,41.40648612341306,158.61350000000004,114.469558454084,2020.0
mbs1,2020,43.064119139,-116.7489159,2020-07-27,76.66,113.48,991.33,mbs,peak production,,,circular,60,190.14,0.5261787592059708,10.03226365057906,0.1934120056276595,0.2206744776509881,0.1728470608287668,0.2809310516059332,27.66157260975008,0.2078406864814987,0.546779913616936,0.5416198343662822,0.0048545168872022,-0.0211659746423337,0.2799273108281999,0.2958872241612593,0.088881439051478,-0.1727613886760162,150.75608256290295,168.1722484434476,125.52846944237685,186.11363420549023,123.19022809616116,113.41871006862974,408.0880976973181,646.0660517723336,656.5839369676048,2111.316413161779,2204.3414689148563,1491.209658966614,2020,1939.92617932573,91.56694414113188,213.78962465595924,126.3102362230687,127.55441823834826,120.06648339138437,102.18710332776425,235.65504999999968,164.39196522492307,2020.0
mbs2,2020,43.072781143,-116.7701807,2020-07-23,77.04,80.58,837.71,mbs,peak production,,,circular,60,157.62,0.6323184330898178,8.949454568063686,0.2498070978751634,0.2285349895266745,0.3440737252378866,0.3603014547364415,34.99988323850341,0.2886123143309667,0.5298179712053225,0.5668359498632985,-0.0240668613086262,0.1042270792438852,0.3641463899708038,0.2990154152601473,0.1300557790646752,-0.1416822466840669,144.10371374200952,168.73614168886155,112.17670244720875,195.10401657187344,109.68708828711904,100.11424513831533,343.1674357924849,622.9165935243212,562.1610860351072,2500.5948024423947,2028.666624701494,1220.8059588229985,2020,1871.1620636462683,193.9793514061817,190.1653366963722,138.9888880480434,137.43121049161533,138.1385128751721,126.22516813358823,282.14010000000025,176.8180558050073,2020.0
mbs3,2020,43.071059894,-116.769988,2020-07-21,82.72,106.71,1473.02,mbs,peak production,,,circular,60,189.43,0.5786829219769547,9.351324086826438,0.2128128875433183,0.226190739994727,0.2381940683188023,0.3125391056846471,30.698122383510334,0.2396986398958168,0.5419847388447063,0.5605011112721919,-0.0144889335811246,0.0269217444214232,0.3133230108638643,0.2913188805406094,0.1038260673748163,-0.1592748895038044,148.05104116869575,169.55290772107375,120.70383309579236,191.97546154266715,118.32920658084984,108.22962432713528,371.2606686814077,625.64187788807,593.4302586701541,2223.1082260161397,2106.573165456328,1367.8141278107148,2020,1899.1105596993755,126.20086740639063,264.543450815256,114.04891871518822,108.9723607923017,100.97508166431442,69.60529212403878,276.70374999999984,173.10270518022958,2020.0
mbs4,2020,43.073200952,-116.761991,2020-07-23,68.16,133.84,786.32,mbs,peak production,,,circular,60,202.0,0.5414191382186445,9.609062307595655,0.1932987570402804,0.218347201647049,0.2054942396225308,0.3027691315128,29.520370765040333,0.2307846830298593,0.5362471783201025,0.5329360536721046,0.0032096241857798,0.0130593983234328,0.3036675711341371,0.3102072195233382,0.1007891082577296,-0.1714920594961871,148.55274155800393,166.98588634645998,121.17687945405014,186.55216058288823,118.8227203436606,109.36629239870352,417.1266215890112,673.9634867970381,681.1562976339352,2291.619919303485,2231.4229135362816,1509.4787492778464,2020,1773.9714767136932,116.23884670876951,173.35657439268547,106.76111371654255,96.88901490140302,92.24097883631822,76.95675667489002,144.3268,162.42086020243036,2020.0
mbs5,2020,43.07346037,-116.7602584,2020-07-23,69.36,43.19,991.27,mbs,peak production,,,circular,60,112.55,0.5372241111206167,9.983958312817029,0.1993294231111042,0.2133121975877819,0.2169833021323871,0.2989467928065665,29.17537999305796,0.2279159002163917,0.5248128466567171,0.5244855754730388,0.0010779573560906,0.0187877256060622,0.2998483681785964,0.3068072612952091,0.0992720119389512,-0.1655933063857831,147.6941939728008,166.6371453445823,121.27735632576407,186.8530790666788,119.0160594712828,109.41651610180033,420.6544756374548,681.1255140716532,683.1839656565978,2268.1632619318966,2186.108451216963,1460.8653207311324,2020,1894.034570570569,137.1646593710896,197.70451440203087,107.67697612084221,102.33519556701832,97.5490835512837,71.8681207376377,161.0856999999998,164.13942642696017,2020.0
wbs1,2020,43.168158005,-116.7130521,2020-06-08,8.85,44.69,250.55,wbs,peak production,,,circular,60,53.54,0.2599032975103726,12.696089891013054,0.1213380333666282,0.1547613560980039,-0.0275187760614197,0.1598836166082321,15.32473021849932,0.0916083063683587,0.4792835978204882,0.3931310414730175,0.112828872063194,-0.1483609560803867,0.1590392308542013,0.4012188771288804,0.0354026905436513,-0.2442018901980939,149.8977083964723,152.52161281003004,138.470815051608,156.44714387103238,138.0321032065515,134.29428154655128,760.5657666030486,1039.859125051517,1286.8995786992546,2190.6955310423514,2953.4917286318105,2315.2380082758173,2020,1122.7693229743945,72.67882913299533,110.80155313601537,66.2429191272494,79.45743182621635,77.94799912170436,84.96590132812605,118.65414999999996,102.00063782472479,2020.0
wbs2,2020,43.170171842,-116.7223203,2020-06-09,25.64,13.68,211.7,wbs,peak production,,,circular,60,39.32,0.2564813002049879,11.899909449881614,0.1118194512901798,0.1495060026815956,-0.0389699312101246,0.1519721187703514,14.65980704524375,0.0833070149258096,0.4808274063723425,0.3915563703022575,0.1174488422568757,-0.150130680019165,0.1496279215119896,0.3775697740080596,0.0321374922085785,-0.2322380855950613,151.37368149825926,153.56374380711316,140.78960631500732,156.98841150198604,140.3947413721022,137.0077070826401,709.5828588278397,972.710477700401,1213.0593732860516,2051.958280488629,2775.764259638353,2218.866452676868,2020,1309.598229533499,59.31309546183886,50.33744223021314,64.47497730857864,70.77568005218879,72.89926015185658,86.7479839115291,65.97575,83.19726157845682,2020.0
wbs3,2020,43.17160272,-116.7223271,2020-06-09,14.68,27.84,302.25,wbs,peak production,,,circular,60,42.52,0.2455201809365899,12.032813967141836,0.1102813219622966,0.1391012616156038,-0.0340324038731975,0.1433713468853291,13.86366417535378,0.0739974878237433,0.4711580937849964,0.3760249655686136,0.125661748855076,-0.1437648735687469,0.1394325166727788,0.3656396295534708,0.0296666826999222,-0.219812713005666,150.47980806284116,152.21165341182189,141.43192052128776,155.30157723833784,141.33684808498498,138.6315321528143,687.0473240863093,952.5330059196988,1201.261999158752,1984.5898517215005,2649.6533371618643,2124.5655172578786,2020,1544.4792614867038,79.90999551485335,60.56583702138936,80.32665382217472,75.84293851562863,78.66816671800656,111.30053946052624,53.312699999999985,82.14793212559817,2020.0
wbs4,2020,43.170576769,-116.7170546,2020-06-08,8.01,27.85,332.38,wbs,peak production,,,circular,60,35.86,0.2337442034049636,12.06417760401636,0.1076511938970001,0.137951591202664,-0.0424471795355905,0.1452189816220095,13.899101902917597,0.0764500158074751,0.4629835226636789,0.3702132234580208,0.1251276722857412,-0.1494146132150533,0.143453257118306,0.4082532680135671,0.0288139242733494,-0.2446913080862818,148.52325811636786,150.3428933464269,139.92806373132632,153.69238968382578,140.0624785815494,137.57011336937094,788.23832498157,1083.1117883073596,1356.2012915542,2182.951140956855,2949.22679623339,2376.905836485261,2020,1076.8415494463347,76.29782602674008,72.88806941336446,59.76265567759674,62.55159144226954,60.889278004403295,51.014826446208076,84.71919999999994,91.31959550810075,2020.0
wbs5,2020,43.172316258,-116.7162871,2020-06-08,9.85,10.63,213.38,wbs,peak production,,,circular,60,20.48,0.2385111865356188,12.298576475722957,0.1112256031795332,0.1416899287741247,-0.0390949087495312,0.14849819818794,14.208496802372062,0.0785459136708235,0.4693000118407107,0.3747978454217231,0.1264962814376579,-0.1496740051997604,0.1464545788164621,0.4092632090369626,0.0306104501888755,-0.2464693561349386,148.79989835775126,150.23784272374635,139.30742480830628,153.24423788524948,139.27026829341736,136.73213507689832,781.5281136919693,1074.423154916476,1352.4842296741656,2199.174794486826,2972.886949705765,2378.776933795523,2020,1073.7059164385755,83.07652470564955,89.54342129765435,68.78157523622318,75.07566362467877,72.84204312953024,81.69749027591286,107.09555000000017,94.58659008788553,2020.0
los1,2021,43.14323135,-116.7361871,2021-06-22,60.57,31.44,134.91,los,peak production,,,circular,60,92.01,0.2850076920031076,14.21092645254558,0.1462347090433879,0.165418046783009,0.004766667724141,0.1640982937373328,15.907754429255569,0.0986544172536824,0.4837143635715262,0.4102293944419969,0.094296998578498,-0.1414567168222003,0.160817415772689,0.3567986935510141,0.0387867377904386,-0.214918611404175,148.29071525011295,154.47862878710828,138.5452943428962,161.94158862700152,138.4485904362634,133.3881174593622,648.4137047900166,925.3762231306542,1112.80840103324,2000.960046911614,2659.986933137726,1981.3206273072967,2021,1680.224484174818,80.50951960802061,259.04277589557563,83.97756364133642,74.79243502859845,76.37347119467546,113.76068056049357,228.92180000000005,269.760944611242,2021.0
los2,2021,43.127015833,-116.7368355,2021-06-23,23.84,32.73,183.67,los,peak production,,,circular,60,56.56999999999999,0.3204035747949474,13.947527350985863,0.1566825575013241,0.1837336406201543,0.0155133648286884,0.1801767130382726,17.546621429731136,0.1163190547560226,0.4999047295226115,0.4418780054015503,0.0714042159284319,-0.1415294697305203,0.1799721483663448,0.346321827966212,0.0442176848691751,-0.2138327366786626,151.53403943304966,159.36344256590752,138.1496216780405,167.87551100647764,137.24379624220262,130.50280168666765,633.5171814865862,879.2797079951599,1020.9129704482092,1982.1202183558369,2636.369029486845,1922.2622225560372,2021,1642.889379319019,55.0661418199163,239.50872031898285,112.77092399685407,117.49867914508003,122.94471217053191,145.94927977033106,263.0786499999999,366.92543856108546,2021.0
los3,2021,43.128021228,-116.7388411,2021-06-24,16.13,62.09,167.59,los,peak production,,,circular,60,78.22,0.3282229777333154,14.260352808804312,0.1643760885013183,0.1834930655307384,0.0396577509130067,0.1903052750852482,18.42688349076973,0.1227622509369352,0.5030499041723564,0.4359546558905612,0.080657704648051,-0.1254692945051387,0.1881301010946186,0.3575571609351288,0.0508628608310221,-0.2156186607774208,149.48938047737803,156.34781485128022,134.7098241320534,164.25852762847973,133.74641198666149,127.50189967626405,626.3169171877021,891.1529615231607,1059.935836066282,2095.2995816611583,2697.9680235903515,1935.7724946773749,2021,1685.9521202591384,103.10716740124998,278.97957162427116,144.84776947487578,148.47330400666135,152.54572997772533,195.4596498827989,305.0399999999998,349.4394698075452,2021.0
los4,2021,43.124853241,-116.7540157,2021-06-29,11.31,44.12,121.94,los,peak production,,,circular,60,55.43,0.2955103271860044,13.369084995015276,0.140215441050893,0.1654034622436968,0.0067322730425195,0.1704128199009022,16.51501327401863,0.0988960204072079,0.4998719423068514,0.4128629526015747,0.1077829338941251,-0.1335845141416958,0.1642180144266251,0.355146805480507,0.0427886817992162,-0.2162513227553859,149.1225421955548,153.2018925957818,137.15225164894989,158.50604584498905,136.6445717388077,132.07625074993672,609.8409780578188,883.542651179866,1101.8092956520948,2025.042746658176,2650.4249456855127,1998.6594000019063,2021,1736.7011622579917,113.55423266425711,200.62305522754764,115.68034725724401,109.97060171132011,114.1417617819305,186.04356949550342,240.45594999999986,367.03878811980894,2021.0
los5,2021,43.127137719,-116.7549636,2021-06-29,34.48,54.53,235.29,los,peak production,,,circular,60,89.00999999999999,0.291186572289305,13.425338085174578,0.1393338656801814,0.1695242557526843,-0.0065664215680102,0.1674910589680607,16.23958802468037,0.0961251267488015,0.5062285544294236,0.41922099802574,0.1094762271508702,-0.1457477809748933,0.1616311049322163,0.3567557530795111,0.0408327413812151,-0.2218491537710415,149.9891910350207,153.71841233986612,138.14948479522766,158.64168678206602,137.61071135401363,133.18291943881755,615.0764397739513,883.5133075241647,1103.5765510605474,2009.514000647195,2695.8258388257827,2036.816822640769,2021,1646.8203034531507,90.56887569305468,202.08821855769554,113.58472835173023,111.3313552356145,117.61517045311824,193.2404407174234,237.35549999999978,281.128358103236,2021.0
mbs1,2021,43.064119139,-116.7489159,2021-07-14,55.73,58.71,1360.18,mbs,peak production,,,circular,60,114.44,0.5239345789784732,9.602898500228145,0.1824980335818139,0.2231503146340719,0.1706418182795865,0.2967198303302434,28.85997415709874,0.2238158895577358,0.5495244988139777,0.5332939444404048,0.0147245020367646,-0.0120267577783125,0.3013076429063878,0.3229476495437001,0.0974387562803021,-0.1872044460062337,152.84021198150876,167.9710793941398,122.65712572989727,183.38808067645,119.83614838004218,110.7974760065314,461.072452212401,689.6523446481211,723.5999004576005,2314.653430068814,2373.5724910691533,1643.3294968303562,2021,1607.4386675749479,90.84472973491847,107.04577848777993,229.9091055495026,217.1855810690731,213.990196783285,191.99049241137786,202.6115999999999,179.51265791450186,2021.0
mbs2,2021,43.072781143,-116.7701807,2021-07-14,42.77,54.12,594.16,mbs,peak production,,,circular,60,96.89,0.4989708394948325,10.9857224917958,0.1971342446760345,0.2149246068019663,0.1750345793541058,0.2765615257267849,27.01456642632061,0.2032069403923864,0.5400505236009577,0.51601678848467,0.0219522652154419,-0.0227050291448113,0.2784023335573706,0.3125009414219305,0.0891068583605578,-0.1781217146235354,152.43835219632885,166.21706815608954,124.655102187354,180.27660678807823,122.00176094915938,112.96648608236234,462.0606024863272,687.2288728354808,735.5309508128931,2199.017510235551,2303.7372459375,1547.5896757282176,2021,2023.9491101106573,164.5660005197053,158.7603944826186,374.66927756942806,411.8893182313909,411.6694709148092,268.79566985075667,231.73144999999985,235.8351817844074,2021.0
mbs3,2021,43.071059894,-116.769988,2021-07-14,35.08,101.77,514.08,mbs,peak production,,,circular,60,136.85,0.5028318346733,10.452941588619527,0.1874750175648297,0.2239318060732198,0.148836734215692,0.2778223276742327,27.155749134403774,0.2052863872483577,0.5510019885541044,0.5319681329192224,0.0175645168017639,-0.0397408282340942,0.2796565683126735,0.3157002378286858,0.0880765924205937,-0.1882261370120956,152.48425684230378,167.32061572118184,125.54274836725529,182.48831622779764,122.98222964405085,113.76999865449449,457.508963117474,687.6498449295718,726.3704259865318,2193.9176335785005,2376.169625659892,1626.2178193300656,2021,1732.4344201679494,91.33563796864934,139.50668429786444,226.00580179471544,220.78811521585288,219.5246050621397,200.21688606740813,227.06489999999977,245.10117944651824,2021.0
mbs4,2021,43.073200952,-116.761991,2021-07-13,75.11,63.73,427.65,mbs,peak production,,,circular,60,138.84,0.5267252465852293,9.954925382577704,0.1919082576524204,0.2199592332944178,0.2011246045870655,0.3080342438218767,29.774987054650012,0.2381702669829945,0.5330499804197667,0.5205620213473112,0.0114732810562271,0.0100652166170727,0.3147835616107036,0.333794054918574,0.1046646343629825,-0.1833383698192697,149.99866336651945,166.55203345529844,119.58201315998932,183.92001871141787,116.93909110997694,108.0031093106122,479.12396067522445,727.6172454032406,754.9288738348423,2438.476658684318,2390.780242194618,1622.5808339665296,2021,1546.3126157639524,97.32854501975885,106.48482921538583,169.81295726998354,148.91106141035505,150.12491105148928,149.72963969509655,161.39894999999999,109.57648871298895,2021.0
mbs5,2021,43.07346037,-116.7602584,2021-07-13,71.52,18.24,447.37,mbs,peak production,,,circular,60,89.75999999999999,0.5248330661139731,10.164820347272832,0.1948256360948958,0.2161024487823056,0.2076215742131056,0.3042752575491647,29.458068260850258,0.2336403896376218,0.5291005411667803,0.5155526078982787,0.0121837236552226,0.0134886443812906,0.307898942946387,0.3282669739380671,0.1032457366822295,-0.1782687631229078,148.5448708483878,165.37722449604243,119.68772001985852,183.34426467389932,117.21080587281364,108.22583454249562,461.8763996185575,720.441989910046,749.3310787331966,2403.1302974417613,2341.745218797685,1578.896281059802,2021,1676.7540712641708,120.82840541818729,125.29690016651207,152.31080104400047,137.60831437758202,136.97390171015982,143.10881353697354,156.20079999999996,108.81437294797007,2021.0
wbs1,2021,43.168158005,-116.7130521,2021-06-07,9.62,27.94,294.63,wbs,peak production,,,circular,60,37.56,0.2404902590218717,12.213347768994833,0.1108265202169614,0.1461428923869354,-0.0481085938173978,0.1448246527624902,13.9284055960219,0.0791586217387132,0.4683183379062756,0.3839637193596379,0.1141901194645608,-0.1580847276685572,0.1448435208983485,0.3911026981591561,0.0275469154123827,-0.2388147056214256,151.32603259732792,153.75503884655595,141.91774468964147,157.388409263423,141.70960170025904,138.44309279657898,773.2068835619602,1037.311249297442,1274.7221807859128,2081.630007528376,2863.6945910436325,2292.2635153789306,2021,1177.9503958463238,47.08902827677895,64.44789871205883,57.3273781598014,68.13163579995081,69.64736873599666,36.01775636792078,89.00129999999999,63.22499326156008,2021.0
wbs2,2021,43.170171842,-116.7223203,2021-06-08,13.76,22.22,154.78,wbs,peak production,,,circular,60,35.98,0.2294005644372983,11.84183232429601,0.1043747338532726,0.1390634683430668,-0.0580649461184746,0.1339351324267748,12.950908489366885,0.0687626925436303,0.4638828174527931,0.3768715996388028,0.1196753279239639,-0.1614600369225986,0.1329969388240838,0.3724625364450906,0.0231589005418268,-0.227564853113386,152.44506714823837,154.29317198698905,144.32133255659932,157.33268451303692,144.254772389099,141.5927276888939,743.8095629674674,994.0775270141208,1228.508427710564,1959.993935018033,2715.1455206950973,2202.586195301192,2021,1352.9288971664018,43.21076897781995,59.80477666036416,64.90199154169622,66.52695637020878,71.16199160198403,45.50041499412325,119.46915000000004,146.11536083220125,2021.0
wbs3,2021,43.17160272,-116.7223271,2021-06-08,18.34,19.89,140.58,wbs,peak production,,,circular,60,38.23,0.2216383328388471,11.971688148813907,0.1037972913251358,0.1292712133199426,-0.0481358889776255,0.1297157103974287,12.536580710862188,0.0639784104924914,0.4518386528409,0.3606749993900979,0.1252382130342247,-0.1511775476631172,0.1277822040907275,0.3701845146964299,0.0224996230761428,-0.219568482557639,150.728605799658,152.5035071034238,143.84634067843766,155.60953743161335,144.10863860570953,141.9727732474723,739.6673065451735,1001.1557192058048,1245.738445063415,1954.997582051461,2650.9051818837656,2152.834391932623,2021,1484.7646598978733,61.66135015888378,65.09863988279997,70.33528816599234,60.09329402481151,62.739763995942724,35.60110362168845,145.12610000000004,189.18201716053434,2021.0
wbs4,2021,43.170576769,-116.7170546,2021-06-07,7.4,45.48,243.91,wbs,peak production,,,circular,60,52.88,0.2209360895274266,11.759131690018457,0.1015994953838979,0.1323993172840393,-0.054770667548791,0.1353184498132751,12.979340984737991,0.0691529364586973,0.4535252744580235,0.3639017498504588,0.1237912505017032,-0.155505859781808,0.13468717978268,0.4011102753763362,0.0234871183699581,-0.2401738494564289,149.62201148592854,151.5003320676426,142.34785547086622,154.81916835956233,142.63500405831385,140.40849758737397,802.9157723901401,1084.6202940681542,1345.4112753227448,2108.1635637561712,2883.6095603840504,2352.324907016234,2021,1120.8035213741941,52.68664551636232,44.25502853980176,46.134878019085036,48.90571198631569,48.60189580345999,-20.198905869428955,113.48385000000015,138.75552939656626,2021.0
wbs5,2021,43.172316258,-116.7162871,2021-06-07,11.84,18.57,132.22,wbs,peak production,,,circular,60,30.41,0.2213027660738393,12.00355250393362,0.1040072380904619,0.1331152785775274,-0.0517467830324918,0.1369280958449356,13.113985063544884,0.0704582223530839,0.4535842592988923,0.3637112939329588,0.1239918251564592,-0.1549224044872294,0.1366362599262634,0.4077989111454895,0.0242044140975575,-0.2434126375345263,149.38004739728095,151.1198098365961,141.74390680322557,154.33728670186306,141.9834141672812,139.7532050867822,817.8315200293003,1102.797530018168,1368.7957922160983,2146.253787049161,2931.984939258381,2380.0422455142807,2021,1076.7983029918819,56.095254355593745,47.740898474751745,49.61457422021516,54.11134811429181,52.50746254487441,-12.750028365431064,114.48140000000014,137.73467184043733,2021.0
los1,2022,43.14323135,-116.7361871,2022-06-22,27.06,77.74,198.22,los,peak production,,,circular,60,104.8,0.3843197141083349,12.481936416319966,0.1640896620181405,0.169201859380455,0.1149935566856286,0.2191034867547731,21.281322673982,0.1522515571790802,0.4760590439745017,0.4265371311739265,0.0528428015433258,-0.0498535974119261,0.2172052900428776,0.333063151715562,0.0650084359277962,-0.1813913127415519,147.28397663715518,158.26086987173156,129.99518766502626,170.47562140430472,128.7827663825592,120.944579164942,564.7618453040936,834.9827180556786,947.3592345113044,2126.4029410818457,2351.5267322335003,1690.6588676663669,2022,2101.1382642648114,214.47853533252402,210.384637148985,150.31625724061874,149.7929805457723,149.10774527997486,187.8032530974114,174.25474999999997,171.8997951443445,2022.0
los2,2022,43.127015833,-116.7368355,2022-06-22,17.04,134.51,245.89,los,peak production,,,circular,60,151.54999999999998,0.4674451170416484,11.872038073450362,0.1963612326107245,0.1882592743117407,0.1898484040303565,0.2557700674046187,25.05427438085876,0.18663694151003,0.4948128706983638,0.4728182647442553,0.0204979222077548,-0.006607754242659,0.2566307964113649,0.303942943918737,0.0807790981204744,-0.1602136033687185,149.51084716007105,164.1857457629247,126.29902887588872,179.52226027690998,124.19214145663952,114.87623045516916,485.0081159392868,724.158055777973,768.749974397903,2113.1477578335907,2142.955135158445,1441.4353610739363,2022,2459.6388469341846,332.73120081396,316.83706462404234,270.85129004383737,266.83861846151984,256.27030996049893,374.17513293108726,215.4630499999999,196.32555747621916,2022.0
los3,2022,43.128021228,-116.7388411,2022-06-23,13.0,128.1,138.28,los,peak production,,,circular,60,141.1,0.4920880968740608,11.408229493898016,0.2036451855777267,0.1937558579083883,0.219039602737962,0.2770493203414134,26.98081764522224,0.2050403502098423,0.5063200284936302,0.4801719571512162,0.0233158354826012,0.0165991717236067,0.2768750091395454,0.3112929422838892,0.0922243623295085,-0.1604475648447755,148.60472411441472,162.99325444001906,122.39611789835304,178.25227141708567,120.0833472478128,111.15993011576928,463.8455327849033,711.8765112139819,764.7919968276697,2246.008427144181,2172.07033495521,1440.3309484024155,2022,2421.3297810660315,407.21283528056574,256.93459803038184,361.3637145223002,388.1122843304653,376.42443044722836,390.9586384279764,226.1184999999998,170.05849935672535,2022.0
los4,2022,43.124853241,-116.7540157,2022-06-27,15.59,94.44,217.96,los,peak production,,,circular,60,110.03,0.4287808882949079,11.43742456719562,0.1677085670607378,0.1719533750280656,0.1556211946668752,0.243415201170092,23.6702917194247,0.1700605134015672,0.4937744920628705,0.4390065025348784,0.0526230648968819,-0.0123103711026853,0.2380103379195672,0.3240553159647256,0.0776050388239136,-0.1725242822311144,147.6963535379503,158.06141599763936,126.10324693699216,169.4764103277426,124.33049176244651,116.42394396099282,498.5059149445362,764.1394460298952,882.4728470003326,2191.64315222919,2254.4769640558,1610.8566288148602,2022,2385.7305012849447,407.8132052373473,217.4113649627403,295.07089430288147,321.95926702319065,322.02396527866915,336.7400536486247,187.89139999999986,169.45199903048058,2022.0
los5,2022,43.127137719,-116.7549636,2022-06-23,8.64,98.11,144.47,los,peak production,,,circular,60,106.75,0.4224081540593308,11.3478778656078,0.1632747034488907,0.173398125279425,0.1405403854086377,0.2389055033026393,23.242878668880003,0.1666387725901487,0.4941262871048822,0.4414798090132359,0.0515949333927701,-0.0231659200103251,0.2345818295419219,0.3238866068703677,0.0746252144098306,-0.1756071535655662,148.37377885503363,158.90340003275014,127.32927618227592,170.4371413034687,125.57426690449464,117.60150947661936,507.9005886945382,768.9301882701873,882.3383947917763,2162.410983732864,2271.1695999151734,1637.097473265845,2022,2263.905551595376,309.0270422701928,204.09755646544136,235.76733686275665,255.89813193565388,256.9410598645685,279.2570683714302,182.55364999999986,169.85067110532594,2022.0
mbs1,2022,43.064119139,-116.7489159,2022-07-19,67.15,115.9,1117.72,mbs,peak production,,,circular,60,183.05,0.6234797626855846,8.550736472820796,0.2275372864282752,0.2188174663447199,0.3362247359904721,0.364652999231652,35.24875527237434,0.2913833523007492,0.5298044532136498,0.5467936144585464,-0.0103623162848268,0.118369738107039,0.3698599586077871,0.3094945629221861,0.1341115044724491,-0.1442594318946072,146.1539143664712,167.64208907598606,110.96668714076766,190.48303069152325,108.18818721557224,99.23338921631571,363.747187039439,629.2416393657933,601.6583775876718,2595.2720127499097,2047.199604369812,1290.2583523974124,2022,1836.2216561452633,163.28168940772514,156.05996582875756,300.5292612816282,423.3878637434606,413.7461898249507,302.1346752703475,324.3366,260.13561353769273,2022.0
mbs2,2022,43.072781143,-116.7701807,2022-07-18,55.93,55.57,722.1,mbs,peak production,,,circular,60,111.5,0.6770797345076105,8.066961710100719,0.2671140498664009,0.2313082519626485,0.4191849439881238,0.4101746956400174,39.41538976719789,0.3412548045872233,0.5311699673806907,0.573549493933815,-0.0232951094246061,0.1729379681682799,0.4209135292410368,0.3145319406147579,0.1593185334171956,-0.1314675411744051,143.33469651438978,168.67300155475334,104.23714562044265,195.7624912795725,101.45328690460776,92.86552261214626,329.17884802683574,612.2627109478784,544.2533487705043,2840.401571600734,2000.40943221968,1160.405269393544,2022,1597.363598230582,72.34603953339709,101.36458387016376,327.43632106409177,581.7799387003787,555.713034338732,307.49128240410295,326.16195000000005,349.2851765177789,2022.0
mbs3,2022,43.071059894,-116.769988,2022-07-18,44.12,153.11,1150.65,mbs,peak production,,,circular,60,197.23,0.6381597269288366,8.474081980542925,0.2380607207669502,0.2302907877670527,0.3393094828526756,0.3706094188460079,35.890767297827004,0.299552098443871,0.5376134675305161,0.5681392707635725,-0.0195915739683385,0.11079448123102,0.3773890878861046,0.3079729328666354,0.1361082754919508,-0.1463943203867584,145.30421574471026,169.04324834056325,110.80997833981849,194.31883961367268,108.1399646313996,98.94883349983895,351.1387847591459,624.383095439361,572.0420288240417,2595.562112517661,2073.9069107514806,1278.230305769958,2022,1693.0343267406545,119.09578020726606,149.81579675426423,207.3969330847342,257.6815704745422,251.46753127909338,203.79030546341613,282.1941000000002,176.8025298865146,2022.0
mbs4,2022,43.073200952,-116.761991,2022-07-19,65.93,47.82,544.33,mbs,peak production,,,circular,60,113.75,0.6069029408430779,9.022166838357451,0.2267223089166946,0.217781067653641,0.3255175936318918,0.3588737343373038,34.62387367037599,0.2873278908486136,0.5252967591957413,0.5364160572813704,-0.0064141103483526,0.1074378271822734,0.362973710810325,0.316843253565915,0.1323020962531215,-0.1486058749068859,144.86169887868863,166.0026571012415,111.13593078928594,188.99938897562168,108.55059903787004,99.68445001153732,377.73530979876665,656.3484119336375,638.7936254326821,2615.1085153942427,2106.4051640973244,1329.1670496934528,2022,1787.5577467694386,151.12175001414764,151.46409043819452,251.0554808715839,357.1827850060785,353.63513776602946,254.92622528012083,304.7589000000001,230.59690978592687,2022.0
mbs5,2022,43.07346037,-116.7602584,2022-07-19,40.82,38.03,675.25,mbs,peak production,,,circular,60,78.85,0.6108353389148627,9.208233667151935,0.235918646091334,0.2095618757458601,0.3544357101943782,0.3621272116591484,34.919405229858,0.2908590916250051,0.5101258351689204,0.5240860232073336,-0.0077410896434994,0.1301287076705164,0.3647052610206791,0.3134771868413677,0.1350396669389049,-0.1386509123737693,143.01624620729655,164.77458764206614,109.81561172829126,188.9140957385698,107.32907651707112,98.48243724235785,366.9972316937959,657.768059618546,636.4074041807564,2633.1214970745764,2028.7398163907617,1256.1422258306798,2022,1940.8902673753657,195.21934988468536,159.27922042205194,288.42939394600853,450.3350324003146,437.35574962624287,341.9446955399116,306.6406000000001,232.76439957730105,2022.0
wbs1,2022,43.168158005,-116.7130521,2022-06-06,4.21,67.05,292.37,wbs,peak production,,,circular,60,71.25999999999999,0.278575435058354,12.099250292721395,0.1203586455819823,0.1527916358451939,-0.0086570548925863,0.1691011239262874,16.246537899081872,0.1002935494688324,0.4780114481910449,0.3931879918092064,0.1068166129356249,-0.1288342849364067,0.1673870058177245,0.3889624979427514,0.0404052534568667,-0.2330387325467135,149.62352367934065,153.02603126495728,137.0472704887625,157.67834804763388,136.4348843823233,132.03778891317302,720.5138583734541,998.3372775883676,1231.0350530597148,2179.607292242789,2828.645724641729,2224.5337558650704,2022,1253.0091244136745,78.50055776469469,72.80977341127561,69.03404782017306,68.07732801941457,68.38656472387282,67.75556219809454,145.63455000000005,130.7169973439534,2022.0
wbs2,2022,43.170171842,-116.7223203,2022-06-06,14.81,29.07,85.23,wbs,peak production,,,circular,60,43.88,0.2652083394238878,11.689122375755153,0.1120565145438159,0.1444329654255509,-0.0216050976417248,0.1558508024455406,15.054924328055588,0.0854961997700524,0.4775936224708054,0.384832494291334,0.1185451308336346,-0.1332944964345897,0.1519564810653315,0.368161922267297,0.0351755069601262,-0.2215640014084182,150.684949973438,152.84924613339388,139.55811553870004,156.30198663887566,139.09754565300375,135.5508862240077,678.0373164959879,943.041560331856,1184.6735106534088,2040.165066349344,2669.291549644133,2133.827295449092,2022,1491.6384122051165,84.93594266801077,57.528109928182296,86.40174276000464,94.11699323092725,94.40010438110107,77.58672656531502,87.8563000000001,61.340146477485156,2022.0
wbs3,2022,43.17160272,-116.7223271,2022-06-07,18.68,22.91,133.09,wbs,peak production,,,circular,60,41.59,0.2517900337135491,11.92715665035298,0.1109636140785236,0.1334454978222554,-0.0174378046603953,0.145499180396302,14.096079569635895,0.0752229185236916,0.4656684565761909,0.367963016737075,0.1260939575423741,-0.1281059328206233,0.140289479837264,0.3552915275455066,0.0318764394230653,-0.2083801833484797,149.6437888460137,151.58419881724996,140.51071089233983,154.91955411094278,140.43873180009894,137.58215123664834,657.1360209475879,925.3238075810524,1171.9571996265151,1961.5247529791811,2537.034536493584,2031.448720033182,2022,1782.9027983677686,117.76321379047577,81.84831576603979,114.19424178524379,122.2851170396688,121.42624249983568,84.58143439389181,87.93125000000003,95.2443969471171,2022.0
wbs4,2022,43.170576769,-116.7170546,2022-06-07,60.73,23.27,117.6,wbs,peak production,,,circular,60,84.0,0.2518947174960705,11.578363080365808,0.1074490660132128,0.1351328646151897,-0.0192537865621152,0.1572274977580912,15.041225634410187,0.08763883962176,0.4593187932966049,0.36654725836966,0.1200111897211822,-0.1264068144140198,0.1550744690995201,0.4062798233467193,0.0353493120542915,-0.2377337296966884,147.74414449202428,150.0740617114941,137.41741834269214,153.9482747544464,137.30721184505776,134.09960014121583,769.1804933002786,1069.1108407948293,1337.137644317368,2236.1030677290087,2887.502265361542,2330.3563069056554,2022,1123.2798249880318,87.14612878162282,62.67886484452021,66.094133292976,54.32456615060365,53.551865295791835,51.11420913475098,136.43865000000017,132.00402058068596,2022.0
wbs5,2022,43.172316258,-116.7162871,2022-06-07,12.35,12.55,228.12,wbs,peak production,,,circular,60,24.9,0.252470384051199,11.809672118473546,0.1099380443002407,0.1350865262122519,-0.0151359644389555,0.156915244775892,15.01955617736825,0.0862919439044115,0.4612684536865352,0.3657149903498524,0.123022352435523,-0.1248271652350241,0.1535168391192395,0.4014859789332887,0.0359686208203953,-0.2341680709010794,147.140566411263,149.39055974979576,137.10917950181073,153.25249332436155,137.0870209739086,134.02308336678,747.7490004184574,1052.1813869357986,1324.3910034085409,2218.5343650346467,2854.171961954255,2291.3597815706125,2022,1195.3651288780702,102.3896856168843,70.06207366347286,75.41113822144634,62.70709997425918,62.104392830639284,60.25476580565095,183.36159999999995,197.97560477762238,2022.0
