year,site,zone,season,sampling_start,sampling_end,sampling_totalDays,quadrats,A_FORB,A_GRASS,P_FORB,P_GRASS,P_LF-SU,P_S-SHR,P_SHRUB,P_ST-SU,UNK_FORB,UNK_GRASS,YUEL
2005,CDRRC Pasture 3,E,SPRING,2005-06-14,2005-06-15,2,32,21.841512462006296,0.0064679284700753185,0.9363121878383036,4.308627582208492,0,70.70567340139,26.71194186149452,0.3787896875,4.015321585180349,0,0
2005,CDRRC Pasture 3,G,SPRING,2005-06-14,2005-06-15,2,32,22.445910005545805,0.11720670379106184,0.8680878118684819,5.500283998351219,0,12.60894696944724,0.07584217960979975,0,1.2739123553194664,0.012643429653286771,97.496425
2005,CDRRC Pasture 3,S,SPRING,2005-06-16,2005-06-16,1,32,17.229625363604914,0,2.338110204123513,0.3777638848708827,0,84.63132811295478,35.67232840410393,0,0.018548718758065443,0,2.5024
2005,JER Pasture 12A,E,SPRING,2005-06-01,2005-06-02,2,32,5.856352436334028,0,2.2056516365430783,42.89832748135001,0.009775000000000002,20.008037392203374,46.487994071576715,0,0.15041946066700754,0.0014789217514832459,0
2005,JER Pasture 12A,G,SPRING,2005-06-02,2005-06-02,1,32,7.235832705507321,0,4.110629627439255,37.50116238306871,0,37.33664998435099,48.1805109471364,0,0.23190796157344312,0,238.85425937500005
2005,JER Pasture 12A,S,SPRING,2005-06-03,2005-06-03,1,32,2.054112083347754,0,0.6154049297304066,10.416216390426124,0,19.87944855540986,75.9119054846023,0,0.16406900654372397,0,292.2450625
2005,JER Pasture 9,E,SPRING,2005-06-06,2005-06-15,10,32,21.987065849389055,4.89994581066312e-4,0.5991470465561914,5.129147540158502,0,27.740284748171423,76.13759713198954,0,0.020716702115271348,0,216.237309375
2005,JER Pasture 9,G,SPRING,2005-06-07,2005-06-08,2,32,33.379808302277794,0,2.6208748415430096,6.240040742654097,0,11.44056722938244,31.30324800346412,0,0.018489404747724293,0,20.61873125
2005,JER Pasture 9,S,SPRING,2005-06-06,2005-06-15,10,32,21.028263130634116,3.9199566485304964e-4,0.2528210400965083,3.102947251639165,0,61.04639553697128,69.00272369751492,0,3.11302892174958,0,23.1587875
2006,CDRRC Pasture 3,E,FALL,2006-10-25,2006-10-25,1,32,64.33796585463881,5.6795055045033465,8.762054301209261,13.509392245943497,0,9.35691203614753,20.7420206159726,0.00324676875,5.712479289022467,0.25289561950363504,0.01173
2006,CDRRC Pasture 3,E,SPRING,2006-06-15,2006-06-15,1,32,0,0,0,1.6955359315431657,0,0,13.845275315326614,0,0,0,0
2006,CDRRC Pasture 3,G,FALL,2006-10-22,2006-10-23,2,32,52.034023875933066,3.8591299761254474,6.093173075773961,17.14876358598399,0,1.6878072524159708,1.1290698674168576,0,2.487354361412899,0.42944190358694745,67.22518750000002
2006,CDRRC Pasture 3,G,SPRING,2006-06-14,2006-06-14,1,32,0,0,0,3.534204850953364,0,0.004373930090867137,0.2946020148821522,0,0,0,77.73337500000001
2006,CDRRC Pasture 3,S,FALL,2006-10-27,2006-10-27,1,32,15.63797967495399,2.0166544842830523,4.099365624783892,1.9357002586433196,0,14.163448857146339,32.7159105371101,0,1.0956116761847274,0.1258932140950113,1.4105325
2006,CDRRC Pasture 3,S,SPRING,2006-06-15,2006-06-15,1,32,0,0,0,0.04275178849075052,0,0.5139367856768886,15.434902934728788,0,0,0,0.782
2006,JER Pasture 12A,E,FALL,2006-10-29,2006-10-31,3,32,33.45035072266345,0.4241407519098732,2.7963607324559585,96.46410990595093,0,5.222323524471929,41.88567858095408,0,3.396994039601271,0.688438075315451,0
2006,JER Pasture 12A,E,SPRING,2006-06-28,2006-06-28,1,32,0,0,0.027139760718865657,15.598652259007322,0,0.33569913447405275,12.16736902987325,0,0,0,0
2006,JER Pasture 12A,G,FALL,2006-10-31,2006-11-01,2,31,12.219543263711055,0.12338694668397768,6.465924432187976,49.38796497260761,0,4.605239199424617,12.959599786667976,0,4.012556486389692,0.4900478784269645,47.16519483870968
2006,JER Pasture 12A,G,SPRING,2006-06-29,2006-06-29,1,32,0,0,0.08350695605804817,17.91590649924184,0,1.6456911966887604,23.106482239669685,0,0,0,277.08211875
2006,JER Pasture 12A,S,FALL,2006-10-29,2006-10-29,1,32,22.451215355409072,1.2441880548528785,1.8426488123455331,67.87999629853238,0,5.740848106027436,73.69046357861204,0,5.148614287421878,0.490262560616696,22.707325
2006,JER Pasture 12A,S,SPRING,2006-06-29,2006-07-04,6,32,0,0,0,0.4485517648449545,0,0.39365370817804235,41.85040788989898,0,0,0,613.717
2006,JER Pasture 9,E,FALL,2006-11-02,2006-11-03,2,32,17.9468749154443,0.24549812829227532,1.7252967580527734,9.381822355902445,0,0.7173245349022106,34.05986658008805,0,1.0171193852861393,0.1133223792074037,12.179649999999999
2006,JER Pasture 9,E,SPRING,2006-05-19,2006-05-19,1,32,0,0,0,2.4601089169117483,0,0.6621036675050129,44.237193902511684,0,0,0,87.51724999999999
2006,JER Pasture 9,G,FALL,2006-11-03,2006-11-03,1,32,31.007194800610804,0.5025577800032756,6.928456101766309,13.028322034020093,0,0.6647278189606034,18.04921548617089,0,2.1518577034461215,0.17808682757444083,6.47105
2006,JER Pasture 9,G,SPRING,2006-06-12,2006-06-12,1,32,0,0,0.0014569880520682687,4.395909899772931,0,0,26.818814094159727,0,0,0,15.5814875
2006,JER Pasture 9,S,FALL,2006-11-01,2006-11-01,1,32,35.19046954669751,0.24488249484298674,1.2505516414397078,7.713937016266741,0,2.060121072798422,26.30887737469728,0,1.5455370779232356,0.3378719984742765,10.462915625
2006,JER Pasture 9,S,SPRING,2006-06-12,2006-06-12,1,32,0,0,0,0.4671915446269217,0,0,26.755979256106663,0,0,0,40.46962500000001
2007,CDRRC Pasture 3,E,FALL,2007-10-03,2007-10-03,1,32,3.1252848094928,0,4.450443605524277,17.780937193464865,0,57.24643183408375,9.282715805951053,0.4610411625,5.444744414009973,0,0
2007,CDRRC Pasture 3,E,SPRING,2007-05-08,2007-05-08,1,32,33.660228302189886,0.0025011368798818403,3.5665692762057533,5.818907286062582,0,23.065379097104465,18.158289588566703,0.3138543125,12.48931774866797,0,0.034945625
2007,CDRRC Pasture 3,G,FALL,2007-10-03,2007-10-03,1,32,0.051072338728072104,0,1.5024142290555005,13.827213217171439,0,23.381390041991644,0.5631077959200722,0.0010425,3.0760772157273726,0,11.595105000000002
2007,CDRRC Pasture 3,G,SPRING,2007-05-08,2007-05-08,1,32,27.335405179514204,0.6593622099588502,0.9655862941094525,3.146889026361664,0,5.610385453429141,0.5315068877493223,0,2.602330083192518,9.85947834322164e-4,46.298853125
2007,CDRRC Pasture 3,S,FALL,2007-09-28,2007-09-28,1,32,0.6404735092027882,0.04166750000000001,13.326931483581605,7.686013622533424,0,43.62153927458861,40.501151049421416,0,3.084137304001436,0,2.2287
2007,CDRRC Pasture 3,S,SPRING,2007-05-09,2007-05-09,1,32,17.160958920686106,0,4.325114863852462,1.6079350399269354,0,22.757225706181718,23.541249449420313,0,2.198039935180852,0,1.56009
2007,JER Pasture 12A,E,FALL,2007-09-24,2007-09-24,1,32,5.717263326433293,0.02083375,21.354504052918685,53.563529884210936,0,19.39562128227902,21.187899236420535,0,0.01955,0,0.2785875
2007,JER Pasture 12A,E,SPRING,2007-05-01,2007-05-01,1,32,27.35994749469649,0.0052084375,4.372180659733683,17.83822136095584,0,6.460640424754632,13.30867150690459,0,0.5151726327239703,0.06008119615400686,0.11339
2007,JER Pasture 12A,G,FALL,2007-09-19,2007-09-19,1,32,12.07528038400294,0.008148404986397873,19.23371370439768,56.89348350524674,0,16.473126457533585,15.109546472393252,0,0.04405159847074086,0,19.8439325
2007,JER Pasture 12A,G,SPRING,2007-05-01,2007-05-09,9,32,22.732352615039517,0,7.039956431107362,24.3328998136205,0,4.1234096612588935,15.233582723357003,0,0.3214204334602026,0.17918747031920118,248.78899687499998
2007,JER Pasture 12A,S,FALL,2007-09-21,2007-09-21,1,32,0.38619952324456924,0,4.492889849130324,50.74002307027787,0,40.3382968923915,61.02053817041041,0,0,3.6973043787081147e-4,15.018065625
2007,JER Pasture 12A,S,SPRING,2007-05-02,2007-05-02,1,32,17.367190084068422,0,2.61282615800321,5.497448859088165,0,10.811768931550366,26.006120286738806,0,0.6136402356950797,0.016822734923121918,8.110073125000001
2007,JER Pasture 9,E,FALL,2007-09-26,2007-09-26,1,32,0.8785121071017694,0,7.8321551972191195,25.75539673395724,0,19.371316260558515,48.27191630702227,0,3.424110345345117,0,16.856987500000002
2007,JER Pasture 9,E,SPRING,2007-05-07,2007-05-07,1,32,46.491474099710956,0.011880400179438744,1.7140713270852663,6.106326920039572,0,6.213441064707448,26.907867492153173,0,0.1109060374363072,0,11.739530625000002
2007,JER Pasture 9,G,FALL,2007-09-24,2007-09-24,1,32,3.500323947313361,0,4.615105837405819,16.823278112537697,0,1.0084222004947554,27.670978455270053,0,1.1047974312073312,0,0.6598125
2007,JER Pasture 9,G,SPRING,2007-05-04,2007-05-07,4,32,28.858126388889993,1.8167108913063224e-4,1.8609449974100236,5.7884424976417375,0,0.6044224644317027,13.051582828173522,0,0.09822978467206354,0.014049756639090836,1.9515787500000001
2007,JER Pasture 9,S,FALL,2007-09-26,2007-09-26,1,32,0.27677104703065725,0,3.4643625176497053,36.7032592158858,0,1.8303615470138646,30.140130705953613,0,1.8529766414166526,0,7.925081250000001
2007,JER Pasture 9,S,SPRING,2007-05-07,2007-05-07,1,32,23.40897350202141,0.014694179169305814,1.34508231102141,7.382192607203061,0,3.8509720743778355,23.97999238092647,0,3.3013779124879394,0,10.924540000000002
2008,CDRRC Pasture 3,E,FALL,2008-10-27,2008-10-27,1,32,3.5783276287751438,9.95302293089548,7.64231105122754,65.21196598901814,0.008553125,32.1592411281847,22.91371657619729,0.008116921875,0.10446358418149164,0,0
2008,CDRRC Pasture 3,E,SPRING,2008-05-29,2008-05-29,1,32,0,0,0.10967839504338915,5.040648232746941,0,21.775610957382046,24.922718828549353,0,0.0017020177524507281,0,0
2008,CDRRC Pasture 3,G,FALL,2008-10-27,2008-10-28,2,32,6.209757472555022,8.83707502470463,2.9935576620672077,83.7351250551776,0,9.721059626952213,4.4842804134421055,0.0023890624999999997,0.014798705021520081,0,38.02760000000001
2008,CDRRC Pasture 3,G,SPRING,2008-05-29,2008-05-29,1,32,0.6210585194083279,0,0.001638762868463731,8.974440878586606,0,4.031396690626105,0.0053007974996096595,6.95e-4,0,0,19.383825
2008,CDRRC Pasture 3,S,FALL,2008-10-21,2008-10-24,4,32,4.001136028980889,9.739061106606325,11.313248896856933,31.804851910221384,0,41.39224807780376,65.93560071351001,0,0,0,2.9813750000000003
2008,CDRRC Pasture 3,S,SPRING,2008-05-29,2008-05-30,2,32,0.12394033234878295,0,0.18858400067950404,0.5978254760004151,0,22.29521251301717,42.13094240372448,0,0.0036877051303099103,0,1.8768
2008,JER Pasture 12A,E,FALL,2008-10-25,2008-10-29,5,32,8.086907206717102,7.383206047045537,4.52739429314075,184.99680100964216,0,9.896097229139418,18.59662476641904,0,0.012865965517085798,0,0
2008,JER Pasture 12A,E,SPRING,2008-05-21,2008-05-21,1,32,0,0,0.0130233561305763,31.68459305786317,0,4.040551278524238,19.274515215888353,0,0.0014183481270422732,0,0
2008,JER Pasture 12A,G,FALL,2008-10-30,2008-10-31,2,32,17.974641500808406,6.178376414922103,15.04515551664351,201.67321382014282,0.00782,10.957217155197432,27.778199503729134,0,0,0,175.82942500000001
2008,JER Pasture 12A,G,SPRING,2008-05-20,2008-05-20,1,32,0,0,0.04526462268186063,45.17725637957216,0,3.599471094152975,27.631505346190785,0,0,0,41.7245875
2008,JER Pasture 12A,S,FALL,2008-10-29,2008-10-31,3,32,3.6845292375853744,5.746139506009247,1.8311480112430374,111.76658750050144,0,27.351271060742608,62.359193415888754,0,0,0,142.902134375
2008,JER Pasture 12A,S,SPRING,2008-05-27,2008-05-27,1,32,0,0,0.006256052828798894,1.6385446119287261,0,8.707674699024434,67.06405895044615,0,2.8366962540845464e-4,0,111.11324375000001
2008,JER Pasture 9,E,FALL,2008-11-04,2008-11-04,1,32,1.7774783692148746,12.485096775778576,9.243391074858545,171.89325854623917,0,15.917004971296192,41.07363717937926,0,0,0,22.728096875
2008,JER Pasture 9,E,SPRING,2008-05-30,2008-05-30,1,32,0,0,0.19139578683178185,12.863998495228655,0,5.954832448084929,71.31611405244072,0,0,0,60.1344625
2008,JER Pasture 9,G,FALL,2008-10-15,2008-10-16,2,32,8.636189453643114,15.105157572512969,16.9769615207932,155.7477686042054,0,0.36221608564993485,30.505274102945958,0,1.434375e-4,0,5.083
2008,JER Pasture 9,S,FALL,2008-11-03,2008-11-03,1,32,1.123650499050041,9.076479243649231,9.618419938984111,225.72579991607577,0,5.033931692216183,53.035090614075365,0,0,0,20.4087
2008,JER Pasture 9,S,SPRING,2008-05-30,2008-05-30,1,32,0,0,0.18838039982856325,4.811408021660588,0,3.8690145360026627,51.10539644739055,0,0.007766004304005458,0,16.100646875000002
2009,CDRRC Pasture 3,E,FALL,2009-11-04,2009-11-04,1,32,0.08911958707689674,0.22507341205352577,1.4031736204450909,29.652429085227883,0,10.499910532216164,25.148206599109674,0,0,0,0
2009,CDRRC Pasture 3,E,SPRING,2009-04-13,2009-04-13,1,32,0.4351166767611666,0,0.12799941777134444,12.588769045877305,0,9.598316213777254,27.02081525426024,0,0.056249999999999994,0,0
2009,CDRRC Pasture 3,G,FALL,2009-11-04,2009-11-04,1,32,0.776271627629787,0.3482487175758125,0.5125662597280131,82.38929495900585,0,11.210929564153831,2.814091865185904,0,0,0,88.25013750000001
2009,CDRRC Pasture 3,G,SPRING,2009-04-08,2009-04-08,1,32,0.3950368364505066,0,0.28479167027980756,48.72250327136874,0,4.584152105859439,2.8762893831053185,0.00156375,0,0,31.881162500000002
2009,CDRRC Pasture 3,S,FALL,2009-11-04,2009-11-04,1,32,0.04021578782912994,0.15067035972189877,2.4376247072369934,6.33427391452769,0,23.698441204951123,81.72402606609738,0,0,0,6.671437500000001
2009,CDRRC Pasture 3,S,SPRING,2009-04-13,2009-04-13,1,32,0.043942985766059026,0,0.16437665920489392,0.8890744663224355,0,15.857043276915661,52.269451578304825,0,0.15,0,5.311490625
2009,JER Pasture 12A,E,FALL,2009-10-21,2009-10-23,3,32,0.07055072778683079,0.40491021728745336,3.18571106685107,114.40228361299025,0,5.7873875991185715,30.394976739588696,0,0,0,0
2009,JER Pasture 12A,E,SPRING,2009-04-06,2009-04-06,1,32,0.11168176613878278,0,0.12951444361993247,59.62135093451847,0,3.012544350084741,23.04680000556352,0,0,0,0
2009,JER Pasture 12A,G,FALL,2009-10-23,2009-11-03,12,32,0.7983425817458485,0.03627244639047606,3.2802286788605772,122.5400690483888,0,2.654984668336289,36.38191087173921,0,0,0,232.43621249999998
2009,JER Pasture 12A,G,SPRING,2009-04-06,2009-04-06,1,32,0.22076577970599937,0,0.15791560341871547,80.42429659080477,0,1.7569486057357009,38.177395764088125,0,0,0,97.904115625
2009,JER Pasture 12A,S,FALL,2009-11-03,2009-11-03,1,32,0.020602743955179255,0.045871950005484635,0.3144006679999316,37.07382214383061,0,20.007386283980175,87.06335628599267,0,0,0,0.69158125
2009,JER Pasture 12A,S,SPRING,2009-04-07,2009-04-07,1,32,0.03313403755153969,0,0.01228888960930036,6.041444478896354,0,9.409690478608608,85.51266914052994,0,0,0,262.44608750000003
2009,JER Pasture 9,E,FALL,2009-10-27,2009-10-27,1,32,0,0.04546429794789114,1.3256024773243196,165.28028005851945,0,17.272923299465006,103.38695830921371,0,0,0,42.46993125
2009,JER Pasture 9,E,SPRING,2009-04-09,2009-04-09,1,32,0.026138771913088773,0,0.0662554796441818,35.279372047452235,0,7.034099698006394,58.955062037004815,0,0,0,38.8507375
2009,JER Pasture 9,G,FALL,2009-11-06,2009-11-06,1,32,0.03803938356299891,0.14358610860473328,1.8926665623140009,88.3324754362605,0,0.06560895136300707,17.2732602829588,0,0,0,21.206500000000002
2009,JER Pasture 9,G,SPRING,2009-04-07,2009-04-07,1,32,0.2781220990812881,0,0.1867762026837312,40.11100571968404,0,0.05774677220629751,25.01466727748489,0,0.004640289670420021,0,17.857071875000003
2009,JER Pasture 9,S,FALL,2009-10-26,2009-10-26,1,32,0,0.022288761543508277,0.5325423773279491,64.01893279356848,0,3.009810643777949,57.053910626087124,0,0,0,82.2742125
2009,JER Pasture 9,S,SPRING,2009-04-09,2009-04-09,1,32,0.0010350476435876217,0,0.10142566201311172,14.248033192021266,0,3.837631587600691,51.49520894043876,0,0,0,52.760168750000005
2010,CDRRC Pasture 3,E,FALL,2010-10-21,2010-10-21,1,32,0.41140628515865063,0.02137352121480574,3.085212820640417,61.964531209955304,0,47.618551136856375,30.73769368562115,0,0.0030461603039583208,0,0
2010,CDRRC Pasture 3,E,SPRING,2010-04-13,2010-04-13,1,32,11.068077214764624,0,1.470328229717976,11.435233820881372,0,9.590508111471042,13.237518494313676,8.6875e-5,0.0010595453834563034,0,0
2010,CDRRC Pasture 3,G,FALL,2010-10-20,2010-10-20,1,32,3.010550802080286,0.6995402692609698,1.3900915305355699,51.86924095574541,0,14.31970037623765,4.47623583357179,0,0.001849370704108443,0,18.772887500000003
2010,CDRRC Pasture 3,G,SPRING,2010-04-12,2010-04-12,1,32,28.420624455284827,2.360010231434508,1.0563440915669935,17.965059557514685,0,2.899915650244912,1.163117297510504,0,0.020758125,0,40.95578125
2010,CDRRC Pasture 3,S,FALL,2010-10-19,2010-10-19,1,32,0.13582113280827357,0.005893520104356259,7.5480336825656495,37.90769530916701,0,59.07035114381198,50.58143300223682,0,0,0,6.158250000000001
2010,CDRRC Pasture 3,S,SPRING,2010-04-13,2010-04-13,1,32,2.2986352582225518,0,1.1993222873347804,3.0906305954800493,0,12.87686007028919,24.43341444397,0,0,0,3.9515437500000004
2010,JER Pasture 12A,E,FALL,2010-10-28,2010-10-28,1,32,0.03383009437051473,0.005725133815660366,2.150156902443534,74.04750457688854,0,10.863960188800869,33.2268258653417,0,0.0036923155199494796,0,0
2010,JER Pasture 12A,E,SPRING,2010-04-08,2010-04-08,1,32,8.899951787501056,0,0.24516351347005974,41.025952935565286,0.0034212500000000002,1.8622753325347403,16.690376434828647,0,0,0,0
2010,JER Pasture 12A,G,FALL,2010-10-28,2010-10-28,1,32,0.23934758317724253,0,4.166327670692916,92.43011498885771,0,1.9596877661274528,27.9493771907686,0,0.20353889303721506,0,155.44336875000002
2010,JER Pasture 12A,G,SPRING,2010-04-08,2010-04-08,1,32,6.2720937226292905,3.1264210998523004e-4,0.36072445176714196,46.58461468521578,0,0.15906195219876756,26.552562897153262,0,0,0,160.61811875
2010,JER Pasture 12A,S,FALL,2010-11-04,2010-11-04,1,32,0,0,0.149072351470332,27.534615208451307,0,19.201553098906732,64.87890711964552,0,0.032307760799557945,0,263.07122187500005
2010,JER Pasture 12A,S,SPRING,2010-04-08,2010-04-09,2,32,1.1709577880280613,0,0.16700722128349207,6.251365925819099,0,6.330881087647231,52.857513897838444,0,0,0,237.114490625
2010,JER Pasture 9,E,FALL,2010-10-14,2010-10-14,1,32,0.8928976238401386,1.6280021695230014,2.844116006659283,164.94807926172197,0,17.266089033698027,35.998735203983735,0,0.006396084289742475,0,109.41601250000001
2010,JER Pasture 9,E,SPRING,2010-04-06,2010-04-07,2,32,4.353784232895097,0,0.13463381801290886,25.973895641830325,0.0034212500000000007,4.840027016175167,40.66445638777478,0,0.0023007262034373584,0,15.866046875
2010,JER Pasture 9,G,FALL,2010-10-12,2010-10-13,2,32,2.2646211835944667,0.3356111307340275,15.496985053837028,153.33308596402443,0,0,20.12468158409498,0,0.03337969803267589,0,10.0442375
2010,JER Pasture 9,G,SPRING,2010-04-05,2010-04-06,2,32,5.823851980746752,6.252842199704601e-5,0.23369639414355733,42.48806869275328,0,0,19.57931107211591,0,5.7375e-4,0,5.502103125
2010,JER Pasture 9,S,FALL,2010-10-13,2010-10-13,1,32,1.34540730788437,0.055901112865379424,4.311121395845467,158.8227998820744,0,2.7063586005795104,65.95231861331648,0,0.002641958148726347,0,14.21529375
2010,JER Pasture 9,S,SPRING,2010-04-07,2010-04-07,1,32,4.514289677723452,0.029075716228626397,0.37188099360095056,13.738668387972199,0,0.24111289625905097,39.4640296309401,0,3.6644315338252135e-4,0,11.802090625
2011,CDRRC Pasture 3,E,FALL,2011-10-16,2011-10-16,1,30,0.2909675421819542,0.32679783352072617,0.11634794122844766,2.4090506554290783,0,0,13.928212408512815,0,0,0,0
2011,CDRRC Pasture 3,E,SPRING,2011-04-15,2011-04-15,1,30,0,0,0,8.680158968294181,0,0.06415097466605135,20.24328353020163,0,0,0,0
2011,CDRRC Pasture 3,G,FALL,2011-10-15,2011-10-15,1,30,0.23509064218327666,0.09972560073784832,0.02802002136304178,1.1141149298157276,0,0.11372218236254558,1.7838950518686374,0,0,0,40.977666666666664
2011,CDRRC Pasture 3,G,SPRING,2011-04-15,2011-04-15,1,30,0,0,0,16.6701969058645,0,0,1.3309079260558405,0,0,0,66.95372666666667
2011,CDRRC Pasture 3,S,FALL,2011-10-17,2011-10-17,1,28,0.02586776167749991,0.24676112881934129,0.059611841233783776,0.37429357433140936,0,0.0015621178895954063,23.773436030007613,0,0,0,1.564
2011,CDRRC Pasture 3,S,SPRING,2011-04-15,2011-04-15,1,28,0,0,0,0.7397280888571005,0,0,26.197356750378567,0,0,0,1.5193142857142858
2011,JER Pasture 12A,E,FALL,2011-10-05,2011-10-05,1,32,3.7357740425433827,2.4077664565271,0.2332035558860735,4.5893786256415705,0,0.002733706306791961,32.620292305290214,0,0.17450691114045863,0,0
2011,JER Pasture 12A,E,SPRING,2011-04-13,2011-04-13,1,32,0,0,0,20.988905055956987,0,0,26.284208278641405,0,0,0,0
2011,JER Pasture 12A,G,FALL,2011-10-06,2011-10-07,2,32,1.5213700539343262,0.8048880216595049,0.41614893695810085,9.135363758073964,0,0.6692220543806646,26.4976013811627,0,0.007309417544809561,0,47.705521875
2011,JER Pasture 12A,G,SPRING,2011-04-13,2011-04-13,1,32,0,0,0,36.07036797826207,0,0,30.830471834734333,0,0,0,104.42183437500002
2011,JER Pasture 12A,S,FALL,2011-10-04,2011-10-04,1,30,2.1704738079706383,0.13720066196515238,0.11616312982593434,2.0065675894238986,0,0.2201544812403126,71.0385153649227,0,0.06650689313060458,0,0
2011,JER Pasture 12A,S,SPRING,2011-04-13,2011-04-13,1,30,0,0,0,1.57472507750677,0,0.1632933900590398,69.73892291947995,0,0,0,18.905440000000002
2011,JER Pasture 9,E,FALL,2011-10-10,2011-10-10,1,32,1.5656345231898678,0.2952581089790791,1.1825230791054289,31.825486549338365,0,0.55767608658556,54.490975035025855,0,0,0,35.30974375
2011,JER Pasture 9,E,SPRING,2011-04-12,2011-04-12,1,32,0,0,0,25.67334339488261,0,0.5071025199099087,45.39093286598442,0,0,0,16.63460625
2011,JER Pasture 9,G,FALL,2011-10-12,2011-10-12,1,32,0.5461799463320707,0.15272203343628638,2.6169606732563353,46.96281963011147,0,0,28.99740109113392,0,0.005195851025828483,0,0
2011,JER Pasture 9,G,SPRING,2011-04-12,2011-04-12,1,32,0,0,0,38.152893099223505,0,0,26.67320526438199,0,0,0,6.0949687500000005
2011,JER Pasture 9,S,FALL,2011-10-11,2011-10-11,1,32,3.0530608601362106,0.22364005641961102,1.053943207078961,27.853750168033866,0,0.013668531533959805,72.97057450279966,0,0.004227133037962155,0,8.3722875
2011,JER Pasture 9,S,SPRING,2011-04-12,2011-04-12,1,32,0,0,0,10.56311190029464,0,0.08201118920375883,42.289354698232046,0,0,0,162.5974125
2012,CDRRC Pasture 3,E,FALL,2012-10-25,2012-10-25,1,30,2.824708963570586,0.37601845796845634,0.8965868618125158,9.904861911058527,0,0.13646343336498434,19.376453629342386,0,0,0,0
2012,CDRRC Pasture 3,E,SPRING,2012-04-11,2012-04-11,1,30,0.043714286154908626,0,0.23682517567979353,1.3804117989958073,0,0.04549393055745744,12.119525934492158,0,0,0,0
2012,CDRRC Pasture 3,G,FALL,2012-10-24,2012-10-24,1,32,7.61752166869438,0.1968820290324162,1.029377880842445,7.571987090266215,0,0.6583765377216901,1.2161252725066007,0,0.009435911199599925,0,34.7550125
2012,CDRRC Pasture 3,G,SPRING,2012-04-11,2012-04-11,1,32,0.02943793270982631,0,0.04195255290758597,0.5793351864408911,0,0,3.9511329054782767,0,0,0,13.137599999999999
2012,CDRRC Pasture 3,S,FALL,2012-10-22,2012-10-22,1,32,1.0755560331442464,0.033034607014858136,1.0881264650676645,3.5692143341326106,0,0.37015706300252005,30.487740695831864,0,7.171875e-4,0,0.361675
2012,CDRRC Pasture 3,S,SPRING,2012-04-11,2012-04-11,1,32,0.01747617357856409,0,0.16479116845135885,0.416114607618858,0,0.08821347339314939,28.66202371087015,0,0,0,2.5806
2012,JER Pasture 12A,E,FALL,2012-10-09,2012-10-09,1,32,8.990910702987895,0.6004457663782485,0.6159568021672472,21.597492262832063,0,0.6910903104341082,36.77836019008017,0,0,0,0
2012,JER Pasture 12A,E,SPRING,2012-04-09,2012-04-09,1,32,0.087451002202928535,0,0.08383891784813989,1.683220789500157,0,0.07685775764118598,48.463618641028454,0,0,0,0
2012,JER Pasture 12A,G,FALL,2012-10-11,2012-10-11,1,32,7.952896134133111,0.12667537684644453,2.6153150789794792,32.95932281585618,0,0.9117392095915737,45.095303608839465,0,2.641958148726347e-4,0,10.87713125
2012,JER Pasture 12A,G,SPRING,2012-04-09,2012-04-09,1,32,0.023616577341187904,0,0.2648499453001299,3.5710878457738593,0,0.003548049267489593,47.71343068480733,0,0,0,17.17711875
2012,JER Pasture 12A,S,FALL,2012-10-10,2012-10-10,1,30,0.866305068170481,0.030084115741063337,0.21061728857292106,6.1529364483870594,0,0.1986345328285749,80.8243855878944,0,0,0,3.1175733333333335
2012,JER Pasture 12A,S,SPRING,2012-04-10,2012-04-10,1,30,0.2042019985409409,0,0.014516212736575336,0.21184973208116412,0,0.10672389421715815,68.57720557618087,0,0,0,0.08862666666666667
2012,JER Pasture 9,E,FALL,2012-10-17,2012-10-17,1,32,0.7925365194833358,0,0.6746961208035881,56.41737929151675,0,2.2061009895811123,43.12810396413182,0,0,0,42.86581875
2012,JER Pasture 9,E,SPRING,2012-04-10,2012-04-12,3,32,0.11793024698205874,0,0.1199948131066365,8.40495842232839,0,0.7873074163560848,56.92722156584645,0,0,0,29.26635
2012,JER Pasture 9,G,FALL,2012-10-26,2012-10-26,1,32,0.3712458581394463,0.0052084375,3.9787758866540806,61.77818676294418,0,0,23.464184008849067,0,0,0,1.9110125
2012,JER Pasture 9,G,SPRING,2012-04-10,2012-04-10,1,32,0.08387598677192833,0,0.3501759284768755,9.488993345905914,0,0,37.28091656840855,0,0,0,0.260259375
2012,JER Pasture 9,S,FALL,2012-10-16,2012-10-16,1,32,0.2982479929006739,0,0.626974427847385,28.119475707912603,0,0.21423481712204123,54.77558708538951,0,0,0,7.927525
2012,JER Pasture 9,S,SPRING,2012-04-10,2012-04-10,1,32,0.005881862912056311,0,0.06280125428240758,5.007487018129896,0,0.02870391622131559,45.32834268012365,0,2.86875e-4,0,11.767878125
2013,CDRRC Pasture 3,E,FALL,2013-10-22,2013-10-22,1,32,25.057980282444788,8.058053590881611,7.062656963185388,25.905950754642774,0,0.8125181321848688,47.649888108125765,0,0.005466664259716841,0,0
2013,CDRRC Pasture 3,E,SPRING,2013-04-25,2013-04-25,1,32,0,0,0.015601829397465006,2.889336873358883,0,0,16.835536735587187,0,0,0,0
2013,CDRRC Pasture 3,G,FALL,2013-10-23,2013-10-23,1,32,47.745998995925625,5.285759749169014,8.521476304885223,20.9343736684242,0,0,3.149081468421954,0,0.006212118476950956,0,48.61107500000001
2013,CDRRC Pasture 3,G,SPRING,2013-04-25,2013-04-25,1,32,0.0036548019546197817,0,7.479178064179013e-4,2.947650312860267,0,0,2.0775048661931703,0,0,0,24.243221875000003
2013,CDRRC Pasture 3,S,FALL,2013-10-25,2013-10-25,1,32,8.675119782395418,6.8697200722725125,5.0372753741042136,10.319425752493117,0,1.1763147956061653,43.81822702321562,0,0.6508710563224375,0,3.1585468750000003
2013,CDRRC Pasture 3,S,SPRING,2013-04-24,2013-04-24,1,32,0,0,0,0.29669741212580863,0,0,42.52768670888757,0,0,0,0
2013,JER Pasture 12A,E,FALL,2013-10-17,2013-10-17,1,32,17.18109221723735,7.961728860681317,1.8450934518081525,64.98077022251216,0,1.473902708410661,51.304584107279716,0,0,0,0
2013,JER Pasture 12A,E,SPRING,2013-04-24,2013-04-24,1,32,0,0,0,9.653182834057505,0,0.03553818198829549,25.96779144328009,0,0,0,0
2013,JER Pasture 12A,G,FALL,2013-10-18,2013-10-18,1,32,10.042117885338024,5.274659320609063,7.218137008875611,80.20450310054075,0,1.8863029325118763,54.39255266543017,0,0,0,13.9147125
2013,JER Pasture 12A,G,SPRING,2013-04-24,2013-04-24,1,32,0,0,0,22.637414020160328,0,0,46.237769192887484,0,0,0,9.24715
2013,JER Pasture 12A,S,FALL,2013-10-17,2013-10-17,1,32,3.9700205464213343,4.671018637094294,0.8991795413097851,12.900089548179862,0,0.34989221907190965,133.09996706279492,0,0,0,6.4661625
2013,JER Pasture 12A,S,SPRING,2013-04-24,2013-04-24,1,32,0,0,0,2.0043748516003475,0,0.22279706400354482,34.98852552665428,0,0,0,2.74921875
2013,JER Pasture 9,E,FALL,2013-10-10,2013-10-10,1,32,21.120933306959785,12.253292996088952,9.046731337985896,77.40016265889867,0,2.253940849949972,56.625769289580184,0,0.03117510615497089,0,65.03877500000002
2013,JER Pasture 9,E,SPRING,2013-04-23,2013-04-23,1,31,0,0,0,16.594092911785303,0,1.375671560837245,37.57541993321317,0,0,0,5.524451612903227
2013,JER Pasture 9,G,FALL,2013-10-08,2013-10-08,1,32,20.54702440060196,13.622297504213567,15.875997332875155,135.47872692309983,0,1.1533940709969788,21.213383839784044,0,7.045221729936925e-5,0,0.9762781250000001
2013,JER Pasture 9,G,SPRING,2013-04-23,2013-04-23,1,32,0,0,0,33.49517124673322,0,0,28.537658846456235,0,0,0,0.5425125000000001
2013,JER Pasture 9,S,FALL,2013-10-09,2013-10-09,1,32,26.915057152515224,8.850146049205119,5.742220298160934,50.83076016832684,0,0.37521285445830777,111.29635980911205,0,4.931655210955848e-4,0,166.012859375
2013,JER Pasture 9,S,SPRING,2013-04-23,2013-04-23,1,31,0,0,0,10.207934494040424,0,0.15520397096625327,26.82966428735434,0,0,0,4.414516129032258
2014,CDRRC Pasture 3,E,FALL,2014-10-28,2014-10-28,1,32,7.073028107315619,10.994704222709712,12.425573792192834,44.22553929333737,0,1.787208786019637,45.58176157597037,0,0,0,0
2014,CDRRC Pasture 3,E,SPRING,2014-04-28,2014-04-28,1,32,0.7071833431302619,0,1.6792228367000126,9.319185012470744,0,0.06447897226495511,51.334146247181394,0,4.3031250000000003e-4,0,0
2014,CDRRC Pasture 3,G,FALL,2014-10-28,2014-10-28,1,31,12.994397091382224,6.759459740080897,9.257968114428882,56.22908032099246,0,4.30864394533976,1.372156811809627,0.05116932258064516,0.0020313112366944957,0,43.22063548387097
2014,CDRRC Pasture 3,G,SPRING,2014-04-25,2014-04-25,1,32,0.9138430251223777,0,0.40446109229965577,11.874965780591063,0,4.92067135222553e-4,5.141773574621369,0,0.004733437500000001,0,40.74953125
2014,CDRRC Pasture 3,S,FALL,2014-10-28,2014-10-28,1,31,3.6581314599028114,7.101098829638557,12.380891419944104,29.66973710956961,0,2.346216132460479,48.1444788215267,0,5.922580645161291e-4,0,0
2014,CDRRC Pasture 3,S,SPRING,2014-04-28,2014-04-28,1,32,1.4061936812436395,0,2.105105787395476,4.151486315219702,0,0.32781203745171594,73.44825790824525,0,0,0,1.4906875000000002
2014,JER Pasture 12A,E,FALL,2014-10-27,2014-10-27,1,32,0.6075381587537083,3.7761986654476303,0.9651917960993687,47.61422590461522,0,0.9605923895889567,41.91239975096464,0,0.00286875,0,0
2014,JER Pasture 12A,E,SPRING,2014-05-02,2014-05-02,1,32,0,0,0.011051246936344496,20.786586108923313,0,0.10100512888754978,32.830285437005514,0,0,0,0
2014,JER Pasture 12A,G,FALL,2014-10-27,2014-10-27,1,32,0.3747339117299648,4.859392681450991,2.94377849828899,81.40726723093292,0,1.5664490283111558,55.35046981743293,0,0.004876875000000001,0,11.370768750000002
2014,JER Pasture 12A,G,SPRING,2014-05-02,2014-05-02,1,32,0,0,0.1292215465625804,43.39372145505482,0,0,51.1382130491583,0,0,0,12.915218750000001
2014,JER Pasture 12A,S,FALL,2014-10-27,2014-10-27,1,30,0.08622706974520818,0.7723600790728973,0.5642215602456239,12.442986144169346,0,0.2682677122398511,93.49528144979212,0,6.12e-4,0,97.58054
2014,JER Pasture 12A,S,SPRING,2014-05-02,2014-05-02,1,30,0,0,0.007715813811109967,2.203484181197936,0,0.3236708267241682,71.76116357379257,0,0,0,7.7418000000000005
2014,JER Pasture 9,E,FALL,2014-10-29,2014-10-29,1,32,0.6358811368765417,2.3457791130596353,9.287294877240837,56.06631091761474,0,4.408101419702037,46.91409663981457,0,0,0,97.24831875000001
2014,JER Pasture 9,E,SPRING,2014-04-25,2014-04-25,1,32,0.19877693145940675,0,0.8988935677222425,21.728925734889486,0,2.344153158074106,56.10384461269554,0,5.7375e-4,0,149.4264875
2014,JER Pasture 9,G,FALL,2014-10-30,2014-10-30,1,32,1.227973147672755,1.6475397923977053,7.643126239945857,72.43941520007165,0,0.21293429003021147,26.07584616154136,0,0.0010040625000000002,0,3.283178125
2014,JER Pasture 9,G,SPRING,2014-04-25,2014-04-25,1,32,0.20842381966001988,0,1.3635475012957579,41.333623669711464,0,0,27.799624733049043,0,0.0027253125000000003,0,1.306184375
2014,JER Pasture 9,S,FALL,2014-10-29,2014-10-29,1,32,0.6740936936790792,0.45643026375347706,3.7190876314616523,25.5031316881221,0,1.149301620031406,41.18617718783251,0,0,0,130.68562500000002
2014,JER Pasture 9,S,SPRING,2014-04-23,2014-04-23,1,32,0.06702239719355409,0,0.4702743737685978,6.212709980710881,0,0.17222349732789355,43.39844463661191,0,1.434375e-4,0,135.342065625
2015,CDRRC Pasture 3,E,FALL,2015-10-07,2015-10-07,1,32,10.328639720283515,1.0873234502105054,8.415032244355967,44.045014906321725,0,4.0139269304572585,25.611006996190977,0,0,0,0
2015,CDRRC Pasture 3,E,SPRING,2015-04-22,2015-04-22,1,32,23.72565023634092,0,4.466047441315846,11.38101388228217,0,0.7207937261941465,6.650054340087226,0,0,0,0
2015,CDRRC Pasture 3,G,FALL,2015-10-07,2015-10-08,2,32,12.119098111524027,0.2943130811227686,2.8580530241385107,35.4218790160648,0,7.970579721382872,9.552555209561689,0,0,0,43.666625
2015,CDRRC Pasture 3,G,SPRING,2015-04-22,2015-04-23,2,32,12.985365796326425,0,0.5150858636132671,16.203962673683353,0,0.549201597034505,3.698805572029039,0,0,0,44.1781125
2015,CDRRC Pasture 3,S,FALL,2015-10-09,2015-10-09,1,32,11.164408767331276,0.3871926893801784,13.745772951157528,33.18755338301621,0,19.575377632241004,87.11147121714296,0,0,0,17.272425000000002
2015,CDRRC Pasture 3,S,SPRING,2015-04-23,2015-04-23,1,32,7.0443593824237265,0,3.5265917269325096,8.745395103956598,0,3.0231344068372246,25.610395365710254,0,0,0,0
2015,JER Pasture 12A,E,FALL,2015-10-15,2015-10-15,1,32,3.0254861839257092,0.014645885063324055,1.2068427866989853,36.42206715131782,0,1.2171844423562619,47.723691519466485,0,0,0,0
2015,JER Pasture 12A,E,SPRING,2015-04-20,2015-04-20,1,32,1.7899961599800185,0.00757738299131519,0.8021870655124069,20.45377302709869,0,0.43426885072612675,25.36533541976676,0,0,0,0
2015,JER Pasture 12A,G,FALL,2015-10-16,2015-10-16,1,32,4.1175548830648845,0.11899456338056412,1.7467570960803214,54.13048731903551,0,1.3501808193934683,49.42253273095724,0,0,0,51.03379375
2015,JER Pasture 12A,G,SPRING,2015-04-20,2015-04-20,1,32,3.045842589827559,0.04630622939137061,2.3225156077285494,37.06768387397776,0,0.4495541629996664,35.68940078902077,0,0,0,10.168443750000002
2015,JER Pasture 12A,S,FALL,2015-10-14,2015-10-14,1,29,0.17911453490868837,0,0.3709578836478867,4.252448892338292,0,0.888058633621576,109.84197282830402,0,0,0,8.542675862068966
2015,JER Pasture 12A,S,SPRING,2015-04-20,2015-04-20,1,29,0.02766551724137931,0,0.2999911325417836,2.302074324889484,0,0.3560680744316944,49.32345673833078,0,0,0,9.837020689655173
2015,JER Pasture 9,E,FALL,2015-10-26,2015-10-26,1,32,3.658752531156208,0,8.057940299922471,59.359626858771115,0,6.067461147924757,75.3783598285839,0,0,0,26.164009375000003
2015,JER Pasture 9,E,SPRING,2015-04-21,2015-04-21,1,32,1.0047979281203099,0,2.3525229660189866,24.795708272584985,0,3.0581972454081665,31.18703821212652,0,0,0,26.377837500000002
2015,JER Pasture 9,G,FALL,2015-10-26,2015-10-26,1,32,11.319337991569446,0.008419314434794656,13.869440964178127,80.36416923602188,0,0.08870123168723983,41.02307572630606,0,0,0,4.51605
2015,JER Pasture 9,G,SPRING,2015-04-21,2015-04-21,1,32,2.0475655349048116,0,2.794844161727093,34.8812095146712,0,0,19.38358931828417,0,1.434375e-4,0,2.6697968750000003
2015,JER Pasture 9,S,FALL,2015-10-26,2015-10-26,1,32,10.856009198170126,0.5537539115451705,7.8223804518319096,39.10934229753104,0,4.916293440297075,77.52824096832943,0,0,0,43.0361
2015,JER Pasture 9,S,SPRING,2015-04-21,2015-04-21,1,32,0.6468928028696365,0,1.5499346712722442,10.475571831248555,0,0.8416315086295271,33.42568732230783,0,0,0,15.804953125
2016,CDRRC Pasture 3,E,FALL,2016-10-19,2016-10-21,3,32,1.5362048389744019,1.6080975934798332,1.4928157118350627,24.92020323801377,0,1.0931275115574026,27.316028899623117,0,0,0,0
2016,CDRRC Pasture 3,E,SPRING,2016-04-20,2016-04-20,1,32,0.08023684020859598,0,0.27020573380002194,10.561695103338668,0,0.24177424858876367,22.837874396587495,0,0,0,0
2016,CDRRC Pasture 3,G,FALL,2016-10-19,2016-10-19,1,32,0.5647558497558134,0.5428694701851082,0.41695391462217035,29.42292178088711,0,7.124858747391888,7.344674250187817,0,0,0,16.138525
2016,CDRRC Pasture 3,G,SPRING,2016-04-20,2016-04-20,1,32,0.09168924594648298,0,0.0037980988845641387,19.201159016795337,0,2.438739396289108,3.4393412730964363,0,0,0,28.3035125
2016,CDRRC Pasture 3,S,FALL,2016-10-19,2016-10-19,1,32,0.19408882946271505,0.27471037192414743,1.5326493936706806,19.818852456324134,0,16.384256738521387,44.64148165027038,0,0,0,7.243275000000001
2016,CDRRC Pasture 3,S,SPRING,2016-04-20,2016-04-20,1,32,0.09602624048965745,0,0.20478127336500263,3.8318970012935663,0,8.276173952771988,47.112876546049925,0,0,0,10.19776875
2016,JER Pasture 12A,E,FALL,2016-10-25,2016-10-25,1,31,0.1656862297337394,0.19536819216272092,0.3998393780502736,27.84499910047397,0,0.21161784707358836,38.6041166350729,0,0,0,0
2016,JER Pasture 12A,E,SPRING,2016-04-19,2016-04-19,1,31,0.30146275942413503,0,0.09651863077093027,14.4990896508565,0,0.17059610596658578,25.300761709680327,0,0,0,0
2016,JER Pasture 12A,G,FALL,2016-10-25,2016-10-25,1,32,0.4784620965120607,0.41143105134219365,1.014783858882116,45.9475550975702,0,0.38457795508864545,44.93225176439832,0,0.008039131498877151,0,11.750771875000002
2016,JER Pasture 12A,G,SPRING,2016-04-19,2016-04-19,1,32,0.5447928458510582,0,0.20364962141848578,31.081874755491246,0,0.15085422082119954,57.4220480995798,0,0,0,8.582450000000001
2016,JER Pasture 12A,S,FALL,2016-10-25,2016-10-25,1,28,0,0,0,1.5409752450327432,0,0.01249694311676325,85.51409627831829,0,0,0,4.692
2016,JER Pasture 12A,S,SPRING,2016-04-19,2016-04-19,1,27,0,0,9.140816653796559e-4,1.4210189384464125,0,0.15130558166184838,55.877690844500655,0,0,0,10.856766666666667
2016,JER Pasture 9,E,FALL,2016-10-24,2016-10-24,1,32,5.276771193830424,2.640636373155148,6.949921248193939,69.02853516983919,0,8.279029550119454,50.29437442995027,0,0,0,118.74341562500001
2016,JER Pasture 9,E,SPRING,2016-04-18,2016-04-18,1,32,0.05253745893044452,0,0.38414518784979856,32.29328732977852,0,3.7968446895033545,61.780387104296764,0,0,0,71.09881250000001
2016,JER Pasture 9,G,FALL,2016-10-12,2016-10-14,3,32,7.085447354465904,6.312809210758251,16.56467570967148,138.08238902224338,0,0.047762201677744524,31.91487848418831,0,0,0,0.6647000000000001
2016,JER Pasture 9,G,SPRING,2016-04-19,2016-04-19,1,32,0.1757794210017809,0,0.8089640392859508,42.00852498065188,0,0,26.44363995728351,0,0,0,2.4877375
2016,JER Pasture 9,S,FALL,2016-10-24,2016-10-24,1,32,7.251564190817879,1.3317492274561333,3.2671674710256604,31.592239810295315,0,5.408482610605665,85.3703631153481,0,0,0,9.25936875
2016,JER Pasture 9,S,SPRING,2016-04-18,2016-04-18,1,32,0.05238834902632897,0,0.15663943310328948,10.733894462738096,0,1.3411016399860003,65.66362902641465,0,0,0,12.784478125
2017,CDRRC Pasture 3,E,FALL,2017-11-03,2017-11-03,1,31,5.597917338267627,0.8065803801841295,4.349990546154243,12.567594247656274,0,13.628619577931847,20.324757094681985,0,0,0,0
2017,CDRRC Pasture 3,E,SPRING,2017-05-01,2017-05-01,1,26,19.01637119726761,0,2.5422936773640847,4.09752380050477,0,5.604676925758612,23.07383829948432,0,0,0,0
2017,CDRRC Pasture 3,G,FALL,2017-11-03,2017-11-03,1,31,6.086106807842088,0.32971181566061813,1.6014634477980132,19.187068846952187,0,47.793996061185084,1.803586484234433,0,0,0,21.300670967741937
2017,CDRRC Pasture 3,G,SPRING,2017-05-01,2017-05-01,1,31,4.856903757005082,0,0.33020781311414515,9.240220364450638,0,22.989094368559556,3.6454400865759156,0,0,0,11.41846129032258
2017,CDRRC Pasture 3,S,FALL,2017-11-03,2017-11-03,1,31,8.975761417378354,0.005376451612903226,1.303429551117729,1.9884047092982686,0,68.43408339599758,36.44591600545515,0,0,0,3.9503612903225807
2017,CDRRC Pasture 3,S,SPRING,2017-05-01,2017-05-01,1,31,7.962982606646244,0,1.4996903945159403,2.3727701164305537,0,32.06861109287151,43.5407243551064,0,0,0,4.47758064516129
2017,JER Pasture 12A,E,FALL,2017-10-12,2017-10-12,1,32,8.074313890334922,0.9255964062419004,5.6737367201543965,62.380383943421094,0,2.0266056395285332,61.86642312525197,0,0,0,0
2017,JER Pasture 12A,E,SPRING,2017-04-20,2017-04-20,1,32,2.580972520274198,0.001347090309567145,0.46348252886773916,10.784168067632164,0,0.5801607836982059,39.24119225912958,0,0,0,0
2017,JER Pasture 12A,G,FALL,2017-10-12,2017-10-12,1,32,1.2653282217498711,0.4710843737030655,8.62631797378546,54.07831373582198,0,3.62468719344454,44.42464160546234,0,0,0,12.07945625
2017,JER Pasture 12A,G,SPRING,2017-04-20,2017-04-20,1,32,3.4009712540250887,0,2.0766532963010995,23.44021324924852,0,0.7712501142538324,50.097367595226416,0,0,0,11.672175000000001
2017,JER Pasture 12A,S,FALL,2017-10-12,2017-10-12,1,28,3.1659491514188525,0.003359962841597568,0.33453223133693877,5.8046258558186885,0,1.6355374304063903,103.08711374735391,0,0,0,9.115885714285714
2017,JER Pasture 12A,S,SPRING,2017-04-20,2017-04-20,1,28,0.8135751614864916,0,0.021182034593478227,0.12914352939912163,0,0.3586622674511053,80.9637985038182,0,0,0,2.323657142857143
2017,JER Pasture 9,E,FALL,2017-10-19,2017-10-19,1,32,6.956061949370627,3.133403298992122,4.928591220718476,76.73410877480472,0,19.354640652087085,57.85922409237397,0,0,0,23.06166875
2017,JER Pasture 9,E,SPRING,2017-04-26,2017-04-26,1,32,1.7831682186166509,0,1.3092643658600969,23.442488043980212,0,8.210686892449655,40.082388046952254,0,1.434375e-4,0,39.7984875
2017,JER Pasture 9,G,FALL,2017-10-20,2017-10-20,1,32,8.004688350233003,1.4493778077890203,9.18169743019773,102.57056385471441,0,0,17.287735537669274,0,0,0,0.7380125000000001
2017,JER Pasture 9,G,SPRING,2017-04-26,2017-04-26,1,32,2.2592981839153268,0,3.853387482921491,43.84464019527189,0,0.0811178247734139,24.599574057900075,0,0,0,0.15395625000000002
2017,JER Pasture 9,S,FALL,2017-10-19,2017-10-19,1,32,5.245346307798488,0.6596447485113136,2.5211402226342603,34.27696637328743,0,16.230554656126944,84.8290701399072,0,0,0,136.9618125
2017,JER Pasture 9,S,SPRING,2017-04-26,2017-04-26,1,32,0.3134745041985715,0,1.3885900113672047,11.994814905073618,0,6.769671416088149,78.36678635740229,0,0,0,20.408221875000002
2018,CDRRC Pasture 3,E,FALL,2018-10-25,2018-10-25,1,31,0.2762017946233938,0.24234705956317537,2.8218568263925716,6.44525256430835,0,4.3450698765736275,31.834248487482093,0,0,0,0
2018,CDRRC Pasture 3,E,SPRING,2018-04-25,2018-04-25,1,31,0.1981254803994296,0,0.6295626421325453,1.1261378522020113,0,1.3149963368521926,11.944288321204812,0,0,0,0
2018,CDRRC Pasture 3,G,FALL,2018-10-25,2018-10-25,1,31,2.1213532413548837,0.4244216137178261,1.2000187180968656,7.6743293645524,0,9.629700925860714,1.5944143092191134,0,0,0,22.531690322580648
2018,CDRRC Pasture 3,G,SPRING,2018-04-25,2018-04-25,1,31,0.09726017642937476,0,0.07358840242044133,1.4867292324157797,0,6.949751630830701,0.9643457064525561,0,0,0,16.18613870967742
2018,CDRRC Pasture 3,S,FALL,2018-10-25,2018-10-25,1,31,0.22245448755855568,0.03956858960524665,2.292975148379556,2.660556104188674,0,26.782396699603385,61.02983100771432,0,0,0,3.344941935483871
2018,CDRRC Pasture 3,S,SPRING,2018-04-25,2018-04-25,1,31,2.178971649745769e-4,0,0.2573292918435254,0.13521105377359505,0,12.38018969307928,22.81105472884133,0,0,0,1.4126451612903226
2018,JER Pasture 12A,E,FALL,2018-10-31,2018-10-31,1,29,0.017308050432514904,0.034580152137968626,0.14973703874935657,17.82512109186852,0,0.006023213610592413,54.486011688825954,0,0,0,0
2018,JER Pasture 12A,E,SPRING,2018-04-23,2018-04-23,1,29,0,0,0.21845594097335233,7.6972298602781555,0,0.3952788853849035,25.85709335650442,0,0,0,0
2018,JER Pasture 12A,G,FALL,2018-10-31,2018-10-31,1,32,0.01624004239689964,0.02316306386415561,0.6470429911737123,41.72037231132709,0,0.3376016347900765,93.72992518810557,0,0,0,2.30934375
2018,JER Pasture 12A,G,SPRING,2018-04-23,2018-04-23,1,32,0.0863615712172142,0,0.878548177009851,18.230547132586132,0,0.2881563921261339,33.72229950056915,0,0,0,0.64759375
2018,JER Pasture 12A,S,FALL,2018-10-31,2018-10-31,1,29,0,0,0.0036792748259825317,1.3910276703843556,0,0.18099021065657123,93.71585011776739,0,0,0,6.601158620689656
2018,JER Pasture 12A,S,SPRING,2018-04-23,2018-04-23,1,29,0,0,0.008514968484718256,0.10425105837659258,0,0.09199846037811038,33.651993412269945,0,0,0,4.662337931034482
2018,JER Pasture 9,E,FALL,2018-10-22,2018-10-22,1,32,0,0,0.05959178295000482,13.373627356604505,0,9.078638644856103,55.318918829099495,0,0,0,21.9008875
2018,JER Pasture 9,E,SPRING,2018-04-24,2018-04-24,1,32,0,0,0.20865436755031275,8.443376251548806,0,11.168557116398556,13.625088342265906,0,0,0,2.5879312500000005
2018,JER Pasture 9,G,FALL,2018-10-22,2018-10-22,1,32,0.08356136864451345,0,1.6820702961299645,43.1810269075922,0,0,28.557027145012498,0,0,0,0.49485937500000005
2018,JER Pasture 9,G,SPRING,2018-04-24,2018-04-24,1,32,2.0905026272949147e-4,0,1.3925754904796683,20.159408363423335,0,0.0027292686672996873,8.320213306118085,0,0,0,1.592103125
2018,JER Pasture 9,S,FALL,2018-10-22,2018-10-22,1,31,0,0,0.031066877800742063,3.39567728161233,0,9.416648202079767,45.86434143473678,0,2.9612903225806456e-4,0,48.323648387096775
2018,JER Pasture 9,S,SPRING,2018-04-24,2018-04-24,1,31,0,0,0.11998005266198547,10.010539087488642,0,7.219806540311981,55.47764680385518,0,0,0,97.17694193548387
2019,CDRRC Pasture 3,E,FALL,2019-10-23,2019-10-23,1,32,6.07592968960829,0,1.0945868139786286,2.670042560872539,0,32.29043208072229,34.54590893543687,0,0,0,0
2019,CDRRC Pasture 3,E,SPRING,2019-04-24,2019-04-24,1,32,5.851681826013307,0,0.5628142576822012,2.153438176202031,0,8.565092258789873,14.859562529194232,0,0,0,0
2019,CDRRC Pasture 3,G,FALL,2019-10-23,2019-10-23,1,32,4.67902155251403,0.04058109557571024,1.9750486739982163,6.3903423565232345,0,25.10881905725348,5.798500655749701,0,0,0,24.841940625
2019,CDRRC Pasture 3,G,SPRING,2019-04-24,2019-04-24,1,32,6.607760632983681,0,0.23215422913929934,2.2987979180944973,0,12.465842792244167,1.8747436740815395,0,0,0,34.878346875000005
2019,CDRRC Pasture 3,S,FALL,2019-10-23,2019-10-23,1,31,1.9422192639831315,0,0.7244416813900554,2.403739635453374,0,95.10910942592501,69.19942537545019,0,0,0,0.2396451612903226
2019,CDRRC Pasture 3,S,SPRING,2019-04-24,2019-04-24,1,31,2.276416319670316,0.0012167267312219374,0.4005137406829833,0.337244485377349,0,32.1614704316331,25.78055359611646,0,8.550012527416369e-5,0,1.3457967741935486
2019,JER Pasture 12A,E,FALL,2019-10-17,2019-10-17,1,32,3.896108218180114,0.09984553052049573,1.8332583544976468,33.74283263546955,0,1.8872511313659577,91.17167822501706,0,0,0,0
2019,JER Pasture 12A,E,SPRING,2019-04-22,2019-04-22,1,32,1.169354591303695,0,0.5327657999617353,6.822373618356376,0,0.1253274919147855,42.80659020809781,0,0,0,0
2019,JER Pasture 12A,G,FALL,2019-10-17,2019-10-17,1,32,4.825290280113728,0.024821805874212996,5.479494159414985,78.00766619411289,0,2.717685826327096,132.99621913475914,0,0,0,10.4788
2019,JER Pasture 12A,G,SPRING,2019-04-22,2019-04-22,1,32,1.9228625534110677,0,0.46592842811754537,11.740986175176202,0,0.02821184908609304,17.474108593084544,0,0,0,3.4151406250000003
2019,JER Pasture 12A,S,FALL,2019-10-17,2019-10-17,1,27,0,0,0.12831336253470904,7.820369588476364,0,0.9751969359259519,167.75408173636487,0,0,0,9.638874074074074
2019,JER Pasture 12A,S,SPRING,2019-04-22,2019-04-22,1,27,0.020742041316863555,0,0.0038020442017309337,0.41965042842540035,0,0.16710338039182063,32.71588184333446,0,0,0,4.744133333333333
2019,JER Pasture 9,E,FALL,2019-10-10,2019-10-10,1,32,3.6068200378220765,0.35761803701301614,2.2634665534635845,46.39093743406105,0,17.065841718495893,98.24824288699595,0,0,0,23.4355625
2019,JER Pasture 9,E,SPRING,2019-04-23,2019-04-23,1,32,2.416415606676442,0,0.11186956983839048,1.6138294696369597,0,6.152752784696667,17.013521205477925,0,0,0,6.6616625
2019,JER Pasture 9,G,FALL,2019-10-10,2019-10-10,1,32,3.1984573719594374,0.10664567050227783,3.0239275317953385,55.80231390579662,0,0.019956056039581317,25.954539449531065,0,0,0,0.8162125
2019,JER Pasture 9,G,SPRING,2019-04-23,2019-04-23,1,32,3.184448131268082,0,0.9704111927624848,7.14028325757779,0,0,22.591387312855645,0,0,0,0.029325
2019,JER Pasture 9,S,FALL,2019-10-10,2019-10-10,1,32,2.500442211984742,0.013621849353643474,0.3256536739370937,16.455599533630757,0,18.518277857753386,105.02510861342,0,0,0,18.386775
2019,JER Pasture 9,S,SPRING,2019-04-23,2019-04-23,1,32,0.7875155626758391,0,0.06832163081119363,2.5518401859919995,0,7.590452312374084,59.60135157830338,0,0,0,11.1044
2020,CDRRC Pasture 3,E,FALL,2020-10-20,2020-10-20,1,31,3.0577185639544107,0,0.077983591843335,0.2581681897913722,0,99.13633265290062,28.204977901645123,0,0,0,0
2020,CDRRC Pasture 3,E,SPRING,2020-04-21,2020-04-21,1,31,12.380918749831716,0,0.38679546982549917,0.38546447962849506,0,30.923572866815412,11.110892466179333,0,0,0,0
2020,CDRRC Pasture 3,G,FALL,2020-10-21,2020-10-21,1,32,0.1962555841319053,0,0.04280645365805236,0.3054335406917747,0,62.685252467893065,2.884857100749103,0,0,0,146.45500312500002
2020,CDRRC Pasture 3,G,SPRING,2020-04-21,2020-04-21,1,32,11.920426105538558,0,0.019761976412904277,0.03210634282421204,0,26.323490933956563,1.6371309200717525,0,0,0,13.463840625000001
2020,CDRRC Pasture 3,S,FALL,2020-10-23,2020-10-23,1,32,1.85974412747683,0,0.009218041135108487,0.0141673846894744,0,195.7090925159818,41.344793359166985,0,0,0,0
2020,CDRRC Pasture 3,S,SPRING,2020-04-21,2020-04-21,1,32,6.762478346529811,0,0.23048164879005367,0.22120043246231666,0,69.29814269814895,20.345072433982597,0,0,0,0.9054093750000001
2020,JER Pasture 12A,E,FALL,2020-10-08,2020-10-08,1,32,0.3168306642341054,0,0.549156749057784,8.287657669058321,0,14.261491186314522,43.30303028161894,0,0,0,0
2020,JER Pasture 12A,E,SPRING,2020-04-20,2020-04-20,1,32,2.374190655621066,0,0.8079939280515224,5.80940865130806,0,1.297546160550645,17.213320495847828,0,0,0,0
2020,JER Pasture 12A,G,FALL,2020-10-08,2020-10-08,1,32,3.405079214696984,0,0.4245776062933623,22.288997589261644,0,11.056958821065733,67.67955712179328,0,0,0,3.0546875
2020,JER Pasture 12A,G,SPRING,2020-04-20,2020-04-20,1,32,3.954940127483776,0,0.778007125649544,14.345565304557214,0,2.4830053852258347,23.296428917414246,0,0,0,2.100403125
2020,JER Pasture 12A,S,FALL,2020-10-09,2020-10-09,1,29,0.16398973757568724,0,0.00772365197109286,1.633137051081125,0,4.710457582435077,96.20084148883107,0,0,0,8.460356896551724
2020,JER Pasture 12A,S,SPRING,2020-04-20,2020-04-20,1,29,1.461395962144844,0,0.05307461990634322,0.0981020476861347,0,0.5656547383720039,34.77413146757193,0,0,0,8.457734482758621
2020,JER Pasture 9,E,FALL,2020-10-14,2020-10-14,1,32,2.570632272656124,0,0.5280605109943052,18.3879721843692,0,21.686492131780625,70.7085611082547,0,0.35117468865824963,0,332.429228125
2020,JER Pasture 9,E,SPRING,2020-04-23,2020-04-23,1,32,3.091341724475103,0,0.1945364499763266,2.9534654249341696,0,8.309100319494165,27.17963530242162,0,0,0,13.393949375000002
2020,JER Pasture 9,G,FALL,2020-10-14,2020-10-14,1,32,2.3777445550190244,0.0052084375,3.224163795350323,23.094396934354073,0,0.7565234952429415,33.07799578169882,0,0,0,0.0439875
2020,JER Pasture 9,G,SPRING,2020-04-23,2020-04-23,1,32,4.590584581340703,0,1.1831433335459312,7.306179157502194,0,0.06014153874942314,10.594459310277538,0,0,0,0.146625
2020,JER Pasture 9,S,FALL,2020-10-14,2020-10-14,1,32,1.1597516054991697,0,0.10637469774739738,4.567685118796995,0,18.299720782538735,68.85328198339131,0,0,0,58.800174999999996
2020,JER Pasture 9,S,SPRING,2020-04-22,2020-04-22,1,32,6.548157758487719,0,0.08877759606373853,1.5662294264361882,0,10.848089476735183,41.634910083857164,0,0,0,4.448846875
2021,CDRRC Pasture 3,E,FALL,2021-10-20,2021-10-20,1,32,0.32163339989750805,2.2778012198436017,0.24321056208073813,1.5984179142919732,0,9.127326694215254,23.29618950347682,0,0,0,0
2021,CDRRC Pasture 3,E,SPRING,2021-04-22,2021-04-22,1,32,0,0,0,0.0051302146188900635,0,8.23939080867097,11.183051709561118,0,0,0,0
2021,CDRRC Pasture 3,G,FALL,2021-10-19,2021-10-19,1,32,0.3493824962689201,1.6217264342947897,0.3042299866289073,0.7057624335879343,0,4.894701142311006,3.8035260827968385,0,7.045221729936925e-5,0,12.608528125
2021,CDRRC Pasture 3,G,SPRING,2021-04-22,2021-04-22,1,32,0.02353125,0,0,0.040252284377916926,0,4.247632859493349,1.0515966731917932,0,3.0536929448543446e-5,0,25.03855
2021,CDRRC Pasture 3,S,FALL,2021-10-21,2021-10-21,1,32,0.2994030134008861,1.6454195586297202,0.4215865883134997,2.099182083936766,0,7.039840481250658,10.836461103817408,0,5.673392508169093e-5,0,0
2021,CDRRC Pasture 3,S,SPRING,2021-04-22,2021-04-22,1,32,0,0,0,0.010366515126996663,0,8.15464591316042,13.435279016414498,0,0,0,0
2021,JER Pasture 12A,E,FALL,2021-10-06,2021-10-06,1,32,2.240004224369227,1.5095501102635915,0.2023453493978509,10.089584654372452,0,6.255798205158348,36.19302982002712,0,0,0,0
2021,JER Pasture 12A,E,SPRING,2021-04-20,2021-04-20,1,32,0,0,0,2.5523576669243684,0,1.2709000620275825,16.942775946540827,0,0,0,0
2021,JER Pasture 12A,G,FALL,2021-10-07,2021-10-07,1,32,2.2139647165960312,1.4683122136108782,3.925672237168522,34.797941231107615,0,6.0127605163569156,47.493464754575974,0,0,0,0
2021,JER Pasture 12A,G,SPRING,2021-04-20,2021-04-20,1,32,0,0,0,4.696566728107515,0,0.5125699325234927,38.0283979838974,0,0,0,0.0029325000000000006
2021,JER Pasture 12A,S,FALL,2021-10-08,2021-10-08,1,31,0.07348150275780431,0.3412880713195557,0.037803513181716666,3.443395963978805,0,1.2126787613904708,101.40743927670128,0,0.01909027823595812,0,6.810967741935484
2021,JER Pasture 12A,S,SPRING,2021-04-20,2021-04-20,1,31,0,0,0,0.2641407747757332,0,0.5403920080006819,35.89280212005667,0,0,0,3.2453000000000003
2021,JER Pasture 9,E,FALL,2021-10-25,2021-10-25,1,32,4.343019902428505,3.8666300672722214,1.733628501567889,15.99743367158827,0,2.5320627541222422,43.300135230676844,0,0.08022746244965674,0,22.360312500000003
2021,JER Pasture 9,E,SPRING,2021-04-21,2021-04-21,1,32,0,0,0,3.0304776271808245,0,2.529225075043922,21.664359380904678,0,0,0,8.98078125
2021,JER Pasture 9,G,FALL,2021-10-25,2021-10-29,5,32,4.252907236401189,4.958321022255939,2.4156843777965675,24.773687691102992,0,0.26927007121900814,17.050219034321376,0,0.06948349931150292,0,0
2021,JER Pasture 9,G,SPRING,2021-04-21,2021-04-21,1,32,0,0,0.006263021704353613,6.195418087361626,0,0.16402237840751765,13.107241201919424,0,0,0,0.001955
2021,JER Pasture 9,S,FALL,2021-10-25,2021-10-25,1,32,7.7309663413863,3.2414412936300296,0.23015392189440226,6.102094511446879,0,4.877926682410396,34.419505302753876,0,0.16926145206173462,0,13.311337500000002
2021,JER Pasture 9,S,SPRING,2021-04-21,2021-04-21,1,32,0,0,0,0.4492357934608065,0,0.7990623534752902,26.584559620042363,0,0,0,14.426931249999999
2022,CDRRC Pasture 3,E,FALL,2022-10-25,2022-10-25,1,32,3.2043573303207395,1.4815689861057302,3.518539943509993,9.377922810749192,0,5.556998735071929,29.476633960464014,0,0.005797977245154225,0,0
2022,CDRRC Pasture 3,E,SPRING,2022-04-18,2022-04-18,1,32,0,0,0.006432144258720144,0.0017344533565074804,0,1.7462915887787047,7.146698290435269,0,0,0,0
2022,CDRRC Pasture 3,G,FALL,2022-10-25,2022-10-25,1,31,3.663588890450404,1.8131843458915498,4.259964667616744,9.064909898321556,0,5.649424543171619,5.720095235280523,0,0.20677963711951286,0,17.753922580645163
2022,CDRRC Pasture 3,G,SPRING,2022-04-18,2022-04-18,1,31,0.0019645373216432152,0,3.383252373602541e-4,0,0,1.8828777269265644,2.655333227017225,0,0,0,7.030432258064517
2022,CDRRC Pasture 3,S,FALL,2022-10-26,2022-10-26,1,32,1.3149167527777814,2.547870128546196,1.7715820599481171,15.102982550362398,0,3.960980143862337,52.382684767969565,0,0.0016565649271869216,0,0
2022,CDRRC Pasture 3,S,SPRING,2022-04-19,2022-04-19,1,32,0,0,0.003933030884312954,0,0,4.074698598525689,8.930579750515447,0,0,0,0
2022,JER Pasture 12A,E,FALL,2022-10-25,2022-10-25,1,31,0.8421476307597355,0.23951740298627572,0.4346353814460456,21.605092075403576,0,2.6046048218518503,53.90408599374773,0.10054509677419354,0,0,0
2022,JER Pasture 12A,E,SPRING,2022-04-20,2022-04-20,1,31,0,0,0.0065070888308023135,3.640091377415294,0,2.920656544546766,27.279791051404395,0.011171677419354839,0,0,0
2022,JER Pasture 12A,G,FALL,2022-10-25,2022-10-25,1,32,0.4262452968303078,1.0292335258192618,1.6941113197677689,38.59146105587897,0,3.9672485135294497,55.57428956627104,0,0,0,0
2022,JER Pasture 12A,G,SPRING,2022-04-20,2022-04-20,1,32,0,0,0.0055382663039228825,9.814002975378422,0,0.908957347008327,38.990094352237406,0,0,0,0
2022,JER Pasture 12A,S,FALL,2022-10-25,2022-10-25,1,25,1.5551828920461235,0,0.03475643386991788,11.777528505275795,0,0.04024015683597767,139.66453829588153,0,0,0,0
2022,JER Pasture 12A,S,SPRING,2022-04-20,2022-04-20,1,25,0,0,0,0.07007942876750164,0,0.11512183999162307,47.27238814440818,0,0,0,7.22568
2022,JER Pasture 9,E,FALL,2022-10-18,2022-10-18,1,32,0.03345951044674025,0.08339342525002272,1.244449950021254,38.94133282085492,0,1.9149612679077688,50.345343636677285,0,0,0,10.509346875
2022,JER Pasture 9,E,SPRING,2022-04-21,2022-04-21,1,32,0,0,0,7.481046514076495,0,1.2151324533690266,20.9741955464555,0,0,0,20.476975
2022,JER Pasture 9,G,FALL,2022-10-19,2022-10-19,1,32,0.7438274265200198,0.5290225766996476,3.538377729800001,55.22325258616996,0,0.1530875531803498,25.55714273852187,0,3.5226108649684625e-5,0,0.2688125
2022,JER Pasture 9,G,SPRING,2022-04-21,2022-04-21,1,32,0,0,0,8.413004752087021,0,0.05002682541429289,8.488452463682618,0,0,0,0.21505000000000002
2022,JER Pasture 9,S,FALL,2022-10-20,2022-10-20,1,32,0.003430658011182807,0.0054044353324265255,0.2981068388973385,11.967124467228446,0,1.930674532122457,64.29679800345761,0,0,0,49.55032187500001
2022,JER Pasture 9,S,SPRING,2022-04-21,2022-04-21,1,32,6.386394397120351e-5,0,2.0484535855796638e-4,1.0508389611026479,0,1.1782274182273351,27.493401739033132,0,0,0,9.358340625
2023,CDRRC Pasture 3,E,FALL,2023-10-24,2023-10-24,1,31,0.00798281653918262,0,2.145862106299281,4.345423520505373,0,13.609784680152774,28.568304821876435,0,0,0,0
2023,CDRRC Pasture 3,E,SPRING,2023-04-20,2023-04-20,1,32,0.5073034992636815,0,0.13360887354378947,0.5016291005543357,0,3.320232581419275,9.023669909681669,0,0,0,0
2023,CDRRC Pasture 3,G,FALL,2023-10-24,2023-10-24,1,32,0.06875834109041595,0,1.4507002198115264,0.8599121477703553,0,5.151831964792823,6.2651559168382835,0,0.007939601656621297,0,78.84753125
2023,CDRRC Pasture 3,G,SPRING,2023-04-20,2023-04-20,1,32,0.7892096228879549,0,0.3277206235381378,0.028776316071774513,0,2.6992616073263824,2.4024124930152446,0,0,0,0
2023,CDRRC Pasture 3,S,FALL,2023-10-24,2023-10-24,1,31,0.041521511164606076,0,1.5967372877385573,9.676225435403174,0,9.97434021933391,33.70728462630198,0,0,0,0
2023,CDRRC Pasture 3,S,SPRING,2023-04-20,2023-04-20,1,31,0.685428114656832,0,0.1272811020390953,0.33965312891782967,0,3.415728993025302,22.58334404320053,0,0.00393300576261153,0,0
2023,JER Pasture 12A,E,FALL,2023-10-06,2023-10-06,1,31,0.019345782623535042,0.018967532170308853,0.2319585806198049,4.463376660869051,0,1.4947324309783125,65.41092567246366,0,0,0,0
2023,JER Pasture 12A,E,SPRING,2023-04-17,2023-04-17,1,31,0.42175259940139337,0,0.05192311374013332,2.4336770550886246,0,1.2073175806945782,20.02675494046075,0,0,0,0
2023,JER Pasture 12A,G,FALL,2023-10-06,2023-10-06,1,32,0.028717320617229182,0.007467517415450596,0.51966428519092,11.061119945032345,0,2.8406441208143876,45.94834486263355,0,0,0,0
2023,JER Pasture 12A,G,SPRING,2023-04-17,2023-04-17,1,32,1.985957995466138,0,0.07476575177740774,4.455740484829658,0,1.3062849176528313,20.989629724908525,0,0.032634329065582356,0,0
2023,JER Pasture 12A,S,FALL,2023-10-05,2023-10-05,1,25,0.002316593487736905,0,0.019024644727765445,1.1870885798845123,0,0.5773587719944621,94.13668338396026,0,0,0,1.7250919999999998
2023,JER Pasture 12A,S,SPRING,2023-04-17,2023-04-17,1,25,0,0,0,0.33083037925464,0,0.48113230999538514,33.827034350715195,0,0,0,0.22678
2023,JER Pasture 9,E,FALL,2023-10-24,2023-10-24,1,32,0,0,0.09003366818439922,12.10250363363637,0,1.6064898482493637,53.02469289590306,0,0,0,41.1719625
2023,JER Pasture 9,E,SPRING,2023-04-18,2023-04-18,1,32,0.18631156459968784,0,0.03980498238766963,2.553463756381571,0,0.9774093529303977,19.227011915218775,0,0,0,4.8826125000000005
2023,JER Pasture 9,G,FALL,2023-10-24,2023-10-24,1,32,0.003712231736336017,0,0.48539106395089016,20.210229468621197,0,0.38271888295087453,28.195145777250687,0,0,0,0
2023,JER Pasture 9,G,SPRING,2023-04-17,2023-04-17,1,32,1.3292636562257782,0,0.013059004366326163,5.742137015007933,0,0.09649983262975623,8.60074781994358,0,0,0,0
2023,JER Pasture 9,S,FALL,2023-10-24,2023-10-24,1,31,0,0,0.10526653882923491,1.6580263871130867,0,1.9978983898928602,46.222238654700504,0,0,0,11.941896774193548
2023,JER Pasture 9,S,SPRING,2023-04-18,2023-04-18,1,31,0.36811964633472977,0,0.008669584207356513,1.1854739109063201,0,1.2010504881395292,32.85578977038453,0,0.005894612445809161,0,11.384406451612904
